orgId,user,userId,acct,refreshToken,clientId,groupId,ServiceDefinitionId,password,status
e345df99-cdbd-4b6a-b6c3-cc33ea2fc35c,stg_pune_user4@harakirimail.com,vmwareid:6e235fb3-2c61-4b70-a1b8-502bb77bd076,stg_pune_user4@harakirimail.com,Za0jdJq8WD0i-lLfUuNGlmEt1Rtu9Ynj_8AOdCz31PK0rmYSWhvT4oyI2tP-lslD,MNG6QTTCgHwkoWHnPTsDjj8TNQrViwEgHjc,65c96712-1e80-4c15-bb82-48f7cca12433,YQIuNVm1L4TkJS393ba_NqNt9-g_,Test@123,PASS
e345df99-cdbd-4b6a-b6c3-cc33ea2fc35c,stg_pune_user3@harakirimail.com,vmwareid:8abc1376-424f-4014-99aa-1cfd43226ba4,stg_pune_user3@harakirimail.com,VdLy6GZXAiPl9RWDtCM94SnIl8wPkVarcwlzrlQ4Kg-Zv3kI4IB-xmtyNgGvHWbU,MNG6QTTCgHwkoWHnPTsDjj8TNQrViwEgHjc,65c96712-1e80-4c15-bb82-48f7cca12433,YQIuNVm1L4TkJS393ba_NqNt9-g_,Test@123,PASS
e345df99-cdbd-4b6a-b6c3-cc33ea2fc35c,stg_pune_user6@harakirimail.com,vmwareid:cfb7b238-413a-4ba7-b0f0-a92e18c22ead,stg_pune_user6@harakirimail.com,tqzWp5OEHVQ-XdtNcm-_na2x8-WKzRQuPg9SGmNRL9fVb69QVKKJ6PASbP14MTCY,MNG6QTTCgHwkoWHnPTsDjj8TNQrViwEgHjc,65c96712-1e80-4c15-bb82-48f7cca12433,YQIuNVm1L4TkJS393ba_NqNt9-g_,Test@123,PASS
e345df99-cdbd-4b6a-b6c3-cc33ea2fc35c,stg_pune_user0@harakirimail.com,vmwareid:90b93496-a9bf-49ce-8814-171a8f5be281,stg_pune_user0@harakirimail.com,FVnZeXValmmxxbef407PdDpL1NIgskd7JncbmgCRx-kQ5IT1b8DGaU_JcBoevv5U,MNG6QTTCgHwkoWHnPTsDjj8TNQrViwEgHjc,65c96712-1e80-4c15-bb82-48f7cca12433,YQIuNVm1L4TkJS393ba_NqNt9-g_,Test@123,PASS
1ab87c24-fe9c-4043-84ff-e504d7365248,stg_pune_user22@harakirimail.com,vmwareid:3cb8557b-60c3-46e5-acef-83cca57c247e,stg_pune_user22@harakirimail.com,uVIuKd8jll1ps4cmbCu_7aMpK_ybCekfj3s44eusE3v7KhAt7t8qWWZm6bQJLWMn,PQ15myACnNOtoQGhtZAXtiOIFDLMAlEC7om,ac7cadc3-7e48-411d-a996-565d659d04fa,b05a285c-9685-4fff-b287-3e0fc2385651,Test@123,PASS
e345df99-cdbd-4b6a-b6c3-cc33ea2fc35c,stg_pune_user10@harakirimail.com,vmwareid:f2e6f2fe-4ad4-4728-8d1d-3a230c0b0564,stg_pune_user10@harakirimail.com,mDU1CCmr2PeSW8BjKz22g9NLIBxiaqk4jisEAx3soswF_G1UxL2YSzImFt8SdRMv,MNG6QTTCgHwkoWHnPTsDjj8TNQrViwEgHjc,65c96712-1e80-4c15-bb82-48f7cca12433,YQIuNVm1L4TkJS393ba_NqNt9-g_,Test@123,PASS
1ab87c24-fe9c-4043-84ff-e504d7365248,stg_pune_user24@harakirimail.com,vmwareid:9925d5c5-2b13-4ba8-9d7a-e13f6f76984f,stg_pune_user24@harakirimail.com,3fO1K88kJJnCgReHrEcHy5EprSRDoyUbsHB1SlAdv3IQzSM1qzRNZQK0sLN-imMy,PQ15myACnNOtoQGhtZAXtiOIFDLMAlEC7om,ac7cadc3-7e48-411d-a996-565d659d04fa,b05a285c-9685-4fff-b287-3e0fc2385651,Test@123,PASS
176f04d0-f51f-48c6-b4ca-39e42779a03e,stg_pune_user20@harakirimail.com,vmwareid:2de87ee5-a163-42c0-8850-e7e9f366e4a1,stg_pune_user20@harakirimail.com,_Nn0Ve0GnK20gDSROvKPXut-XAdFih6tMg_xWa_n9Oe-NTQfQJ21_jP66A2xIfvW,Ax4fPLJHe3HiM34uofIg4nPvjZfxHL2rf88,cfd229ec-5740-42da-b4cb-a19b4a514128,c49e3d0a-849e-4c00-aae4-063ae272df3b,Test@123,PASS
e345df99-cdbd-4b6a-b6c3-cc33ea2fc35c,stg_pune_user7@harakirimail.com,vmwareid:86fb484e-40b3-4450-9e54-a3a28df57955,stg_pune_user7@harakirimail.com,3Ja6eOjR5TCZMN4XYdWGELh_OuchxZ26qPGk1uRpvKdKNIahCkn_0rcx25HDoIXO,MNG6QTTCgHwkoWHnPTsDjj8TNQrViwEgHjc,65c96712-1e80-4c15-bb82-48f7cca12433,YQIuNVm1L4TkJS393ba_NqNt9-g_,Test@123,PASS
176f04d0-f51f-48c6-b4ca-39e42779a03e,stg_pune_user11@harakirimail.com,vmwareid:e4e343ac-e4c0-4c25-adaf-baed72f32fd3,stg_pune_user11@harakirimail.com,kLsChBDA9sEy99AAtoNIKHpTVgnHGVqWJRC7DGFGZmbi2GMvPTRi8DByvFdHzMiz,Ax4fPLJHe3HiM34uofIg4nPvjZfxHL2rf88,cfd229ec-5740-42da-b4cb-a19b4a514128,c49e3d0a-849e-4c00-aae4-063ae272df3b,Test@123,PASS
176f04d0-f51f-48c6-b4ca-39e42779a03e,stg_pune_user14@harakirimail.com,vmwareid:671b943c-3d68-4172-ac97-09b14605abe3,stg_pune_user14@harakirimail.com,OxfK7LTd6SOtldXB3QnUWSf637iQBQqA-LlYVkKShC1Jswx7ur82Ykw68XBkzE8-,Ax4fPLJHe3HiM34uofIg4nPvjZfxHL2rf88,cfd229ec-5740-42da-b4cb-a19b4a514128,c49e3d0a-849e-4c00-aae4-063ae272df3b,Test@123,PASS
e345df99-cdbd-4b6a-b6c3-cc33ea2fc35c,stg_pune_user8@harakirimail.com,vmwareid:3d03c4c9-de09-456b-bf6a-bfb7672ca633,stg_pune_user8@harakirimail.com,5vKPN1roU3JHpK1JJ7sBoqMQROI4qzvLu6vnDDDu60J4ZMHPiJaWmDLVVID98yqL,MNG6QTTCgHwkoWHnPTsDjj8TNQrViwEgHjc,65c96712-1e80-4c15-bb82-48f7cca12433,YQIuNVm1L4TkJS393ba_NqNt9-g_,Test@123,PASS
176f04d0-f51f-48c6-b4ca-39e42779a03e,stg_pune_user15@harakirimail.com,vmwareid:a7b45c6a-4253-4195-a2d4-4de0d182118a,stg_pune_user15@harakirimail.com,OrLMEdHmIzA_12qbmqjLnG1NUsibUSVp5bfYrsQU0K9X29Qh2Qv9wEM8vfuyUBez,Ax4fPLJHe3HiM34uofIg4nPvjZfxHL2rf88,cfd229ec-5740-42da-b4cb-a19b4a514128,c49e3d0a-849e-4c00-aae4-063ae272df3b,Test@123,PASS
176f04d0-f51f-48c6-b4ca-39e42779a03e,stg_pune_user17@harakirimail.com,vmwareid:417b87b2-f292-42a5-b777-712387b063bd,stg_pune_user17@harakirimail.com,K7JLitoSBw2eGcfsfMPq55azLt4B-gd58g8Wf4Do5l3H_HKeV9ZbGRo6_lAY89vG,Ax4fPLJHe3HiM34uofIg4nPvjZfxHL2rf88,cfd229ec-5740-42da-b4cb-a19b4a514128,c49e3d0a-849e-4c00-aae4-063ae272df3b,Test@123,PASS
176f04d0-f51f-48c6-b4ca-39e42779a03e,stg_pune_user19@harakirimail.com,vmwareid:04741d3f-1c22-4b97-9019-6f253ef7e746,stg_pune_user19@harakirimail.com,Yopz4FPg_kN0H2oSFpNplKbDayvo2xdKJ7Ydsz-8cC08POFJcNJoWMsHTsBDx15c,Ax4fPLJHe3HiM34uofIg4nPvjZfxHL2rf88,cfd229ec-5740-42da-b4cb-a19b4a514128,c49e3d0a-849e-4c00-aae4-063ae272df3b,Test@123,PASS
176f04d0-f51f-48c6-b4ca-39e42779a03e,stg_pune_user18@harakirimail.com,vmwareid:602e14e6-1962-4140-8e37-3a88b7241321,stg_pune_user18@harakirimail.com,5NylzmW3-rycLsEYJfq56hPjDbiYpuohYgcHZJqwe0V7YVoXcFw8hvn5XzBYMBWH,Ax4fPLJHe3HiM34uofIg4nPvjZfxHL2rf88,cfd229ec-5740-42da-b4cb-a19b4a514128,c49e3d0a-849e-4c00-aae4-063ae272df3b,Test@123,PASS
1ab87c24-fe9c-4043-84ff-e504d7365248,stg_pune_user23@harakirimail.com,vmwareid:0d21966f-7a92-4e59-92d6-2cfa349e9d5b,stg_pune_user23@harakirimail.com,ROieIstilpbJw-nYn4bdCo2Az4xmkJA9pR3YL8qysqH22bzHLBxaJWBDFnb3NJs3,PQ15myACnNOtoQGhtZAXtiOIFDLMAlEC7om,ac7cadc3-7e48-411d-a996-565d659d04fa,b05a285c-9685-4fff-b287-3e0fc2385651,Test@123,PASS
e345df99-cdbd-4b6a-b6c3-cc33ea2fc35c,stg_pune_user5@harakirimail.com,vmwareid:263bc7e4-e0da-4bdf-95e4-8cf7de99a0e5,stg_pune_user5@harakirimail.com,m1hRdGaEkmL9-i8WYg8UVuF4JUwfAkALPlX7HGD8AEi6N-vV80d_aWJpX89V_5_E,MNG6QTTCgHwkoWHnPTsDjj8TNQrViwEgHjc,65c96712-1e80-4c15-bb82-48f7cca12433,YQIuNVm1L4TkJS393ba_NqNt9-g_,Test@123,PASS
e345df99-cdbd-4b6a-b6c3-cc33ea2fc35c,stg_pune_user1@harakirimail.com,vmwareid:04950a47-dec8-41c3-b444-88fe07cfad6d,stg_pune_user1@harakirimail.com,VpA4BO1x_7OIylzughPgJl1kjip46KQT4lgF95xEDt2v3gJYVhLqbnpLnnmEoOBc,MNG6QTTCgHwkoWHnPTsDjj8TNQrViwEgHjc,65c96712-1e80-4c15-bb82-48f7cca12433,YQIuNVm1L4TkJS393ba_NqNt9-g_,Test@123,PASS
176f04d0-f51f-48c6-b4ca-39e42779a03e,stg_pune_user12@harakirimail.com,vmwareid:081bcd6f-15e4-4584-a826-e7ce875523fd,stg_pune_user12@harakirimail.com,p5kaME8Xlw3kGQhBC3bZq4kBOWEaFQu-gtEZBDMhHjaCCvHQaGutGCAwDTu0-mjp,Ax4fPLJHe3HiM34uofIg4nPvjZfxHL2rf88,cfd229ec-5740-42da-b4cb-a19b4a514128,c49e3d0a-849e-4c00-aae4-063ae272df3b,Test@123,PASS
e345df99-cdbd-4b6a-b6c3-cc33ea2fc35c,stg_pune_user9@harakirimail.com,vmwareid:d2a9c7a1-195d-4e7c-bcae-ff8a719b4162,stg_pune_user9@harakirimail.com,J6xGuJbGWlxKwmQT0F0Pw2IjntXg48t0eYbu-U8YxrDeizyXJjCmsUJ_e9ZXte6C,MNG6QTTCgHwkoWHnPTsDjj8TNQrViwEgHjc,65c96712-1e80-4c15-bb82-48f7cca12433,YQIuNVm1L4TkJS393ba_NqNt9-g_,Test@123,PASS
e345df99-cdbd-4b6a-b6c3-cc33ea2fc35c,stg_pune_user2@harakirimail.com,vmwareid:65999257-bd0e-46d4-9c77-64bb53b849d3,stg_pune_user2@harakirimail.com,OInN-7F-c_OprwFgOzhdl-Drug9-Ux77i6Sc9gLtV3VNoazj_YOeHfK0_zBB-Sts,MNG6QTTCgHwkoWHnPTsDjj8TNQrViwEgHjc,65c96712-1e80-4c15-bb82-48f7cca12433,YQIuNVm1L4TkJS393ba_NqNt9-g_,Test@123,PASS
176f04d0-f51f-48c6-b4ca-39e42779a03e,stg_pune_user13@harakirimail.com,vmwareid:8c01be04-c4ce-468a-970a-c4c8831f42ee,stg_pune_user13@harakirimail.com,Ekx6AlYOYqygP4hkrHCg8d62IkPadTxbzgRDBJKoFZL0WvPFL5YmMArF0PaS51r0,Ax4fPLJHe3HiM34uofIg4nPvjZfxHL2rf88,cfd229ec-5740-42da-b4cb-a19b4a514128,c49e3d0a-849e-4c00-aae4-063ae272df3b,Test@123,PASS
176f04d0-f51f-48c6-b4ca-39e42779a03e,stg_pune_user16@harakirimail.com,vmwareid:76483737-8d82-419b-9c59-0e133aada2ac,stg_pune_user16@harakirimail.com,8pGIj9OXzQCjUFFz4Jpsw4bF_L3cCXgPoe26UOkmrHJWd87Qn1vB-SfbqZ84TLRr,Ax4fPLJHe3HiM34uofIg4nPvjZfxHL2rf88,cfd229ec-5740-42da-b4cb-a19b4a514128,c49e3d0a-849e-4c00-aae4-063ae272df3b,Test@123,PASS
1ab87c24-fe9c-4043-84ff-e504d7365248,stg_pune_user27@harakirimail.com,vmwareid:19d7cbe9-9c14-489c-ad1e-c8b41aec1870,stg_pune_user27@harakirimail.com,hgtoSER1nd85UxPGTQJGhoZN06RbqnWuoUxYD7uOilko5_qmQl4RIHwRg7YCCL5z,PQ15myACnNOtoQGhtZAXtiOIFDLMAlEC7om,ac7cadc3-7e48-411d-a996-565d659d04fa,b05a285c-9685-4fff-b287-3e0fc2385651,Test@123,PASS
1ab87c24-fe9c-4043-84ff-e504d7365248,stg_pune_user26@harakirimail.com,vmwareid:e091a33b-a455-412f-9995-2eb2f294bcf5,stg_pune_user26@harakirimail.com,rKRVvrdYjQQinKMU2QyOnMNeZ75W79wpxU57QfqGpDB9M2CVIl8pPj28iGw9Yd_G,PQ15myACnNOtoQGhtZAXtiOIFDLMAlEC7om,ac7cadc3-7e48-411d-a996-565d659d04fa,b05a285c-9685-4fff-b287-3e0fc2385651,Test@123,PASS
1ab87c24-fe9c-4043-84ff-e504d7365248,stg_pune_user25@harakirimail.com,vmwareid:477a63c2-2dcd-4c0f-9bff-b4c133bd57b1,stg_pune_user25@harakirimail.com,OgGUqCI6hO44eDH4VB5PmlvXre6In9mTK0RsH55D-w_lGxnHnWWSkMCij-vLwqKl,PQ15myACnNOtoQGhtZAXtiOIFDLMAlEC7om,ac7cadc3-7e48-411d-a996-565d659d04fa,b05a285c-9685-4fff-b287-3e0fc2385651,Test@123,PASS
f6ad8be4-c657-4967-95b2-7e0e8f444d1a,stg_pune_user36@harakirimail.com,vmwareid:cdfe6d7e-9017-453f-bf14-6cdd40bf7554,stg_pune_user36@harakirimail.com,W9wFTt2zIY3L0ylbsxEfzMPohGVbRpiY1wf4ezvdftYJLqzHN6S-L6FLgtvFaoy8,u0JpOgBIElHKfQGayKbuNW0IYoWwNH0tdHZ,a520bbc5-d7d2-4536-ab92-25dfc93e9593,f6f73b20-7783-4154-857d-e6b5a40e6a16,Test@123,PASS
1ab87c24-fe9c-4043-84ff-e504d7365248,stg_pune_user30@harakirimail.com,vmwareid:0a5dc775-0209-40cc-8e55-2604bdb8bebc,stg_pune_user30@harakirimail.com,096zMrLvGPXkRy0xHVJfVtrOFTnK2Ta_dTKI4BE_pYMWYwWNIf7esqFBtzTI4lVk,PQ15myACnNOtoQGhtZAXtiOIFDLMAlEC7om,ac7cadc3-7e48-411d-a996-565d659d04fa,b05a285c-9685-4fff-b287-3e0fc2385651,Test@123,PASS
f6ad8be4-c657-4967-95b2-7e0e8f444d1a,stg_pune_user33@harakirimail.com,vmwareid:a6c71986-b2b1-4c22-aaec-f114883397e7,stg_pune_user33@harakirimail.com,nHGwcrBGTHVG7YH0UBVwHMZPWhoUmNbpb5gFykai-O5b5octQwE7iIR4UVfarkVz,u0JpOgBIElHKfQGayKbuNW0IYoWwNH0tdHZ,a520bbc5-d7d2-4536-ab92-25dfc93e9593,f6f73b20-7783-4154-857d-e6b5a40e6a16,Test@123,PASS
f6ad8be4-c657-4967-95b2-7e0e8f444d1a,stg_pune_user31@harakirimail.com,vmwareid:9e012da0-ce71-45ab-a60a-d369ae1935d2,stg_pune_user31@harakirimail.com,C8Kj1LqLPARD5YB8DYhDbcD3WSc9duoqDTQ1BxmocjgSC1ZZQ_dNvXm0qvpTczFj,u0JpOgBIElHKfQGayKbuNW0IYoWwNH0tdHZ,a520bbc5-d7d2-4536-ab92-25dfc93e9593,f6f73b20-7783-4154-857d-e6b5a40e6a16,Test@123,PASS
1ab87c24-fe9c-4043-84ff-e504d7365248,stg_pune_user29@harakirimail.com,vmwareid:5d8d4e54-a1e5-4330-adbd-4deec68d2e72,stg_pune_user29@harakirimail.com,COM-S7ZKVsFLSRzQpMlgJHuxjpixiMpL2vf3oHFgD-Cc-UHdd-0jEcT8ODMaYni1,PQ15myACnNOtoQGhtZAXtiOIFDLMAlEC7om,ac7cadc3-7e48-411d-a996-565d659d04fa,b05a285c-9685-4fff-b287-3e0fc2385651,Test@123,PASS
f6ad8be4-c657-4967-95b2-7e0e8f444d1a,stg_pune_user32@harakirimail.com,vmwareid:43a3eee4-bee1-4bb2-9078-3ec51e0a800b,stg_pune_user32@harakirimail.com,GD3Mq0BsHZm4qiAwvVCooQvOZRrd8h8e8KqVn0kZM4meLK4t1X3ea_NHKBmLbA15,u0JpOgBIElHKfQGayKbuNW0IYoWwNH0tdHZ,a520bbc5-d7d2-4536-ab92-25dfc93e9593,f6f73b20-7783-4154-857d-e6b5a40e6a16,Test@123,PASS
1ab87c24-fe9c-4043-84ff-e504d7365248,stg_pune_user28@harakirimail.com,vmwareid:d0e56437-e669-43ba-9284-b47892f67881,stg_pune_user28@harakirimail.com,fRqx7qqPxIxtOp1G7r96Pcoq-OpRa_4lN_xG9sia13vZTOwrHettUCfS1SUuFQNo,PQ15myACnNOtoQGhtZAXtiOIFDLMAlEC7om,ac7cadc3-7e48-411d-a996-565d659d04fa,b05a285c-9685-4fff-b287-3e0fc2385651,Test@123,PASS
f6ad8be4-c657-4967-95b2-7e0e8f444d1a,stg_pune_user37@harakirimail.com,vmwareid:1f0a3ef2-ad77-4547-ab24-c1a54fb0ff07,stg_pune_user37@harakirimail.com,KoAdqjevnl1p3PVayzk-BWQnytpI7DnF7HQhh0KMjj6dgsWcx0b8EJ0T0QcJdxRT,u0JpOgBIElHKfQGayKbuNW0IYoWwNH0tdHZ,a520bbc5-d7d2-4536-ab92-25dfc93e9593,f6f73b20-7783-4154-857d-e6b5a40e6a16,Test@123,PASS
f6ad8be4-c657-4967-95b2-7e0e8f444d1a,stg_pune_user34@harakirimail.com,vmwareid:d43fd10c-e401-45a8-b7fa-72c43d33b0b8,stg_pune_user34@harakirimail.com,srbCPN__K6ONO_aJUMLh-B2Jks6Ein-kndl81fwn02R3H3Nm5i91Pv9ybUKpzTsl,u0JpOgBIElHKfQGayKbuNW0IYoWwNH0tdHZ,a520bbc5-d7d2-4536-ab92-25dfc93e9593,f6f73b20-7783-4154-857d-e6b5a40e6a16,Test@123,PASS
f6ad8be4-c657-4967-95b2-7e0e8f444d1a,stg_pune_user40@harakirimail.com,vmwareid:e73a4048-f5e1-4e4d-8dc0-1fc5fcec04de,stg_pune_user40@harakirimail.com,WopqmWJswuyTT_XGNNa0ljsSZvwN8XHk-CQEaXvHBT8YZ8ipOogk8CYaAFqSxh1c,u0JpOgBIElHKfQGayKbuNW0IYoWwNH0tdHZ,a520bbc5-d7d2-4536-ab92-25dfc93e9593,f6f73b20-7783-4154-857d-e6b5a40e6a16,Test@123,PASS
f6ad8be4-c657-4967-95b2-7e0e8f444d1a,stg_pune_user38@harakirimail.com,vmwareid:f18428a2-8f58-4418-9a6f-92a00bf91f23,stg_pune_user38@harakirimail.com,nCH5z40D89ASNsCFsJKb_jI8O9CbTst8Q9wqmTVqk8rBdfFnV6LoM0sP4twQGa8m,u0JpOgBIElHKfQGayKbuNW0IYoWwNH0tdHZ,a520bbc5-d7d2-4536-ab92-25dfc93e9593,f6f73b20-7783-4154-857d-e6b5a40e6a16,Test@123,PASS
f6ad8be4-c657-4967-95b2-7e0e8f444d1a,stg_pune_user39@harakirimail.com,vmwareid:5e9a33c5-967a-4f37-86c5-7fa8713a2a4e,stg_pune_user39@harakirimail.com,BixvoaafOIRBZR5XL5t-jAJ6iGBkWFTjdD0y9GhzQrpFowWSMyYUekFO1nOSuSfV,u0JpOgBIElHKfQGayKbuNW0IYoWwNH0tdHZ,a520bbc5-d7d2-4536-ab92-25dfc93e9593,f6f73b20-7783-4154-857d-e6b5a40e6a16,Test@123,PASS
14a17534-2965-4978-9d50-7be28f3a44a3,stg_pune_user44@harakirimail.com,vmwareid:0a26c6df-475f-4b90-9b10-0e40dcf26eb7,stg_pune_user44@harakirimail.com,7yvfiKTBdeGrSOvfp4xnNlcbZ2-35Cu_orrgT_pFcGEGNSdxpQoTTE_6qxIBnJJi,USDqruiFzU1qs3DahNafgzSJkySjt0lCowp,f035dc3e-ae95-4a14-9529-608ecde58bf4,47bf0e26-4c88-4782-9c48-dc69bc70c5c6,Test@123,PASS
14a17534-2965-4978-9d50-7be28f3a44a3,stg_pune_user41@harakirimail.com,vmwareid:7dd33c9f-0a6c-41dc-bff3-244538c85e80,stg_pune_user41@harakirimail.com,R_UpcW7hg4eHxOjtC3MbjtUJFK6_rZOGJJjSl-g1Dfva7EdDTaO9luLlwa-gaqjF,USDqruiFzU1qs3DahNafgzSJkySjt0lCowp,f035dc3e-ae95-4a14-9529-608ecde58bf4,47bf0e26-4c88-4782-9c48-dc69bc70c5c6,Test@123,PASS
14a17534-2965-4978-9d50-7be28f3a44a3,stg_pune_user43@harakirimail.com,vmwareid:1ff93308-8b19-4ab9-990a-c56e9aa07f67,stg_pune_user43@harakirimail.com,s0CNcTaDj-TG0KhksnG_crTAfqoB9oLmBxsvrFWAAvUYhcKVwhe3bA5h-2sANCf0,USDqruiFzU1qs3DahNafgzSJkySjt0lCowp,f035dc3e-ae95-4a14-9529-608ecde58bf4,47bf0e26-4c88-4782-9c48-dc69bc70c5c6,Test@123,PASS
14a17534-2965-4978-9d50-7be28f3a44a3,stg_pune_user49@harakirimail.com,vmwareid:2d6169c1-aa22-4da4-baee-6685896d4c42,stg_pune_user49@harakirimail.com,YnG0f1fO9aGtlCxKlkUJGAFPpAOeRMyP5aPniZd4TgUYrnOm-GgXEp5Q0eRL5k25,USDqruiFzU1qs3DahNafgzSJkySjt0lCowp,f035dc3e-ae95-4a14-9529-608ecde58bf4,47bf0e26-4c88-4782-9c48-dc69bc70c5c6,Test@123,PASS
e345df99-cdbd-4b6a-b6c3-cc33ea2fc35c,cspperf_user20006@cspperf.com,00a291e5-e699-40a3-94ba-fc80b697f486:14728f0b-2bd8-4d85-839d-37b1e437be63,cspperf_user20006@cspperf.com,lxg1oMEf0cGHwmV7A3eINBNh_Bf38EJoPiQ51yNgdS7r612e20hMcrI4gpDifBte,MNG6QTTCgHwkoWHnPTsDjj8TNQrViwEgHjc,65c96712-1e80-4c15-bb82-48f7cca12433,YQIuNVm1L4TkJS393ba_NqNt9-g_,Test@123,PASS
e345df99-cdbd-4b6a-b6c3-cc33ea2fc35c,cspperf_user20003@cspperf.com,00a291e5-e699-40a3-94ba-fc80b697f486:617bdccc-3c14-4a1f-aa46-754b3d8651ba,cspperf_user20003@cspperf.com,Gt9OBnj7g2rDrbqOE3ZqkmF1D78LYigWxVDIeR4syfB9NkqSlfCyZVWrydYgmSwp,MNG6QTTCgHwkoWHnPTsDjj8TNQrViwEgHjc,65c96712-1e80-4c15-bb82-48f7cca12433,YQIuNVm1L4TkJS393ba_NqNt9-g_,Test@123,PASS
14a17534-2965-4978-9d50-7be28f3a44a3,stg_pune_user47@harakirimail.com,vmwareid:feab88ad-2c6a-4743-adfe-d1beb66a292b,stg_pune_user47@harakirimail.com,qzOQVb6s_NMYHyKUN4yQsHKrmHX0Zts2O8iejIyeYFlrXzxpMUqpIyHHxre2mSBt,USDqruiFzU1qs3DahNafgzSJkySjt0lCowp,f035dc3e-ae95-4a14-9529-608ecde58bf4,47bf0e26-4c88-4782-9c48-dc69bc70c5c6,Test@123,PASS
14a17534-2965-4978-9d50-7be28f3a44a3,stg_pune_user50@harakirimail.com,vmwareid:8cea959a-c5e9-4066-8dc8-a0a7fbec7fc4,stg_pune_user50@harakirimail.com,LkbEjZl0TFc_BTVj_LYL__7y96giGimJhUB8MoEXwfZHpRcl3ioPdbqgQrlRW9xV,USDqruiFzU1qs3DahNafgzSJkySjt0lCowp,f035dc3e-ae95-4a14-9529-608ecde58bf4,47bf0e26-4c88-4782-9c48-dc69bc70c5c6,Test@123,PASS
4a6b3f64-a745-463b-8c58-55fec2155143,stg_pune_user100@harakirimail.com,vmwareid:9628951f-8e4a-4311-83c6-89eed627f375,stg_pune_user100@harakirimail.com,6kJYw4oeGC--LOV8Dy6GCQw3wvDdxJwRFl0tCyP7y51hRkTaN_qqZGJfBweLrGNg,hZE0Bo0itTnqA0jSkV33CyPjesTTAyBeNrv,a062501e-d6c3-47e5-baee-eb6db3769d50,63cd4459-8222-4bbe-9add-bf7a276ad35f,Test@123,PASS
14a17534-2965-4978-9d50-7be28f3a44a3,stg_pune_user46@harakirimail.com,vmwareid:445d7d34-cb0a-41f7-b171-da35f6483dd1,stg_pune_user46@harakirimail.com,0wnfXm-vjHW7aUE3WbyqddFO1o1mlwCaJpNZmhpaobpaQStKusDAPvfyWJu8IGYa,USDqruiFzU1qs3DahNafgzSJkySjt0lCowp,f035dc3e-ae95-4a14-9529-608ecde58bf4,47bf0e26-4c88-4782-9c48-dc69bc70c5c6,Test@123,PASS
14a17534-2965-4978-9d50-7be28f3a44a3,stg_pune_user48@harakirimail.com,vmwareid:1ed313af-63b3-4fb7-a876-7208be0d5678,stg_pune_user48@harakirimail.com,nY1Do6k7VgejHDV54UWvMYd0YuzxgpPGTHYpu-n8z8yvDDqOBYp2pIcJANZ4Nto_,USDqruiFzU1qs3DahNafgzSJkySjt0lCowp,f035dc3e-ae95-4a14-9529-608ecde58bf4,47bf0e26-4c88-4782-9c48-dc69bc70c5c6,Test@123,PASS
14a17534-2965-4978-9d50-7be28f3a44a3,stg_pune_user42@harakirimail.com,vmwareid:f20c8ad6-0d2f-4238-9d56-52e2258ba1fe,stg_pune_user42@harakirimail.com,2vsj4a3BAMIYeypXAGehRA0-tDeXQz08QZWvlLCWR9KEBqs4D2CK79Tb8RFxk1cr,USDqruiFzU1qs3DahNafgzSJkySjt0lCowp,f035dc3e-ae95-4a14-9529-608ecde58bf4,47bf0e26-4c88-4782-9c48-dc69bc70c5c6,Test@123,PASS
e345df99-cdbd-4b6a-b6c3-cc33ea2fc35c,cspperf_user20011@cspperf.com,00a291e5-e699-40a3-94ba-fc80b697f486:e9c4f868-94e7-4a38-8f13-d0d1c586146a,cspperf_user20011@cspperf.com,GYQEAsq-FY31c65HETXOBH_cac6plafVGLUmaraDRVSMHB7l4VgDx8r8WaJqiwoY,MNG6QTTCgHwkoWHnPTsDjj8TNQrViwEgHjc,65c96712-1e80-4c15-bb82-48f7cca12433,YQIuNVm1L4TkJS393ba_NqNt9-g_,Test@123,PASS
e345df99-cdbd-4b6a-b6c3-cc33ea2fc35c,cspperf_user20007@cspperf.com,00a291e5-e699-40a3-94ba-fc80b697f486:f018bc89-7c19-40ea-a9ca-ca56ae467d66,cspperf_user20007@cspperf.com,E4yzx-iJeSiupmCJ8t4Gq4UMcCscoYewJE4Pf1XfmPVY1CeYtaoxyOOxGWKdYvSO,MNG6QTTCgHwkoWHnPTsDjj8TNQrViwEgHjc,65c96712-1e80-4c15-bb82-48f7cca12433,YQIuNVm1L4TkJS393ba_NqNt9-g_,Test@123,PASS
e345df99-cdbd-4b6a-b6c3-cc33ea2fc35c,cspperf_user20005@cspperf.com,00a291e5-e699-40a3-94ba-fc80b697f486:808816e6-3569-479b-bef1-a813938272d2,cspperf_user20005@cspperf.com,h9zRcS8I79Mo4fWqFSy07TPl3aH1b96ONbPY9QTuWnm-aPigaa6EVsSuMniIVAJ0,MNG6QTTCgHwkoWHnPTsDjj8TNQrViwEgHjc,65c96712-1e80-4c15-bb82-48f7cca12433,YQIuNVm1L4TkJS393ba_NqNt9-g_,Test@123,PASS
e345df99-cdbd-4b6a-b6c3-cc33ea2fc35c,cspperf_user20009@cspperf.com,00a291e5-e699-40a3-94ba-fc80b697f486:812ea818-0140-4871-b137-ee4db85b9067,cspperf_user20009@cspperf.com,sYLqy4c0kZ0ypudy_OCzpSLdr45LcnIcTRb2IV97OR_ogCMffRXyxBpE704CdLmA,MNG6QTTCgHwkoWHnPTsDjj8TNQrViwEgHjc,65c96712-1e80-4c15-bb82-48f7cca12433,YQIuNVm1L4TkJS393ba_NqNt9-g_,Test@123,PASS
e345df99-cdbd-4b6a-b6c3-cc33ea2fc35c,cspperf_user20002@cspperf.com,00a291e5-e699-40a3-94ba-fc80b697f486:e600565d-604a-4a60-920f-98e587f26167,cspperf_user20002@cspperf.com,NiMG6dC6uLSwqSntXDFhChUbAfvTs0PV6xDD2rKp-Iq5UBNmyZbSqtFazRGpLS9S,MNG6QTTCgHwkoWHnPTsDjj8TNQrViwEgHjc,65c96712-1e80-4c15-bb82-48f7cca12433,YQIuNVm1L4TkJS393ba_NqNt9-g_,Test@123,PASS
e345df99-cdbd-4b6a-b6c3-cc33ea2fc35c,cspperf_user20012@cspperf.com,00a291e5-e699-40a3-94ba-fc80b697f486:923e3a38-c86d-4999-afb1-548e2045a799,cspperf_user20012@cspperf.com,zLUfDfHL5RxR9mE4wXsc2IiOgGJpWmBvA1SfOZx5Hii98dIg6RM8P53DyxwXmI0T,MNG6QTTCgHwkoWHnPTsDjj8TNQrViwEgHjc,65c96712-1e80-4c15-bb82-48f7cca12433,YQIuNVm1L4TkJS393ba_NqNt9-g_,Test@123,PASS
e345df99-cdbd-4b6a-b6c3-cc33ea2fc35c,cspperf_user20015@cspperf.com,00a291e5-e699-40a3-94ba-fc80b697f486:8bba7658-cd2d-4e5d-8c44-d641fd3eea7b,cspperf_user20015@cspperf.com,VTo5BUOwWl96s0g_RKFhbwequ-VhjzumztyLzWJhYdaF_c7qWBWipYgu47-IVJPw,MNG6QTTCgHwkoWHnPTsDjj8TNQrViwEgHjc,65c96712-1e80-4c15-bb82-48f7cca12433,YQIuNVm1L4TkJS393ba_NqNt9-g_,Test@123,PASS
14a17534-2965-4978-9d50-7be28f3a44a3,stg_pune_user45@harakirimail.com,vmwareid:a04a4292-41b1-41e5-97d5-46895333ad60,stg_pune_user45@harakirimail.com,93IVfwNbx9CY_cuN3D5kVQwOnY6rgijKMcJgGL5k-kGwY3rDpLJJhYdwzlcq83eo,USDqruiFzU1qs3DahNafgzSJkySjt0lCowp,f035dc3e-ae95-4a14-9529-608ecde58bf4,47bf0e26-4c88-4782-9c48-dc69bc70c5c6,Test@123,PASS
e345df99-cdbd-4b6a-b6c3-cc33ea2fc35c,cspperf_user20013@cspperf.com,00a291e5-e699-40a3-94ba-fc80b697f486:ee07cd2a-dc36-4bc1-b3f1-4ec9c778f615,cspperf_user20013@cspperf.com,GTVj0hF1I0B6fU4XHmKZAOaz1Y4Y4pn1jOr0rAUZO3tPGx86gP6AO8NcCU0JkZbo,MNG6QTTCgHwkoWHnPTsDjj8TNQrViwEgHjc,65c96712-1e80-4c15-bb82-48f7cca12433,YQIuNVm1L4TkJS393ba_NqNt9-g_,Test@123,PASS
e345df99-cdbd-4b6a-b6c3-cc33ea2fc35c,cspperf_user20004@cspperf.com,00a291e5-e699-40a3-94ba-fc80b697f486:e6458eb9-3eea-48e1-806d-26c72e0b119e,cspperf_user20004@cspperf.com,Z9j5CIBHhwtzSQlMSP5OsEEbt0A76lt730VqHLSpSOjyD-5Gz_EdNYxRMxTKfDHY,MNG6QTTCgHwkoWHnPTsDjj8TNQrViwEgHjc,65c96712-1e80-4c15-bb82-48f7cca12433,YQIuNVm1L4TkJS393ba_NqNt9-g_,Test@123,PASS
e345df99-cdbd-4b6a-b6c3-cc33ea2fc35c,cspperf_user20008@cspperf.com,00a291e5-e699-40a3-94ba-fc80b697f486:4a41ab89-615d-4eaf-b19f-2ca1cd9381b9,cspperf_user20008@cspperf.com,HYfK7L9W2gmxPMgeyodpfCYiNldjS4pPCRAVQeC1CoxgFY1T4JWIonOMrR36T4mS,MNG6QTTCgHwkoWHnPTsDjj8TNQrViwEgHjc,65c96712-1e80-4c15-bb82-48f7cca12433,YQIuNVm1L4TkJS393ba_NqNt9-g_,Test@123,PASS
e345df99-cdbd-4b6a-b6c3-cc33ea2fc35c,cspperf_user20023@cspperf.com,00a291e5-e699-40a3-94ba-fc80b697f486:177a9503-d7be-4fbd-b0e2-b358ad42bbea,cspperf_user20023@cspperf.com,hcv55ufpHxVytHRkKu-NaH5FPtOrS1wjug29rNoKgNW1tUGuzIaeTRMbbbfbNq_-,MNG6QTTCgHwkoWHnPTsDjj8TNQrViwEgHjc,65c96712-1e80-4c15-bb82-48f7cca12433,YQIuNVm1L4TkJS393ba_NqNt9-g_,Test@123,PASS
e345df99-cdbd-4b6a-b6c3-cc33ea2fc35c,cspperf_user20014@cspperf.com,00a291e5-e699-40a3-94ba-fc80b697f486:93b90316-de26-4e75-91f3-7bccbd8f4c5a,cspperf_user20014@cspperf.com,CG3YG8-69nzaix0qfCoBkqN8DX3vQjxNtocp5wBFRtVbydoNGrwpC6y_7kXGfLOc,MNG6QTTCgHwkoWHnPTsDjj8TNQrViwEgHjc,65c96712-1e80-4c15-bb82-48f7cca12433,YQIuNVm1L4TkJS393ba_NqNt9-g_,Test@123,PASS
e345df99-cdbd-4b6a-b6c3-cc33ea2fc35c,cspperf_user20017@cspperf.com,00a291e5-e699-40a3-94ba-fc80b697f486:412c38dd-4449-4ce1-905b-3f74b16809bc,cspperf_user20017@cspperf.com,FzLzu3YEqVE7muPNLAn5OKs9u3aS_MBrVIbnzotsK0FMp_CfbdM_C44-4H7BLzlE,MNG6QTTCgHwkoWHnPTsDjj8TNQrViwEgHjc,65c96712-1e80-4c15-bb82-48f7cca12433,YQIuNVm1L4TkJS393ba_NqNt9-g_,Test@123,PASS
e345df99-cdbd-4b6a-b6c3-cc33ea2fc35c,cspperf_user20019@cspperf.com,00a291e5-e699-40a3-94ba-fc80b697f486:6b631039-8eb1-44f9-addd-7b0cbb3ebe52,cspperf_user20019@cspperf.com,4Xyo6njgW2na2X6QxlmMnz1py52hVmWMpGyZ-_5GkmbYy9xDMK8AKbrRa6NwIdO4,MNG6QTTCgHwkoWHnPTsDjj8TNQrViwEgHjc,65c96712-1e80-4c15-bb82-48f7cca12433,YQIuNVm1L4TkJS393ba_NqNt9-g_,Test@123,PASS
e345df99-cdbd-4b6a-b6c3-cc33ea2fc35c,cspperf_user20018@cspperf.com,00a291e5-e699-40a3-94ba-fc80b697f486:73bd3118-5305-437b-8398-aaa81169ca15,cspperf_user20018@cspperf.com,rwsn30DHyqUHLXlykEr9LnuZRx6O8AiLX__25BayIH--6o_1eUiC7IXHNtccA7EW,MNG6QTTCgHwkoWHnPTsDjj8TNQrViwEgHjc,65c96712-1e80-4c15-bb82-48f7cca12433,YQIuNVm1L4TkJS393ba_NqNt9-g_,Test@123,PASS
e345df99-cdbd-4b6a-b6c3-cc33ea2fc35c,cspperf_user20016@cspperf.com,00a291e5-e699-40a3-94ba-fc80b697f486:73359996-56ac-4d36-9f3d-0461430efc0d,cspperf_user20016@cspperf.com,G3I4xuKTFKnLS4xPpSEwsy34D4df7SW7Bet8J1DNvA6dbazl8lxBuEsJ5CHmGv3I,MNG6QTTCgHwkoWHnPTsDjj8TNQrViwEgHjc,65c96712-1e80-4c15-bb82-48f7cca12433,YQIuNVm1L4TkJS393ba_NqNt9-g_,Test@123,PASS
e345df99-cdbd-4b6a-b6c3-cc33ea2fc35c,cspperf_user20010@cspperf.com,00a291e5-e699-40a3-94ba-fc80b697f486:cd39f492-9f75-4a95-9210-909b881a3a12,cspperf_user20010@cspperf.com,Nxwx1tUxk1MGJFltrU1BnrgZu22Wev6_7EbVaRGIH9tHKmYYfmOcZWgKvcr2czhg,MNG6QTTCgHwkoWHnPTsDjj8TNQrViwEgHjc,65c96712-1e80-4c15-bb82-48f7cca12433,YQIuNVm1L4TkJS393ba_NqNt9-g_,Test@123,PASS
e345df99-cdbd-4b6a-b6c3-cc33ea2fc35c,cspperf_user20025@cspperf.com,00a291e5-e699-40a3-94ba-fc80b697f486:a8c136c6-0a33-479f-8912-ff02deec4123,cspperf_user20025@cspperf.com,=-ZqTNF4vxDrkpFHTrN4c8AYZ_4k6U7IsufXcZzrO-DZZzwUpG_wNfjEF8HpSTU7e,MNG6QTTCgHwkoWHnPTsDjj8TNQrViwEgHjc,65c96712-1e80-4c15-bb82-48f7cca12433,YQIuNVm1L4TkJS393ba_NqNt9-g_,Test@123,PASS
e345df99-cdbd-4b6a-b6c3-cc33ea2fc35c,cspperf_user20021@cspperf.com,00a291e5-e699-40a3-94ba-fc80b697f486:fef1663c-33b0-4bfc-a982-ce47ff182ec1,cspperf_user20021@cspperf.com,E0OhBdEyX6t1rAMz1I0hL3r84beh2plRd1VwVqxI7sYJFKDoCMCnCOvn1Iid2oaq,MNG6QTTCgHwkoWHnPTsDjj8TNQrViwEgHjc,65c96712-1e80-4c15-bb82-48f7cca12433,YQIuNVm1L4TkJS393ba_NqNt9-g_,Test@123,PASS
e345df99-cdbd-4b6a-b6c3-cc33ea2fc35c,cspperf_user20022@cspperf.com,00a291e5-e699-40a3-94ba-fc80b697f486:8c100551-8a2a-4cd2-8dc6-3c394005b16a,cspperf_user20022@cspperf.com,xxMvW8_VFAjtftmw5OiOAwsclMk5Scxo7AZMPKSA5c-QvzJi8wNUL9wbpALLn6pK,MNG6QTTCgHwkoWHnPTsDjj8TNQrViwEgHjc,65c96712-1e80-4c15-bb82-48f7cca12433,YQIuNVm1L4TkJS393ba_NqNt9-g_,Test@123,PASS
e345df99-cdbd-4b6a-b6c3-cc33ea2fc35c,cspperf_user20026@cspperf.com,00a291e5-e699-40a3-94ba-fc80b697f486:e1077c39-63ee-44ea-ac5d-f11ff0e75339,cspperf_user20026@cspperf.com,E28VAa1uVcmkJ9wOvKut81gthJSrZYJXNEVAu5B_C6izE_aYbTfqOynKM51gRsTJ,MNG6QTTCgHwkoWHnPTsDjj8TNQrViwEgHjc,65c96712-1e80-4c15-bb82-48f7cca12433,YQIuNVm1L4TkJS393ba_NqNt9-g_,Test@123,PASS
e345df99-cdbd-4b6a-b6c3-cc33ea2fc35c,cspperf_user20020@cspperf.com,00a291e5-e699-40a3-94ba-fc80b697f486:8ca1b33a-3fef-4925-8272-2c7e5a421c31,cspperf_user20020@cspperf.com,JJGcYkttjRgudpImjSh3LtahqW1F2uBCXbVUC-O9zLUEGKgHw-ANDGKJHRg5Nrsa,MNG6QTTCgHwkoWHnPTsDjj8TNQrViwEgHjc,65c96712-1e80-4c15-bb82-48f7cca12433,YQIuNVm1L4TkJS393ba_NqNt9-g_,Test@123,PASS
e345df99-cdbd-4b6a-b6c3-cc33ea2fc35c,cspperf_user20027@cspperf.com,00a291e5-e699-40a3-94ba-fc80b697f486:1df3ec4c-fa30-48df-a48d-a8027e3ab5e3,cspperf_user20027@cspperf.com,prflOdAVOH4nSVqGzXJ51VRqR2Ox_izfZ87MJTctWiF9awzJ9lfB4TS1PH-K_xyt,MNG6QTTCgHwkoWHnPTsDjj8TNQrViwEgHjc,65c96712-1e80-4c15-bb82-48f7cca12433,YQIuNVm1L4TkJS393ba_NqNt9-g_,Test@123,PASS
e345df99-cdbd-4b6a-b6c3-cc33ea2fc35c,cspperf_user20028@cspperf.com,00a291e5-e699-40a3-94ba-fc80b697f486:635dcc54-0444-4acf-88bf-976a2c9c4ec4,cspperf_user20028@cspperf.com,O6hQRGQmIeAw1pmK9YXOb7ivGHJQFjVFPWsxcvgM5MVLoTGmp--gTicg1o61i5MK,MNG6QTTCgHwkoWHnPTsDjj8TNQrViwEgHjc,65c96712-1e80-4c15-bb82-48f7cca12433,YQIuNVm1L4TkJS393ba_NqNt9-g_,Test@123,PASS
e345df99-cdbd-4b6a-b6c3-cc33ea2fc35c,cspperf_user20029@cspperf.com,00a291e5-e699-40a3-94ba-fc80b697f486:7f87b592-b79e-410f-8d1b-d3c6a8463114,cspperf_user20029@cspperf.com,tfSmKcdN5OD9UVD0va4cY2nDMAi4jRhFbBNwgwL_i1ve6bqijVv-NKUxwU293z7g,MNG6QTTCgHwkoWHnPTsDjj8TNQrViwEgHjc,65c96712-1e80-4c15-bb82-48f7cca12433,YQIuNVm1L4TkJS393ba_NqNt9-g_,Test@123,PASS
e345df99-cdbd-4b6a-b6c3-cc33ea2fc35c,cspperf_user20031@cspperf.com,00a291e5-e699-40a3-94ba-fc80b697f486:e54971c2-0313-4ae1-b0c7-ea3d07dc0017,cspperf_user20031@cspperf.com,-3TtU8zwCTNlW12RVUgKfsT2PDiz-QMamqtbJVzlCKMIsgAMS1z6wT6Tof_FS6zp,MNG6QTTCgHwkoWHnPTsDjj8TNQrViwEgHjc,65c96712-1e80-4c15-bb82-48f7cca12433,YQIuNVm1L4TkJS393ba_NqNt9-g_,Test@123,PASS
e345df99-cdbd-4b6a-b6c3-cc33ea2fc35c,cspperf_user20033@cspperf.com,00a291e5-e699-40a3-94ba-fc80b697f486:7e64cd58-be9f-464b-bc30-4bfcaa9b7dbd,cspperf_user20033@cspperf.com,qxjlkXyGaVCuOGcJ_nL1U2362R2ghKdBR0u_n7PS098qmu6v059mBoTi_nOMAB2L,MNG6QTTCgHwkoWHnPTsDjj8TNQrViwEgHjc,65c96712-1e80-4c15-bb82-48f7cca12433,YQIuNVm1L4TkJS393ba_NqNt9-g_,Test@123,PASS
e345df99-cdbd-4b6a-b6c3-cc33ea2fc35c,cspperf_user20024@cspperf.com,00a291e5-e699-40a3-94ba-fc80b697f486:42576b69-0deb-4619-bdd3-8554de592fac,cspperf_user20024@cspperf.com,Jch8Eh7cmBFpl27xbXRxmerh1REqtrLpjRmPm6CEycVlrcjJyrdeO0DZLmhfdqZJ,MNG6QTTCgHwkoWHnPTsDjj8TNQrViwEgHjc,65c96712-1e80-4c15-bb82-48f7cca12433,YQIuNVm1L4TkJS393ba_NqNt9-g_,Test@123,PASS
e345df99-cdbd-4b6a-b6c3-cc33ea2fc35c,cspperf_user20030@cspperf.com,00a291e5-e699-40a3-94ba-fc80b697f486:18d2003f-edf9-41ed-92d1-6ffaf5983f34,cspperf_user20030@cspperf.com,wu0Xtg_u8C5k1vXEz08LsrE5zF6taJHVJw-dyevcQYquBKoLfZfeQECfPTjBZYo5,MNG6QTTCgHwkoWHnPTsDjj8TNQrViwEgHjc,65c96712-1e80-4c15-bb82-48f7cca12433,YQIuNVm1L4TkJS393ba_NqNt9-g_,Test@123,PASS
e345df99-cdbd-4b6a-b6c3-cc33ea2fc35c,cspperf_user20037@cspperf.com,00a291e5-e699-40a3-94ba-fc80b697f486:7279582c-0d36-4faf-9579-566613e67ad4,cspperf_user20037@cspperf.com,HKPpONVe5tUWD-oOV6tyQMN2MnYJaHBvOR-is8YFRT3tQ4-0XweMiGExvQznTD2M,MNG6QTTCgHwkoWHnPTsDjj8TNQrViwEgHjc,65c96712-1e80-4c15-bb82-48f7cca12433,YQIuNVm1L4TkJS393ba_NqNt9-g_,Test@123,PASS
e345df99-cdbd-4b6a-b6c3-cc33ea2fc35c,cspperf_user20034@cspperf.com,00a291e5-e699-40a3-94ba-fc80b697f486:d5d4764a-287e-43e9-b39d-0831dd4311f5,cspperf_user20034@cspperf.com,Pa9nR7wPjlPIQP3JHqhw9zGy0O0ZeBUtSSzQ0iYG3Iilc6Kn1YG3Z5VvtarlsU4U,MNG6QTTCgHwkoWHnPTsDjj8TNQrViwEgHjc,65c96712-1e80-4c15-bb82-48f7cca12433,YQIuNVm1L4TkJS393ba_NqNt9-g_,Test@123,PASS
e345df99-cdbd-4b6a-b6c3-cc33ea2fc35c,cspperf_user20042@cspperf.com,00a291e5-e699-40a3-94ba-fc80b697f486:a789092e-43a0-4778-a0c0-edd42f5542a5,cspperf_user20042@cspperf.com,=-VQ4ifJzsPaSXQxFxESyNgrQ6yCT2McW-ySyGef__ppKh9C8l3ppaSCdiAQY983H,MNG6QTTCgHwkoWHnPTsDjj8TNQrViwEgHjc,65c96712-1e80-4c15-bb82-48f7cca12433,YQIuNVm1L4TkJS393ba_NqNt9-g_,Test@123,PASS
e345df99-cdbd-4b6a-b6c3-cc33ea2fc35c,cspperf_user20036@cspperf.com,00a291e5-e699-40a3-94ba-fc80b697f486:ceadfcf4-5000-4db5-99ea-a4ed976b7a0a,cspperf_user20036@cspperf.com,2w71TtlbQCFHG9u4fADmZt35xcQ52E-dojcFY0ptleH1BHxw7bxQowOvb939z3bW,MNG6QTTCgHwkoWHnPTsDjj8TNQrViwEgHjc,65c96712-1e80-4c15-bb82-48f7cca12433,YQIuNVm1L4TkJS393ba_NqNt9-g_,Test@123,PASS
e345df99-cdbd-4b6a-b6c3-cc33ea2fc35c,cspperf_user20035@cspperf.com,00a291e5-e699-40a3-94ba-fc80b697f486:85a17e6d-8a7a-4c10-becc-ea01ef6297e1,cspperf_user20035@cspperf.com,4CV1_LuAVP1GlmaSBPDYQ1Zr_OdvLoBMtvVHku6qxH2jLouKUmU2uE-fVOX7ceh9,MNG6QTTCgHwkoWHnPTsDjj8TNQrViwEgHjc,65c96712-1e80-4c15-bb82-48f7cca12433,YQIuNVm1L4TkJS393ba_NqNt9-g_,Test@123,PASS
e345df99-cdbd-4b6a-b6c3-cc33ea2fc35c,cspperf_user20043@cspperf.com,00a291e5-e699-40a3-94ba-fc80b697f486:d56abb61-ee6a-47b2-bf87-009063e51eb8,cspperf_user20043@cspperf.com,DbKlJMlIniKPZtOQn22TlBE6iuvHyvjIPx6-bTdm8fpkZkn8z2DjxvnPST3NXZrJ,MNG6QTTCgHwkoWHnPTsDjj8TNQrViwEgHjc,65c96712-1e80-4c15-bb82-48f7cca12433,YQIuNVm1L4TkJS393ba_NqNt9-g_,Test@123,PASS
e345df99-cdbd-4b6a-b6c3-cc33ea2fc35c,cspperf_user20032@cspperf.com,00a291e5-e699-40a3-94ba-fc80b697f486:500047cf-6690-4e13-962d-1e6efac07ca0,cspperf_user20032@cspperf.com,qk8gxBWUZs7MKsdE8FMgB-zpB1oDI-K988Z1yvDeJ3lnN8xelbNfppOKdziQrnPf,MNG6QTTCgHwkoWHnPTsDjj8TNQrViwEgHjc,65c96712-1e80-4c15-bb82-48f7cca12433,YQIuNVm1L4TkJS393ba_NqNt9-g_,Test@123,PASS
e345df99-cdbd-4b6a-b6c3-cc33ea2fc35c,cspperf_user20050@cspperf.com,00a291e5-e699-40a3-94ba-fc80b697f486:7001ec19-6158-4dcc-9980-6784992254af,cspperf_user20050@cspperf.com,vgTsXulMj12NxuskUjAQjdpVRY1tjQkLXR30srdLLoijEjZcBS06ZJkGzGNhjcsq,MNG6QTTCgHwkoWHnPTsDjj8TNQrViwEgHjc,65c96712-1e80-4c15-bb82-48f7cca12433,YQIuNVm1L4TkJS393ba_NqNt9-g_,Test@123,PASS
e345df99-cdbd-4b6a-b6c3-cc33ea2fc35c,cspperf_user20045@cspperf.com,00a291e5-e699-40a3-94ba-fc80b697f486:614826b1-8db9-4560-8a82-aeb14608cf90,cspperf_user20045@cspperf.com,pjJ8OxnO5aMa2E3oybZq7KDropJebE_CHHrQzZ39wn0Sk-1U0ENdbQsYmLyN3M4R,MNG6QTTCgHwkoWHnPTsDjj8TNQrViwEgHjc,65c96712-1e80-4c15-bb82-48f7cca12433,YQIuNVm1L4TkJS393ba_NqNt9-g_,Test@123,PASS
e345df99-cdbd-4b6a-b6c3-cc33ea2fc35c,cspperf_user20046@cspperf.com,00a291e5-e699-40a3-94ba-fc80b697f486:fa362487-50ce-4524-9c81-69071dc8b5c2,cspperf_user20046@cspperf.com,D3auLQg6EO8bF_YQe9Kcl1UPS7PS_mgqd5NnCR6MX2hBlwJI7i_PtYFvDxpWToks,MNG6QTTCgHwkoWHnPTsDjj8TNQrViwEgHjc,65c96712-1e80-4c15-bb82-48f7cca12433,YQIuNVm1L4TkJS393ba_NqNt9-g_,Test@123,PASS
e345df99-cdbd-4b6a-b6c3-cc33ea2fc35c,cspperf_user20051@cspperf.com,00a291e5-e699-40a3-94ba-fc80b697f486:5ec1d3a4-c230-46ad-95a0-3ff67210219b,cspperf_user20051@cspperf.com,IDo7DNcZ6z4lJKw2STVwqqHOEg6p_v_xnIKqmXT2detwfrGrJNgFqg9RIKqizx8J,MNG6QTTCgHwkoWHnPTsDjj8TNQrViwEgHjc,65c96712-1e80-4c15-bb82-48f7cca12433,YQIuNVm1L4TkJS393ba_NqNt9-g_,Test@123,PASS
e345df99-cdbd-4b6a-b6c3-cc33ea2fc35c,cspperf_user20044@cspperf.com,00a291e5-e699-40a3-94ba-fc80b697f486:050115bd-d549-40cd-b901-d0615406f008,cspperf_user20044@cspperf.com,JCkmWdkU03xXay74NxwYmxap6NYLEZRA1MsZwIQSbBPudSBymBXtJicza5XVu1LS,MNG6QTTCgHwkoWHnPTsDjj8TNQrViwEgHjc,65c96712-1e80-4c15-bb82-48f7cca12433,YQIuNVm1L4TkJS393ba_NqNt9-g_,Test@123,PASS
e345df99-cdbd-4b6a-b6c3-cc33ea2fc35c,cspperf_user20049@cspperf.com,00a291e5-e699-40a3-94ba-fc80b697f486:9715c191-218e-4161-a87e-4f91f5e16cc2,cspperf_user20049@cspperf.com,v8nz4YXcNGz6me496I3Gsa1MiN2eeUqYacgvClUSO2qL2O-JwWPbDJXYCCD468FV,MNG6QTTCgHwkoWHnPTsDjj8TNQrViwEgHjc,65c96712-1e80-4c15-bb82-48f7cca12433,YQIuNVm1L4TkJS393ba_NqNt9-g_,Test@123,PASS
176f04d0-f51f-48c6-b4ca-39e42779a03e,cspperf_user20052@cspperf.com,00a291e5-e699-40a3-94ba-fc80b697f486:7078ee40-1c55-4a88-97b0-a61512bf9065,cspperf_user20052@cspperf.com,XUrgt286u0oNeF746MsmYhg2VDrJ2r4gmX9wh93Z3_iCPV24eLBhyOFLemJhFkfP,Ax4fPLJHe3HiM34uofIg4nPvjZfxHL2rf88,cfd229ec-5740-42da-b4cb-a19b4a514128,c49e3d0a-849e-4c00-aae4-063ae272df3b,Test@123,PASS
e345df99-cdbd-4b6a-b6c3-cc33ea2fc35c,cspperf_user20048@cspperf.com,00a291e5-e699-40a3-94ba-fc80b697f486:4476307a-3a5c-4438-b89b-806444220142,cspperf_user20048@cspperf.com,5TPBljxeseaCz9XSyYa20_cKroMhzNf0Untu_uJZdHTFRLzV6bk89nIc6nfiAgEK,MNG6QTTCgHwkoWHnPTsDjj8TNQrViwEgHjc,65c96712-1e80-4c15-bb82-48f7cca12433,YQIuNVm1L4TkJS393ba_NqNt9-g_,Test@123,PASS
176f04d0-f51f-48c6-b4ca-39e42779a03e,cspperf_user20053@cspperf.com,00a291e5-e699-40a3-94ba-fc80b697f486:ab14c594-2fc9-4ba2-8e37-6226cc4e2c9c,cspperf_user20053@cspperf.com,BfKxB_h8sXT4s-POoZMIWm5N8CsQyJy5nD7pzkzLKX3Gi3YgUIg08BlYqkN2F3VD,Ax4fPLJHe3HiM34uofIg4nPvjZfxHL2rf88,cfd229ec-5740-42da-b4cb-a19b4a514128,c49e3d0a-849e-4c00-aae4-063ae272df3b,Test@123,PASS
e345df99-cdbd-4b6a-b6c3-cc33ea2fc35c,cspperf_user20040@cspperf.com,00a291e5-e699-40a3-94ba-fc80b697f486:41eecfea-ecd2-4818-8072-284bb97d4430,cspperf_user20040@cspperf.com,JCEqnWcZOD6gukvZIXxrF49r3esf8EZDTul56u1sT79hmVuYiyCl1M4xtEsAv5Qe,MNG6QTTCgHwkoWHnPTsDjj8TNQrViwEgHjc,65c96712-1e80-4c15-bb82-48f7cca12433,YQIuNVm1L4TkJS393ba_NqNt9-g_,Test@123,PASS
e345df99-cdbd-4b6a-b6c3-cc33ea2fc35c,cspperf_user20047@cspperf.com,00a291e5-e699-40a3-94ba-fc80b697f486:e0b40389-0822-4f7e-a3d9-312a529c6134,cspperf_user20047@cspperf.com,9yKPvGqu-n8-xEkz6DnbbPycBruW-y3wlGy6PKoqcsXxv5Ve2CpQwq626TgJn2ms,MNG6QTTCgHwkoWHnPTsDjj8TNQrViwEgHjc,65c96712-1e80-4c15-bb82-48f7cca12433,YQIuNVm1L4TkJS393ba_NqNt9-g_,Test@123,PASS
e345df99-cdbd-4b6a-b6c3-cc33ea2fc35c,cspperf_user20038@cspperf.com,00a291e5-e699-40a3-94ba-fc80b697f486:59647135-38ea-4432-ac19-d902d384914a,cspperf_user20038@cspperf.com,r0se7PF1Vf4ASrWGejpCeNxuSlMILTeBYkFO-41q4VUYuIQ2TmSFhR9ddKU680Ze,MNG6QTTCgHwkoWHnPTsDjj8TNQrViwEgHjc,65c96712-1e80-4c15-bb82-48f7cca12433,YQIuNVm1L4TkJS393ba_NqNt9-g_,Test@123,PASS
e345df99-cdbd-4b6a-b6c3-cc33ea2fc35c,cspperf_user20039@cspperf.com,00a291e5-e699-40a3-94ba-fc80b697f486:79dd46ee-5265-439a-ad32-68bd689efa8b,cspperf_user20039@cspperf.com,RSSyHzA82nJ11DZ95esu0EyRmaaXXgmJtRQvQftvuPXUwcOxlDPpRbCCmWRkCSPN,MNG6QTTCgHwkoWHnPTsDjj8TNQrViwEgHjc,65c96712-1e80-4c15-bb82-48f7cca12433,YQIuNVm1L4TkJS393ba_NqNt9-g_,Test@123,PASS
e345df99-cdbd-4b6a-b6c3-cc33ea2fc35c,cspperf_user20041@cspperf.com,00a291e5-e699-40a3-94ba-fc80b697f486:90464b81-146d-4c68-96c5-edb651a1363b,cspperf_user20041@cspperf.com,d53jHJZpyvnS1rCPU2mW96mN0OUXlYoZMSJQuxVajNfk9PWVSLS4rbtaqukJGley,MNG6QTTCgHwkoWHnPTsDjj8TNQrViwEgHjc,65c96712-1e80-4c15-bb82-48f7cca12433,YQIuNVm1L4TkJS393ba_NqNt9-g_,Test@123,PASS
176f04d0-f51f-48c6-b4ca-39e42779a03e,cspperf_user20054@cspperf.com,00a291e5-e699-40a3-94ba-fc80b697f486:b0e96065-6423-4caf-9cbe-8d11ea0b44d5,cspperf_user20054@cspperf.com,aLPyGd1TzCujZRqq9uqZ1B2hsXazAQFStm4g0mhSDFBKIGvxmkd6q_DS2uRF344-,Ax4fPLJHe3HiM34uofIg4nPvjZfxHL2rf88,cfd229ec-5740-42da-b4cb-a19b4a514128,c49e3d0a-849e-4c00-aae4-063ae272df3b,Test@123,PASS
176f04d0-f51f-48c6-b4ca-39e42779a03e,cspperf_user20057@cspperf.com,00a291e5-e699-40a3-94ba-fc80b697f486:76d085ab-70a3-48f3-a201-34e4ee0117c1,cspperf_user20057@cspperf.com,6d9xjQO0ZNcHcbFpm7U3s2FS6KPhziTLOukfojLhRju_Ry8f_xcP55p2uRklgqoa,Ax4fPLJHe3HiM34uofIg4nPvjZfxHL2rf88,cfd229ec-5740-42da-b4cb-a19b4a514128,c49e3d0a-849e-4c00-aae4-063ae272df3b,Test@123,PASS
176f04d0-f51f-48c6-b4ca-39e42779a03e,cspperf_user20055@cspperf.com,00a291e5-e699-40a3-94ba-fc80b697f486:51d2de1e-c85f-463b-bc49-c493370a368e,cspperf_user20055@cspperf.com,xf2xp6OFYwTihUtP3m8E_OjJ7dansPzy1RkQI8d43CmO6ibgRyy4vRBxBUsaNBn6,Ax4fPLJHe3HiM34uofIg4nPvjZfxHL2rf88,cfd229ec-5740-42da-b4cb-a19b4a514128,c49e3d0a-849e-4c00-aae4-063ae272df3b,Test@123,PASS
176f04d0-f51f-48c6-b4ca-39e42779a03e,cspperf_user20058@cspperf.com,00a291e5-e699-40a3-94ba-fc80b697f486:7a5d06a6-0ecb-4fcd-9fd4-08e5d2b2c01b,cspperf_user20058@cspperf.com,IpPqfseVvgxesQtLMQ16XNXe7aleEL7UWDhIiU85sHxwEBJJZvCWDAck4CuPKWnI,Ax4fPLJHe3HiM34uofIg4nPvjZfxHL2rf88,cfd229ec-5740-42da-b4cb-a19b4a514128,c49e3d0a-849e-4c00-aae4-063ae272df3b,Test@123,PASS
176f04d0-f51f-48c6-b4ca-39e42779a03e,cspperf_user20064@cspperf.com,00a291e5-e699-40a3-94ba-fc80b697f486:712cce72-1925-4e58-b6a3-c2d41ca035c0,cspperf_user20064@cspperf.com,8pVTYHUUxNB36KWB9XFoaJGmWI0vX1WhD6pqZ3KbjPg_-hR1P5RMiYdxBAcpzYB6,Ax4fPLJHe3HiM34uofIg4nPvjZfxHL2rf88,cfd229ec-5740-42da-b4cb-a19b4a514128,c49e3d0a-849e-4c00-aae4-063ae272df3b,Test@123,PASS
176f04d0-f51f-48c6-b4ca-39e42779a03e,cspperf_user20059@cspperf.com,00a291e5-e699-40a3-94ba-fc80b697f486:c957b11d-771a-42ea-a489-3d553f2d1b94,cspperf_user20059@cspperf.com,i_xTyyMm8SOJGcc2FA7I5CBKh9vWgxwHfDt9TbNJxbvQ1hNz8Uka_0xNdRpwVKkC,Ax4fPLJHe3HiM34uofIg4nPvjZfxHL2rf88,cfd229ec-5740-42da-b4cb-a19b4a514128,c49e3d0a-849e-4c00-aae4-063ae272df3b,Test@123,PASS
176f04d0-f51f-48c6-b4ca-39e42779a03e,cspperf_user20056@cspperf.com,00a291e5-e699-40a3-94ba-fc80b697f486:f96fbd76-0f9a-4ebe-87b4-5930a8ae9cd1,cspperf_user20056@cspperf.com,0hfNdbS_aoqvepoLgxxdvOC-zjYh14mxhAbfPWAmnTmF0nTatpO3qbkcICIeg9G4,Ax4fPLJHe3HiM34uofIg4nPvjZfxHL2rf88,cfd229ec-5740-42da-b4cb-a19b4a514128,c49e3d0a-849e-4c00-aae4-063ae272df3b,Test@123,PASS
176f04d0-f51f-48c6-b4ca-39e42779a03e,cspperf_user20060@cspperf.com,00a291e5-e699-40a3-94ba-fc80b697f486:0fd7da76-542d-4710-8a56-380b665110ac,cspperf_user20060@cspperf.com,On22TR3AzfosWzny1kvzlrLqIhUGElrty6NSrrnoF2gidC36qtj2a03Vl-szVHK-,Ax4fPLJHe3HiM34uofIg4nPvjZfxHL2rf88,cfd229ec-5740-42da-b4cb-a19b4a514128,c49e3d0a-849e-4c00-aae4-063ae272df3b,Test@123,PASS
176f04d0-f51f-48c6-b4ca-39e42779a03e,cspperf_user20062@cspperf.com,00a291e5-e699-40a3-94ba-fc80b697f486:83a5b277-4d3c-427d-9cf3-ade6d96e80ff,cspperf_user20062@cspperf.com,QbAyS_uTNJ9dWvAQWAGvmKExLFMPNZIz30JHnXu7R2fVK7xsUAuOjUX_I-af9oS4,Ax4fPLJHe3HiM34uofIg4nPvjZfxHL2rf88,cfd229ec-5740-42da-b4cb-a19b4a514128,c49e3d0a-849e-4c00-aae4-063ae272df3b,Test@123,PASS
176f04d0-f51f-48c6-b4ca-39e42779a03e,cspperf_user20063@cspperf.com,00a291e5-e699-40a3-94ba-fc80b697f486:76b7c515-67fb-424a-b567-9185fd4ab784,cspperf_user20063@cspperf.com,YlwQg6EagD7mYt6oiT1OK2-xDjZW5wxGLiCyp-dwfACEDU9JkTkojd53Nsi-qBox,Ax4fPLJHe3HiM34uofIg4nPvjZfxHL2rf88,cfd229ec-5740-42da-b4cb-a19b4a514128,c49e3d0a-849e-4c00-aae4-063ae272df3b,Test@123,PASS
176f04d0-f51f-48c6-b4ca-39e42779a03e,cspperf_user20065@cspperf.com,00a291e5-e699-40a3-94ba-fc80b697f486:e5f6562f-8a44-40f7-9090-acc20542cf7f,cspperf_user20065@cspperf.com,OR-toKnj-P5JF1gOM2H0fa-3Z0GlgcLIVBXkRvHOTYV0djaiDZC6TzgLw1jN-9KY,Ax4fPLJHe3HiM34uofIg4nPvjZfxHL2rf88,cfd229ec-5740-42da-b4cb-a19b4a514128,c49e3d0a-849e-4c00-aae4-063ae272df3b,Test@123,PASS
176f04d0-f51f-48c6-b4ca-39e42779a03e,cspperf_user20061@cspperf.com,00a291e5-e699-40a3-94ba-fc80b697f486:69480701-87ad-40d7-86dc-bac927196ac3,cspperf_user20061@cspperf.com,k9grGtXl5L0IOjW3NomW9SvPPOB9PFGYq-DKCFkiC9Bc70Yc55wr3SQXoCFDvLsU,Ax4fPLJHe3HiM34uofIg4nPvjZfxHL2rf88,cfd229ec-5740-42da-b4cb-a19b4a514128,c49e3d0a-849e-4c00-aae4-063ae272df3b,Test@123,PASS
176f04d0-f51f-48c6-b4ca-39e42779a03e,cspperf_user20068@cspperf.com,00a291e5-e699-40a3-94ba-fc80b697f486:1eb87564-788e-4d43-9b4d-0ee40506722a,cspperf_user20068@cspperf.com,Y6YLdLgqXtG8F_beMk25RpKBwGRfNjixgD6oOVHXE0MXHdPrlnKy8teP1z1T-67v,Ax4fPLJHe3HiM34uofIg4nPvjZfxHL2rf88,cfd229ec-5740-42da-b4cb-a19b4a514128,c49e3d0a-849e-4c00-aae4-063ae272df3b,Test@123,PASS
176f04d0-f51f-48c6-b4ca-39e42779a03e,cspperf_user20067@cspperf.com,00a291e5-e699-40a3-94ba-fc80b697f486:ca6677fe-9951-47a4-a400-9b5746580033,cspperf_user20067@cspperf.com,LLfS49r7dSSCOnJmVkenWEdsRpIZm42H7k2IPLIF4TT0TSkfX5K3uDsTngYOt-Em,Ax4fPLJHe3HiM34uofIg4nPvjZfxHL2rf88,cfd229ec-5740-42da-b4cb-a19b4a514128,c49e3d0a-849e-4c00-aae4-063ae272df3b,Test@123,PASS
176f04d0-f51f-48c6-b4ca-39e42779a03e,cspperf_user20066@cspperf.com,00a291e5-e699-40a3-94ba-fc80b697f486:277f6c8f-1429-4463-8029-ed2bc4092bc2,cspperf_user20066@cspperf.com,ZbktsKT-Yu3ZJvM9QUraFyCtka88rjKurTT5DSB5ELoFRWxCXvh3q1EWuuzWXPmS,Ax4fPLJHe3HiM34uofIg4nPvjZfxHL2rf88,cfd229ec-5740-42da-b4cb-a19b4a514128,c49e3d0a-849e-4c00-aae4-063ae272df3b,Test@123,PASS
176f04d0-f51f-48c6-b4ca-39e42779a03e,cspperf_user20069@cspperf.com,00a291e5-e699-40a3-94ba-fc80b697f486:02dfe0dd-6dac-472f-a19b-638bf2c0dd73,cspperf_user20069@cspperf.com,wo7uPZv6B5b3lEdMw6VBTLgF9RfMak-Mv_d8lQQ4S0WEhoSo5NMsvL_DlOJi-6-Z,Ax4fPLJHe3HiM34uofIg4nPvjZfxHL2rf88,cfd229ec-5740-42da-b4cb-a19b4a514128,c49e3d0a-849e-4c00-aae4-063ae272df3b,Test@123,PASS
176f04d0-f51f-48c6-b4ca-39e42779a03e,cspperf_user20070@cspperf.com,00a291e5-e699-40a3-94ba-fc80b697f486:9f496aa4-6f99-4ca4-b202-5aeecefd3601,cspperf_user20070@cspperf.com,CYpKJIcoW46M1X3OpIrLuBNOSKhC7vsJ4LkllHoMWmhqirLSeLYxndlZBLCj0se8,Ax4fPLJHe3HiM34uofIg4nPvjZfxHL2rf88,cfd229ec-5740-42da-b4cb-a19b4a514128,c49e3d0a-849e-4c00-aae4-063ae272df3b,Test@123,PASS
176f04d0-f51f-48c6-b4ca-39e42779a03e,cspperf_user20072@cspperf.com,00a291e5-e699-40a3-94ba-fc80b697f486:37ff5a3e-9578-4d93-9ad9-76fac2018805,cspperf_user20072@cspperf.com,94wjkb9TVLg-f2AkrF59YPfD9_bIMRdUVThmyxW7f8_3uN1FIutlx1nHDyAsnsN6,Ax4fPLJHe3HiM34uofIg4nPvjZfxHL2rf88,cfd229ec-5740-42da-b4cb-a19b4a514128,c49e3d0a-849e-4c00-aae4-063ae272df3b,Test@123,PASS
176f04d0-f51f-48c6-b4ca-39e42779a03e,cspperf_user20073@cspperf.com,00a291e5-e699-40a3-94ba-fc80b697f486:09343852-fe62-4b7b-bdce-3ef71f22e6e5,cspperf_user20073@cspperf.com,IIhLAatlK5KAGAUYQuZB3nA05RaWFco3X1euxOFKcNPgkpeeER96BNisibuGifKu,Ax4fPLJHe3HiM34uofIg4nPvjZfxHL2rf88,cfd229ec-5740-42da-b4cb-a19b4a514128,c49e3d0a-849e-4c00-aae4-063ae272df3b,Test@123,PASS
176f04d0-f51f-48c6-b4ca-39e42779a03e,cspperf_user20071@cspperf.com,00a291e5-e699-40a3-94ba-fc80b697f486:62b4419e-1aba-42b3-974f-6b90c9cb87d0,cspperf_user20071@cspperf.com,n3EGLRHTXrjXV-3IVH5WAewOba9RSqGBSaGIU29jhMsswzwIrmRZ7po-Na6Tac1p,Ax4fPLJHe3HiM34uofIg4nPvjZfxHL2rf88,cfd229ec-5740-42da-b4cb-a19b4a514128,c49e3d0a-849e-4c00-aae4-063ae272df3b,Test@123,PASS
176f04d0-f51f-48c6-b4ca-39e42779a03e,cspperf_user20074@cspperf.com,00a291e5-e699-40a3-94ba-fc80b697f486:a96e8144-2b8d-472b-83f5-d115fbaab038,cspperf_user20074@cspperf.com,JfupIhLLCTepLazVmtSK32ABNT7ai5SBJptvmtK37y5cR8AtGdFE2fdl55SrjdWS,Ax4fPLJHe3HiM34uofIg4nPvjZfxHL2rf88,cfd229ec-5740-42da-b4cb-a19b4a514128,c49e3d0a-849e-4c00-aae4-063ae272df3b,Test@123,PASS
176f04d0-f51f-48c6-b4ca-39e42779a03e,cspperf_user20075@cspperf.com,00a291e5-e699-40a3-94ba-fc80b697f486:6fee90c0-e549-4eeb-85a8-2a62c22c3d8a,cspperf_user20075@cspperf.com,aJml4WJb5YgrX5IPC5n3RT0LFcihyWXbBeszDz53VtZ9B9U2MPfkJTzUPK_LVHCV,Ax4fPLJHe3HiM34uofIg4nPvjZfxHL2rf88,cfd229ec-5740-42da-b4cb-a19b4a514128,c49e3d0a-849e-4c00-aae4-063ae272df3b,Test@123,PASS
176f04d0-f51f-48c6-b4ca-39e42779a03e,cspperf_user20076@cspperf.com,00a291e5-e699-40a3-94ba-fc80b697f486:6a540b84-b5c4-4468-9641-d6d8b5d8a1fa,cspperf_user20076@cspperf.com,fJxoVDh0KtTS3fZ5GWD4HAGtMNlLi-DkpxDWcop-mG1kzef0oHUHh0uyvzngAs55,Ax4fPLJHe3HiM34uofIg4nPvjZfxHL2rf88,cfd229ec-5740-42da-b4cb-a19b4a514128,c49e3d0a-849e-4c00-aae4-063ae272df3b,Test@123,PASS
176f04d0-f51f-48c6-b4ca-39e42779a03e,cspperf_user20081@cspperf.com,00a291e5-e699-40a3-94ba-fc80b697f486:d87b790e-8f9c-4efb-b424-58db0128cd17,cspperf_user20081@cspperf.com,xhG2tM_WocUH2wptq-vPvXEGS4s6gqbog3e-3lZA3r6UWyOtLIKwz2O9IqozYQ_C,Ax4fPLJHe3HiM34uofIg4nPvjZfxHL2rf88,cfd229ec-5740-42da-b4cb-a19b4a514128,c49e3d0a-849e-4c00-aae4-063ae272df3b,Test@123,PASS
176f04d0-f51f-48c6-b4ca-39e42779a03e,cspperf_user20077@cspperf.com,00a291e5-e699-40a3-94ba-fc80b697f486:a48b8f14-55ab-4c9a-84a6-b8e9bc9f2bcf,cspperf_user20077@cspperf.com,UJTApqDzKBRe_CeZgGJRj8DUp8WepUGtnTaOsaL6LZL6B5RtNm3MlhqC37FJzQmb,Ax4fPLJHe3HiM34uofIg4nPvjZfxHL2rf88,cfd229ec-5740-42da-b4cb-a19b4a514128,c49e3d0a-849e-4c00-aae4-063ae272df3b,Test@123,PASS
176f04d0-f51f-48c6-b4ca-39e42779a03e,cspperf_user20078@cspperf.com,00a291e5-e699-40a3-94ba-fc80b697f486:6a38f22c-6748-41a0-a516-06893b8d289d,cspperf_user20078@cspperf.com,Z1XhNmEp80EY2WQKxmvzQ4XBIFgPVvBOs_4mSUxrxlZbAKiAnruwteS6NLGeU_m5,Ax4fPLJHe3HiM34uofIg4nPvjZfxHL2rf88,cfd229ec-5740-42da-b4cb-a19b4a514128,c49e3d0a-849e-4c00-aae4-063ae272df3b,Test@123,PASS
176f04d0-f51f-48c6-b4ca-39e42779a03e,cspperf_user20083@cspperf.com,00a291e5-e699-40a3-94ba-fc80b697f486:6f8cf7ff-1779-47a1-be80-c0c3cb776fea,cspperf_user20083@cspperf.com,K-YJ8R4mERNK5BURjU2hzoL7s3lfxAY6ylHjObM46Aac6CLufyKNosntfIa9VvFl,Ax4fPLJHe3HiM34uofIg4nPvjZfxHL2rf88,cfd229ec-5740-42da-b4cb-a19b4a514128,c49e3d0a-849e-4c00-aae4-063ae272df3b,Test@123,PASS
176f04d0-f51f-48c6-b4ca-39e42779a03e,cspperf_user20079@cspperf.com,00a291e5-e699-40a3-94ba-fc80b697f486:b3a4bcd1-4c90-480f-92e9-320ae5db1891,cspperf_user20079@cspperf.com,xBW-xgs-FCHelUiP5-9ixEo5Sl6uDAOBqr8pzZEUC1x5VDgNfqKwaxcSQ0TW9PnK,Ax4fPLJHe3HiM34uofIg4nPvjZfxHL2rf88,cfd229ec-5740-42da-b4cb-a19b4a514128,c49e3d0a-849e-4c00-aae4-063ae272df3b,Test@123,PASS
176f04d0-f51f-48c6-b4ca-39e42779a03e,cspperf_user20086@cspperf.com,00a291e5-e699-40a3-94ba-fc80b697f486:0390be9b-24be-43d5-a602-0d152249c943,cspperf_user20086@cspperf.com,_3A2n8_gxr2lhn3a8bQfqoNA-o-Ib9gGLdx5JFWcxLYMuHEuFyZoohFGqh5pfBid,Ax4fPLJHe3HiM34uofIg4nPvjZfxHL2rf88,cfd229ec-5740-42da-b4cb-a19b4a514128,c49e3d0a-849e-4c00-aae4-063ae272df3b,Test@123,PASS
176f04d0-f51f-48c6-b4ca-39e42779a03e,cspperf_user20089@cspperf.com,00a291e5-e699-40a3-94ba-fc80b697f486:5bccc650-851b-4f59-95d0-b7d193cc8447,cspperf_user20089@cspperf.com,umz0vJcHk4EtvzsnBZ0PEW9dkzvlBNZmB3ShNWsSrVCitnYjqOevCBi_lVCJo0_o,Ax4fPLJHe3HiM34uofIg4nPvjZfxHL2rf88,cfd229ec-5740-42da-b4cb-a19b4a514128,c49e3d0a-849e-4c00-aae4-063ae272df3b,Test@123,PASS
176f04d0-f51f-48c6-b4ca-39e42779a03e,cspperf_user20082@cspperf.com,00a291e5-e699-40a3-94ba-fc80b697f486:ba26e70c-e4e6-4025-a3ba-a41feb382cb2,cspperf_user20082@cspperf.com,xDAFpNJ1F-q08n1Mc_1WX1mxddBWDrP56pBfPRXudJ-va1tjdvzfnAmB6nhtSdV3,Ax4fPLJHe3HiM34uofIg4nPvjZfxHL2rf88,cfd229ec-5740-42da-b4cb-a19b4a514128,c49e3d0a-849e-4c00-aae4-063ae272df3b,Test@123,PASS
176f04d0-f51f-48c6-b4ca-39e42779a03e,cspperf_user20085@cspperf.com,00a291e5-e699-40a3-94ba-fc80b697f486:8ca2dd98-1506-41cd-a327-f8027dc28d3d,cspperf_user20085@cspperf.com,ASUt-NPgJLtK1hQgMwUSqD93qSePct-1EdQ6aXEIx9Sny1gDVwosZ5a_cFs1IOb-,Ax4fPLJHe3HiM34uofIg4nPvjZfxHL2rf88,cfd229ec-5740-42da-b4cb-a19b4a514128,c49e3d0a-849e-4c00-aae4-063ae272df3b,Test@123,PASS
176f04d0-f51f-48c6-b4ca-39e42779a03e,cspperf_user20080@cspperf.com,00a291e5-e699-40a3-94ba-fc80b697f486:8cc661ed-fc6c-4d25-be8f-bff1b2c4b6a0,cspperf_user20080@cspperf.com,Cf-QstoOnaivDiZRcEs_3fH9gnorsisQubAd8vhDKK8uZg9qv8kHYcYQCojpfPQf,Ax4fPLJHe3HiM34uofIg4nPvjZfxHL2rf88,cfd229ec-5740-42da-b4cb-a19b4a514128,c49e3d0a-849e-4c00-aae4-063ae272df3b,Test@123,PASS
176f04d0-f51f-48c6-b4ca-39e42779a03e,cspperf_user20091@cspperf.com,00a291e5-e699-40a3-94ba-fc80b697f486:123cf7d2-0dd5-41d8-901b-0cb6b10b1846,cspperf_user20091@cspperf.com,1YeKKqlRS1xWg2gLrgu2r4_cEXwe8LoqqaSpPNJ0DJTnEYUf9yY5YnJguVx7JZkq,Ax4fPLJHe3HiM34uofIg4nPvjZfxHL2rf88,cfd229ec-5740-42da-b4cb-a19b4a514128,c49e3d0a-849e-4c00-aae4-063ae272df3b,Test@123,PASS
176f04d0-f51f-48c6-b4ca-39e42779a03e,cspperf_user20090@cspperf.com,00a291e5-e699-40a3-94ba-fc80b697f486:402da46d-92f0-4fbd-b8ee-9c26efa7903c,cspperf_user20090@cspperf.com,S-COj7bMpo4QCAZ7bzEDJp5vaTX83VXzGC929VzjY1rfd2iSTQJZ7OwAl2gbDbwm,Ax4fPLJHe3HiM34uofIg4nPvjZfxHL2rf88,cfd229ec-5740-42da-b4cb-a19b4a514128,c49e3d0a-849e-4c00-aae4-063ae272df3b,Test@123,PASS
176f04d0-f51f-48c6-b4ca-39e42779a03e,cspperf_user20088@cspperf.com,00a291e5-e699-40a3-94ba-fc80b697f486:ad2e7cb6-19ee-487c-a636-cda256ed1183,cspperf_user20088@cspperf.com,TX33CawFqIKN-_6IL27cyptqr7iDWXy-jMbNIaB1avjDY8oK4f8p3r48ohaZGZ5k,Ax4fPLJHe3HiM34uofIg4nPvjZfxHL2rf88,cfd229ec-5740-42da-b4cb-a19b4a514128,c49e3d0a-849e-4c00-aae4-063ae272df3b,Test@123,PASS
176f04d0-f51f-48c6-b4ca-39e42779a03e,cspperf_user20084@cspperf.com,00a291e5-e699-40a3-94ba-fc80b697f486:2d5532d2-1ed3-458a-8eff-f9f6a4e4b072,cspperf_user20084@cspperf.com,bBtyAsayvg2MEgLy6j8_LBP2XPX3XmutFGfaKDixTn9HUzOZKZYFU6nJy6qn1TVN,Ax4fPLJHe3HiM34uofIg4nPvjZfxHL2rf88,cfd229ec-5740-42da-b4cb-a19b4a514128,c49e3d0a-849e-4c00-aae4-063ae272df3b,Test@123,PASS
176f04d0-f51f-48c6-b4ca-39e42779a03e,cspperf_user20087@cspperf.com,00a291e5-e699-40a3-94ba-fc80b697f486:6dcaf4e5-10a8-4ff6-a0fe-72038e7b5a0d,cspperf_user20087@cspperf.com,2GbEZyuEo5q_tHlHcp7IaFDRYZZF_qqG2-YgR0au41oyLkHafLzWGsWEZaRx_YtD,Ax4fPLJHe3HiM34uofIg4nPvjZfxHL2rf88,cfd229ec-5740-42da-b4cb-a19b4a514128,c49e3d0a-849e-4c00-aae4-063ae272df3b,Test@123,PASS
176f04d0-f51f-48c6-b4ca-39e42779a03e,cspperf_user20092@cspperf.com,00a291e5-e699-40a3-94ba-fc80b697f486:2fcf19a2-52f5-494d-9119-853f877b582e,cspperf_user20092@cspperf.com,lpyWBPiVTXF0zZVQ7i5OvdPWayGl6OmCEcCqkgzSnNTMk3P5s6LLseGLsWG5GumS,Ax4fPLJHe3HiM34uofIg4nPvjZfxHL2rf88,cfd229ec-5740-42da-b4cb-a19b4a514128,c49e3d0a-849e-4c00-aae4-063ae272df3b,Test@123,PASS
176f04d0-f51f-48c6-b4ca-39e42779a03e,cspperf_user20093@cspperf.com,00a291e5-e699-40a3-94ba-fc80b697f486:b156b82d-b4f5-43b9-98aa-48551230ff14,cspperf_user20093@cspperf.com,H7WY92IDJW5g3IJzLJlubFaqFX9eSYbti2vWrzI26MhuJC8H9LR6Oh-n3akjTHOw,Ax4fPLJHe3HiM34uofIg4nPvjZfxHL2rf88,cfd229ec-5740-42da-b4cb-a19b4a514128,c49e3d0a-849e-4c00-aae4-063ae272df3b,Test@123,PASS
176f04d0-f51f-48c6-b4ca-39e42779a03e,cspperf_user20095@cspperf.com,00a291e5-e699-40a3-94ba-fc80b697f486:40740f4c-f9d0-445e-82f8-a20feea7705f,cspperf_user20095@cspperf.com,upOuacnt05wWiWj0pAcnUmt5Sdn8aUoq6ti7PEzqXwwrdFU_Cnla6d37460sDYBo,Ax4fPLJHe3HiM34uofIg4nPvjZfxHL2rf88,cfd229ec-5740-42da-b4cb-a19b4a514128,c49e3d0a-849e-4c00-aae4-063ae272df3b,Test@123,PASS
176f04d0-f51f-48c6-b4ca-39e42779a03e,cspperf_user20094@cspperf.com,00a291e5-e699-40a3-94ba-fc80b697f486:1308d8d5-cd76-4e91-bf56-47556bca9dd8,cspperf_user20094@cspperf.com,SlSpKEqpGtbE0F8qrL3vWuk7b2anvZHkXCYL7gNrwc61s1IfV37Mhy0bofKBXCrG,Ax4fPLJHe3HiM34uofIg4nPvjZfxHL2rf88,cfd229ec-5740-42da-b4cb-a19b4a514128,c49e3d0a-849e-4c00-aae4-063ae272df3b,Test@123,PASS
176f04d0-f51f-48c6-b4ca-39e42779a03e,cspperf_user20096@cspperf.com,00a291e5-e699-40a3-94ba-fc80b697f486:5f015e4e-6afb-4e59-9c13-7bda750bb63b,cspperf_user20096@cspperf.com,KjZQ8Qa7P0vdx2Q2e9b5sBfgw1tAI9VXgG9WrPb85xdwneHOJf801SjgDvHbuZxQ,Ax4fPLJHe3HiM34uofIg4nPvjZfxHL2rf88,cfd229ec-5740-42da-b4cb-a19b4a514128,c49e3d0a-849e-4c00-aae4-063ae272df3b,Test@123,PASS
176f04d0-f51f-48c6-b4ca-39e42779a03e,cspperf_user20097@cspperf.com,00a291e5-e699-40a3-94ba-fc80b697f486:b991a317-2d82-44f3-8795-4515bc932052,cspperf_user20097@cspperf.com,Hsigoe2Ltut_ru7qF-fq6i84vPovyNGiEPPHTgVrcmvqsLCBRwh-bTDu7IP8e9PL,Ax4fPLJHe3HiM34uofIg4nPvjZfxHL2rf88,cfd229ec-5740-42da-b4cb-a19b4a514128,c49e3d0a-849e-4c00-aae4-063ae272df3b,Test@123,PASS
176f04d0-f51f-48c6-b4ca-39e42779a03e,cspperf_user20098@cspperf.com,00a291e5-e699-40a3-94ba-fc80b697f486:166ec6ee-b16c-435b-9aa1-550d78795a91,cspperf_user20098@cspperf.com,LHYff1CPnx0FYjeX1-7reiXAv5yCnqwEEeJox3wV0IXJYAEuJPRFcnGzT21crhgP,Ax4fPLJHe3HiM34uofIg4nPvjZfxHL2rf88,cfd229ec-5740-42da-b4cb-a19b4a514128,c49e3d0a-849e-4c00-aae4-063ae272df3b,Test@123,PASS
176f04d0-f51f-48c6-b4ca-39e42779a03e,cspperf_user20100@cspperf.com,00a291e5-e699-40a3-94ba-fc80b697f486:31ae458e-c1e6-4eca-ac8f-d30b6afa10b7,cspperf_user20100@cspperf.com,-9miqX8d3ncxYZW5Cd_40jLSfyftmjKb_B8rbNmvve6dvn-TQpVAR9j4jLgBPYtx,Ax4fPLJHe3HiM34uofIg4nPvjZfxHL2rf88,cfd229ec-5740-42da-b4cb-a19b4a514128,c49e3d0a-849e-4c00-aae4-063ae272df3b,Test@123,PASS
176f04d0-f51f-48c6-b4ca-39e42779a03e,cspperf_user20099@cspperf.com,00a291e5-e699-40a3-94ba-fc80b697f486:42edb6ec-ce4a-4d0f-b616-109d25fb337a,cspperf_user20099@cspperf.com,syIZl4aMdKAP-69n70nsjm-tdumKOge3KS1jrwE0oVEQ-4EZewR_LfqZCAQePYoa,Ax4fPLJHe3HiM34uofIg4nPvjZfxHL2rf88,cfd229ec-5740-42da-b4cb-a19b4a514128,c49e3d0a-849e-4c00-aae4-063ae272df3b,Test@123,PASS
176f04d0-f51f-48c6-b4ca-39e42779a03e,cspperf_user20101@cspperf.com,00a291e5-e699-40a3-94ba-fc80b697f486:df8d178a-b0c8-4a6d-80b6-147563deee1c,cspperf_user20101@cspperf.com,hG_iIl3czLTOw_7KE3LEdjYcrJwGLf_MmWQ2YQ3-HayOlxDlLNtXKRi1j2Xj1Ktf,Ax4fPLJHe3HiM34uofIg4nPvjZfxHL2rf88,cfd229ec-5740-42da-b4cb-a19b4a514128,c49e3d0a-849e-4c00-aae4-063ae272df3b,Test@123,PASS
176f04d0-f51f-48c6-b4ca-39e42779a03e,cspperf_user20102@cspperf.com,00a291e5-e699-40a3-94ba-fc80b697f486:6896be78-4f7c-41d8-a8bd-504c311f7a6d,cspperf_user20102@cspperf.com,zOw4Q6lTgud_mrbawW8uOALaAE5ooDt6X_gkQVmQZJx4l4lsmpkPTTCgeNmgk-4W,Ax4fPLJHe3HiM34uofIg4nPvjZfxHL2rf88,cfd229ec-5740-42da-b4cb-a19b4a514128,c49e3d0a-849e-4c00-aae4-063ae272df3b,Test@123,PASS
1ab87c24-fe9c-4043-84ff-e504d7365248,cspperf_user20108@cspperf.com,00a291e5-e699-40a3-94ba-fc80b697f486:75505654-923f-41f5-87b9-f006f0f5071a,cspperf_user20108@cspperf.com,kSa5D8X093jA_BKf5c7xm89aHwlrOZNhjuL4KXeIAJd3F5AxBD7KkDdgCCMHYlY_,PQ15myACnNOtoQGhtZAXtiOIFDLMAlEC7om,ac7cadc3-7e48-411d-a996-565d659d04fa,b05a285c-9685-4fff-b287-3e0fc2385651,Test@123,PASS
1ab87c24-fe9c-4043-84ff-e504d7365248,cspperf_user20104@cspperf.com,00a291e5-e699-40a3-94ba-fc80b697f486:26349596-4b69-41fd-85cc-6fee96a795ba,cspperf_user20104@cspperf.com,jDcEebp5Fxd_GMwFLLsPG-ZjIqC0166m6HMm6tbIYjBXIJI7B3IK-n_EYfRSoIHr,PQ15myACnNOtoQGhtZAXtiOIFDLMAlEC7om,ac7cadc3-7e48-411d-a996-565d659d04fa,b05a285c-9685-4fff-b287-3e0fc2385651,Test@123,PASS
1ab87c24-fe9c-4043-84ff-e504d7365248,cspperf_user20105@cspperf.com,00a291e5-e699-40a3-94ba-fc80b697f486:8eae141b-1b1f-4a6c-afc5-15e6b1c51b5a,cspperf_user20105@cspperf.com,uFapggSM4FgysOeIGGFuANDUJKTlcL7FR6AziChpkKbqruH5bGryl_eErevZC_O0,PQ15myACnNOtoQGhtZAXtiOIFDLMAlEC7om,ac7cadc3-7e48-411d-a996-565d659d04fa,b05a285c-9685-4fff-b287-3e0fc2385651,Test@123,PASS
1ab87c24-fe9c-4043-84ff-e504d7365248,cspperf_user20107@cspperf.com,00a291e5-e699-40a3-94ba-fc80b697f486:4d5363b3-7432-49b9-b63a-9655c04f6349,cspperf_user20107@cspperf.com,MPxhmnVUD_khN1KA8_31Zqc1qydb0gW8PWy549BJta9KfpUwyx-7Y36EqFX5YR5Y,PQ15myACnNOtoQGhtZAXtiOIFDLMAlEC7om,ac7cadc3-7e48-411d-a996-565d659d04fa,b05a285c-9685-4fff-b287-3e0fc2385651,Test@123,PASS
1ab87c24-fe9c-4043-84ff-e504d7365248,cspperf_user20109@cspperf.com,00a291e5-e699-40a3-94ba-fc80b697f486:e8f310dd-fe9f-4728-84c4-2ec2e9f863ef,cspperf_user20109@cspperf.com,aKKeurHxLSUiKuw2e-VYMCOu6n1lCwDL5VDcr_ccDzLye1SV__OU-Ps-fUlFP6lC,PQ15myACnNOtoQGhtZAXtiOIFDLMAlEC7om,ac7cadc3-7e48-411d-a996-565d659d04fa,b05a285c-9685-4fff-b287-3e0fc2385651,Test@123,PASS
1ab87c24-fe9c-4043-84ff-e504d7365248,cspperf_user20103@cspperf.com,00a291e5-e699-40a3-94ba-fc80b697f486:66f91895-98c7-4a7f-a764-306d84ec0c6e,cspperf_user20103@cspperf.com,lW4ntBu4QcxORxJd3M1p5FQarOXYvB30AIzHimVA9hPeAsxer9ytcgz6BgPsy9my,PQ15myACnNOtoQGhtZAXtiOIFDLMAlEC7om,ac7cadc3-7e48-411d-a996-565d659d04fa,b05a285c-9685-4fff-b287-3e0fc2385651,Test@123,PASS
1ab87c24-fe9c-4043-84ff-e504d7365248,cspperf_user20106@cspperf.com,00a291e5-e699-40a3-94ba-fc80b697f486:e9da5fec-e3e3-471e-b4eb-514355f697e9,cspperf_user20106@cspperf.com,=-lfUiuPns-KQpJYDC2sxyq71L6uULfUaF-dnisogiBBGrQlmtkFE-_ntbCrVidq3,PQ15myACnNOtoQGhtZAXtiOIFDLMAlEC7om,ac7cadc3-7e48-411d-a996-565d659d04fa,b05a285c-9685-4fff-b287-3e0fc2385651,Test@123,PASS
1ab87c24-fe9c-4043-84ff-e504d7365248,cspperf_user20110@cspperf.com,00a291e5-e699-40a3-94ba-fc80b697f486:1ae68ef6-539a-4ccc-947b-a02b0fd857fd,cspperf_user20110@cspperf.com,LB5ZGOPs0Gnwz89b6qf0VU1F84yzs87vr11-a4z_-1pBkAsRzQ6it2RJJZjKz9iY,PQ15myACnNOtoQGhtZAXtiOIFDLMAlEC7om,ac7cadc3-7e48-411d-a996-565d659d04fa,b05a285c-9685-4fff-b287-3e0fc2385651,Test@123,PASS
1ab87c24-fe9c-4043-84ff-e504d7365248,cspperf_user20112@cspperf.com,00a291e5-e699-40a3-94ba-fc80b697f486:8bf24203-ec8c-4a9e-9502-71655a8e9cb3,cspperf_user20112@cspperf.com,_kUa8cc0S01oFgCBZsqyGjrHxfWakrfKnth82iymFvOq_NOr5UYHYQKKPU8Pv1cw,PQ15myACnNOtoQGhtZAXtiOIFDLMAlEC7om,ac7cadc3-7e48-411d-a996-565d659d04fa,b05a285c-9685-4fff-b287-3e0fc2385651,Test@123,PASS
1ab87c24-fe9c-4043-84ff-e504d7365248,cspperf_user20111@cspperf.com,00a291e5-e699-40a3-94ba-fc80b697f486:0a87b498-2308-4c44-b68e-e7796b552ba5,cspperf_user20111@cspperf.com,8cmiNdC9-6-ewr09hDad1fqfQ3eOkKTzjUqYF8lh7INzbLEk5YQMkdmV9zLSjDH3,PQ15myACnNOtoQGhtZAXtiOIFDLMAlEC7om,ac7cadc3-7e48-411d-a996-565d659d04fa,b05a285c-9685-4fff-b287-3e0fc2385651,Test@123,PASS
1ab87c24-fe9c-4043-84ff-e504d7365248,cspperf_user20113@cspperf.com,00a291e5-e699-40a3-94ba-fc80b697f486:0b554c87-9860-4f70-9f68-b94013f9b43b,cspperf_user20113@cspperf.com,ueHtCuD7H3XhWYS-lKWCp6zwdhwU0zXJrKTn-IF6LuD_fL4lLFTUY9r-cAWXPTAb,PQ15myACnNOtoQGhtZAXtiOIFDLMAlEC7om,ac7cadc3-7e48-411d-a996-565d659d04fa,b05a285c-9685-4fff-b287-3e0fc2385651,Test@123,PASS
1ab87c24-fe9c-4043-84ff-e504d7365248,cspperf_user20116@cspperf.com,00a291e5-e699-40a3-94ba-fc80b697f486:c1df601d-c939-4b80-91e1-ae785a619502,cspperf_user20116@cspperf.com,UXsXI5JlFHB7QfP4mf10cCSGvXOwFGEgPicC73Z26mfqnuqg_kTTOTAYd7RR8mqz,PQ15myACnNOtoQGhtZAXtiOIFDLMAlEC7om,ac7cadc3-7e48-411d-a996-565d659d04fa,b05a285c-9685-4fff-b287-3e0fc2385651,Test@123,PASS
1ab87c24-fe9c-4043-84ff-e504d7365248,cspperf_user20114@cspperf.com,00a291e5-e699-40a3-94ba-fc80b697f486:2f9bcfdb-253a-4908-be89-02879eb57552,cspperf_user20114@cspperf.com,H33_1AaK3uAm85YXWQnRGjy5y9Gbbn9-J6S0TQG3y94x6TeUWSES5rhGpph22DRu,PQ15myACnNOtoQGhtZAXtiOIFDLMAlEC7om,ac7cadc3-7e48-411d-a996-565d659d04fa,b05a285c-9685-4fff-b287-3e0fc2385651,Test@123,PASS
1ab87c24-fe9c-4043-84ff-e504d7365248,cspperf_user20118@cspperf.com,00a291e5-e699-40a3-94ba-fc80b697f486:f4f31c92-94f5-43d5-ad51-d8e10b4c8657,cspperf_user20118@cspperf.com,ty8jLNlBhqTTvbqbce1ga1wGI72wsm6ZPvTdFZaz2sMR3X1-AtkQ8RUD39Ne-fLp,PQ15myACnNOtoQGhtZAXtiOIFDLMAlEC7om,ac7cadc3-7e48-411d-a996-565d659d04fa,b05a285c-9685-4fff-b287-3e0fc2385651,Test@123,PASS
1ab87c24-fe9c-4043-84ff-e504d7365248,cspperf_user20115@cspperf.com,00a291e5-e699-40a3-94ba-fc80b697f486:773338c0-1dc4-4cbb-a2ae-0c5279288752,cspperf_user20115@cspperf.com,clLp_4eaUUTjbcKcy6GKkM72yNhu9DRW6StJeO4v-PLlmfin6ReGpylcnw8s9AVK,PQ15myACnNOtoQGhtZAXtiOIFDLMAlEC7om,ac7cadc3-7e48-411d-a996-565d659d04fa,b05a285c-9685-4fff-b287-3e0fc2385651,Test@123,PASS
1ab87c24-fe9c-4043-84ff-e504d7365248,cspperf_user20117@cspperf.com,00a291e5-e699-40a3-94ba-fc80b697f486:d94cbf0e-b628-47e9-a557-0971b08c8fdc,cspperf_user20117@cspperf.com,pKNxIoMko3AGFeju7WV-k-Wfq3LEetxR-H7lRjiEulomDFMH4SrMbFyiyUYlIvzZ,PQ15myACnNOtoQGhtZAXtiOIFDLMAlEC7om,ac7cadc3-7e48-411d-a996-565d659d04fa,b05a285c-9685-4fff-b287-3e0fc2385651,Test@123,PASS
1ab87c24-fe9c-4043-84ff-e504d7365248,cspperf_user20120@cspperf.com,00a291e5-e699-40a3-94ba-fc80b697f486:058481a7-fbbf-4bdb-a737-d1fb1d078916,cspperf_user20120@cspperf.com,KE4EdKj55XdHB4BcUmQynWNyXTYlC6kkxYgAYgjXuWlIE5twCptUHuYxn4kyC__z,PQ15myACnNOtoQGhtZAXtiOIFDLMAlEC7om,ac7cadc3-7e48-411d-a996-565d659d04fa,b05a285c-9685-4fff-b287-3e0fc2385651,Test@123,PASS
1ab87c24-fe9c-4043-84ff-e504d7365248,cspperf_user20121@cspperf.com,00a291e5-e699-40a3-94ba-fc80b697f486:ade37540-5626-48b4-97e7-34b0d4f050d1,cspperf_user20121@cspperf.com,WHG053w3cAg_f8I-UKeL9GHGhPRXB_ghxdXt1sOKT5UuQzmisx8kQoRQEfYaY_g2,PQ15myACnNOtoQGhtZAXtiOIFDLMAlEC7om,ac7cadc3-7e48-411d-a996-565d659d04fa,b05a285c-9685-4fff-b287-3e0fc2385651,Test@123,PASS
1ab87c24-fe9c-4043-84ff-e504d7365248,cspperf_user20119@cspperf.com,00a291e5-e699-40a3-94ba-fc80b697f486:76250e3b-df6c-4489-aa64-f2ed2667998a,cspperf_user20119@cspperf.com,ZmSWFGF_xDIRK2nv2jTSqL8H8fLicVgZSTvCDQehO-9AAS-8edbk2bzXzYGpBPQH,PQ15myACnNOtoQGhtZAXtiOIFDLMAlEC7om,ac7cadc3-7e48-411d-a996-565d659d04fa,b05a285c-9685-4fff-b287-3e0fc2385651,Test@123,PASS
1ab87c24-fe9c-4043-84ff-e504d7365248,cspperf_user20126@cspperf.com,00a291e5-e699-40a3-94ba-fc80b697f486:548c2c31-9c43-4b45-b4eb-2f2e46a1b8e5,cspperf_user20126@cspperf.com,Gn_k0v9hCEYgPQniwlhLqd4qVhuJKHZV-jidQeDz0Kl98yluXpkNI_IH4t12y_D6,PQ15myACnNOtoQGhtZAXtiOIFDLMAlEC7om,ac7cadc3-7e48-411d-a996-565d659d04fa,b05a285c-9685-4fff-b287-3e0fc2385651,Test@123,PASS
1ab87c24-fe9c-4043-84ff-e504d7365248,cspperf_user20124@cspperf.com,00a291e5-e699-40a3-94ba-fc80b697f486:99576e3a-c7b6-44f3-ab5e-0d941f931956,cspperf_user20124@cspperf.com,cnfJ6UPxzGHPf6wMrnWmeulxq0oJugVHH5eWEMR2BNdmTtA5rN4agCh1PDO5SCL6,PQ15myACnNOtoQGhtZAXtiOIFDLMAlEC7om,ac7cadc3-7e48-411d-a996-565d659d04fa,b05a285c-9685-4fff-b287-3e0fc2385651,Test@123,PASS
1ab87c24-fe9c-4043-84ff-e504d7365248,cspperf_user20123@cspperf.com,00a291e5-e699-40a3-94ba-fc80b697f486:aba96b5e-1d52-40c8-8d9c-fb6c7199fdbe,cspperf_user20123@cspperf.com,oxvezkeAa8rsuA2Rf8mLpzs6QPVSD0PfWYn__qwnX6m4YjzSeY_f2AdAKA163gMD,PQ15myACnNOtoQGhtZAXtiOIFDLMAlEC7om,ac7cadc3-7e48-411d-a996-565d659d04fa,b05a285c-9685-4fff-b287-3e0fc2385651,Test@123,PASS
1ab87c24-fe9c-4043-84ff-e504d7365248,cspperf_user20127@cspperf.com,00a291e5-e699-40a3-94ba-fc80b697f486:3aab1c7f-3ad9-4573-8dcb-21ed1c91548e,cspperf_user20127@cspperf.com,2baXirergGSbS9zBSRXeM1TDBqbw18oBjnnoQnaLFUvN35npVvu5rNYQY5EvTeMT,PQ15myACnNOtoQGhtZAXtiOIFDLMAlEC7om,ac7cadc3-7e48-411d-a996-565d659d04fa,b05a285c-9685-4fff-b287-3e0fc2385651,Test@123,PASS
1ab87c24-fe9c-4043-84ff-e504d7365248,cspperf_user20122@cspperf.com,00a291e5-e699-40a3-94ba-fc80b697f486:c2c59769-8653-48ea-abd1-bd49e0646507,cspperf_user20122@cspperf.com,xdhV1sNX085B1n6a6-4E8Jx51QNauKUVP-MuEFNwTw2PkTfA-qwjOmBIEg2tkWMI,PQ15myACnNOtoQGhtZAXtiOIFDLMAlEC7om,ac7cadc3-7e48-411d-a996-565d659d04fa,b05a285c-9685-4fff-b287-3e0fc2385651,Test@123,PASS
1ab87c24-fe9c-4043-84ff-e504d7365248,cspperf_user20128@cspperf.com,00a291e5-e699-40a3-94ba-fc80b697f486:aaf43cdb-2d3e-4f49-aee1-c13421cdbde1,cspperf_user20128@cspperf.com,q5js_jA0GRq3Scf4I7SZqQ_ArCOpE9qUdl6HTIeRzHw4soP8DyRB9DXkGIWJQN5I,PQ15myACnNOtoQGhtZAXtiOIFDLMAlEC7om,ac7cadc3-7e48-411d-a996-565d659d04fa,b05a285c-9685-4fff-b287-3e0fc2385651,Test@123,PASS
1ab87c24-fe9c-4043-84ff-e504d7365248,cspperf_user20125@cspperf.com,00a291e5-e699-40a3-94ba-fc80b697f486:136008f8-8b05-4641-aa45-c4a593153431,cspperf_user20125@cspperf.com,3VzEd1WMUy-0XOTnh6XTHQrCbQ46EdFxF_xz2tbw5XWAGoeFizP_rOJSrLIOh9ty,PQ15myACnNOtoQGhtZAXtiOIFDLMAlEC7om,ac7cadc3-7e48-411d-a996-565d659d04fa,b05a285c-9685-4fff-b287-3e0fc2385651,Test@123,PASS
1ab87c24-fe9c-4043-84ff-e504d7365248,cspperf_user20129@cspperf.com,00a291e5-e699-40a3-94ba-fc80b697f486:bfe3afd4-38dc-4435-8695-e03072587ee1,cspperf_user20129@cspperf.com,sZexvlLQotcC8lfvsRWvF71Wg-IK1D1Cp_PRMJUyk-zejF_eIyOCKL0-OtuulunA,PQ15myACnNOtoQGhtZAXtiOIFDLMAlEC7om,ac7cadc3-7e48-411d-a996-565d659d04fa,b05a285c-9685-4fff-b287-3e0fc2385651,Test@123,PASS
1ab87c24-fe9c-4043-84ff-e504d7365248,cspperf_user20132@cspperf.com,00a291e5-e699-40a3-94ba-fc80b697f486:f28adf8b-b2fd-45bb-a63c-ceac110aa331,cspperf_user20132@cspperf.com,9ti95UHtaW_sis62WYNsDRlMeSvp2bOB6F1pigDBdnOqu4FIoe__K6XqQM7H_upq,PQ15myACnNOtoQGhtZAXtiOIFDLMAlEC7om,ac7cadc3-7e48-411d-a996-565d659d04fa,b05a285c-9685-4fff-b287-3e0fc2385651,Test@123,PASS
1ab87c24-fe9c-4043-84ff-e504d7365248,cspperf_user20130@cspperf.com,00a291e5-e699-40a3-94ba-fc80b697f486:0423f8c1-5ef3-4c04-87f3-1d21c4c67643,cspperf_user20130@cspperf.com,vfnzchidfEmJYKsKD2FLOGd4bPmLa6lk_f6FcfjK2ai6akEW6F45UC6bOrQ48p2z,PQ15myACnNOtoQGhtZAXtiOIFDLMAlEC7om,ac7cadc3-7e48-411d-a996-565d659d04fa,b05a285c-9685-4fff-b287-3e0fc2385651,Test@123,PASS
1ab87c24-fe9c-4043-84ff-e504d7365248,cspperf_user20133@cspperf.com,00a291e5-e699-40a3-94ba-fc80b697f486:9aad17dd-ebaf-4bfe-b45f-5e447fa3488e,cspperf_user20133@cspperf.com,uxvRNCDb0jhtTk3hhtgSJOt_NKLhkEzlkGD1eGIu5O19SpAjkp7ReqjgnE571j1_,PQ15myACnNOtoQGhtZAXtiOIFDLMAlEC7om,ac7cadc3-7e48-411d-a996-565d659d04fa,b05a285c-9685-4fff-b287-3e0fc2385651,Test@123,PASS
1ab87c24-fe9c-4043-84ff-e504d7365248,cspperf_user20131@cspperf.com,00a291e5-e699-40a3-94ba-fc80b697f486:7bac8e76-b1df-4f19-bf43-f2d27f12ea6c,cspperf_user20131@cspperf.com,XwOnsCFkMbG499OqLrPsM2WAFMtySuIdXFT0P9nW5DA77eeYyYXZxDVFmu9QKVdu,PQ15myACnNOtoQGhtZAXtiOIFDLMAlEC7om,ac7cadc3-7e48-411d-a996-565d659d04fa,b05a285c-9685-4fff-b287-3e0fc2385651,Test@123,PASS
1ab87c24-fe9c-4043-84ff-e504d7365248,cspperf_user20134@cspperf.com,00a291e5-e699-40a3-94ba-fc80b697f486:55b539da-76df-45e8-9690-cace563016ec,cspperf_user20134@cspperf.com,dGmgeiXCzS72NMwqaJIhRtmM3EuEyQytUV9jaK5KQ-vKa8WWnvijPzxwyl5lV1eA,PQ15myACnNOtoQGhtZAXtiOIFDLMAlEC7om,ac7cadc3-7e48-411d-a996-565d659d04fa,b05a285c-9685-4fff-b287-3e0fc2385651,Test@123,PASS
1ab87c24-fe9c-4043-84ff-e504d7365248,cspperf_user20135@cspperf.com,00a291e5-e699-40a3-94ba-fc80b697f486:f3cad4d1-610b-414d-96a8-9a7b40f6563b,cspperf_user20135@cspperf.com,LyKWoHngURAQlG3QLYyyrIY5RiRD8FQf5ZXmmmYX6enW8UJRxI2utm4DDyabMVYo,PQ15myACnNOtoQGhtZAXtiOIFDLMAlEC7om,ac7cadc3-7e48-411d-a996-565d659d04fa,b05a285c-9685-4fff-b287-3e0fc2385651,Test@123,PASS
1ab87c24-fe9c-4043-84ff-e504d7365248,cspperf_user20151@cspperf.com,00a291e5-e699-40a3-94ba-fc80b697f486:0ebb02ff-4210-42ff-bb94-78c4f82f2420,cspperf_user20151@cspperf.com,xVtu_ZofWUg2Ym4QEtrl6pCs_mD6j2H7I1qvTuSJFK6sOOI04uMS0KzBB22afm29,PQ15myACnNOtoQGhtZAXtiOIFDLMAlEC7om,ac7cadc3-7e48-411d-a996-565d659d04fa,b05a285c-9685-4fff-b287-3e0fc2385651,Test@123,PASS
1ab87c24-fe9c-4043-84ff-e504d7365248,cspperf_user20153@cspperf.com,00a291e5-e699-40a3-94ba-fc80b697f486:2c2fcc9b-dad1-433e-85d9-9385331bf81b,cspperf_user20153@cspperf.com,jtKpAHXD2UwOpErL4VGyVlk9yNvXs57QK1VR-JLywRrhYnkAoLUTgwsxxf8rolU0,PQ15myACnNOtoQGhtZAXtiOIFDLMAlEC7om,ac7cadc3-7e48-411d-a996-565d659d04fa,b05a285c-9685-4fff-b287-3e0fc2385651,Test@123,PASS
f6ad8be4-c657-4967-95b2-7e0e8f444d1a,cspperf_user20156@cspperf.com,00a291e5-e699-40a3-94ba-fc80b697f486:7204eaaa-de06-4c31-ba33-d74977f5de88,cspperf_user20156@cspperf.com,4GOWY99jH7T1QGuL1KR1r4DyzRjuDY_I8TnCFopgqa86jl5dAL-njezsRqzr0Ldd,u0JpOgBIElHKfQGayKbuNW0IYoWwNH0tdHZ,a520bbc5-d7d2-4536-ab92-25dfc93e9593,f6f73b20-7783-4154-857d-e6b5a40e6a16,Test@123,PASS
1ab87c24-fe9c-4043-84ff-e504d7365248,cspperf_user20136@cspperf.com,00a291e5-e699-40a3-94ba-fc80b697f486:318e2556-ea20-4b57-8b88-ed6cb48b2ddf,cspperf_user20136@cspperf.com,aHnvWUQyRjWHpp50-Ng_eTzdboSSEs_-BJsUI5K332q2syPFAFH998dFlXvNB9ym,PQ15myACnNOtoQGhtZAXtiOIFDLMAlEC7om,ac7cadc3-7e48-411d-a996-565d659d04fa,b05a285c-9685-4fff-b287-3e0fc2385651,Test@123,PASS
1ab87c24-fe9c-4043-84ff-e504d7365248,cspperf_user20137@cspperf.com,00a291e5-e699-40a3-94ba-fc80b697f486:5123ca5a-872d-4e0b-82ae-cef54fc31e64,cspperf_user20137@cspperf.com,ZP042sYtaMdFYUDY2iXPy5TMxkbA__uje8JmkENgOcsp29WWAR5FbSpkG1RWjjmC,PQ15myACnNOtoQGhtZAXtiOIFDLMAlEC7om,ac7cadc3-7e48-411d-a996-565d659d04fa,b05a285c-9685-4fff-b287-3e0fc2385651,Test@123,PASS
1ab87c24-fe9c-4043-84ff-e504d7365248,cspperf_user20138@cspperf.com,00a291e5-e699-40a3-94ba-fc80b697f486:29afa6d8-c166-4e6f-8583-0579632801bd,cspperf_user20138@cspperf.com,INIorympDUelOP8e8s7ko3ezV4ClQk0iXKXJkt7Yesk1hssvw8wEeSHDYQoxmbWd,PQ15myACnNOtoQGhtZAXtiOIFDLMAlEC7om,ac7cadc3-7e48-411d-a996-565d659d04fa,b05a285c-9685-4fff-b287-3e0fc2385651,Test@123,PASS
f6ad8be4-c657-4967-95b2-7e0e8f444d1a,cspperf_user20154@cspperf.com,00a291e5-e699-40a3-94ba-fc80b697f486:f26650b7-97a8-45b6-8322-906f6544304a,cspperf_user20154@cspperf.com,1JB7_R0YUvqobd52uQiAmO9XyedLYtHwoxsgCa-MLIBFdnpMscEnIlXwH_RsJF8w,u0JpOgBIElHKfQGayKbuNW0IYoWwNH0tdHZ,a520bbc5-d7d2-4536-ab92-25dfc93e9593,f6f73b20-7783-4154-857d-e6b5a40e6a16,Test@123,PASS
1ab87c24-fe9c-4043-84ff-e504d7365248,cspperf_user20140@cspperf.com,00a291e5-e699-40a3-94ba-fc80b697f486:6401c566-8fe5-41f3-b508-9252c88d32f4,cspperf_user20140@cspperf.com,6CrtzKMnTUZuPfaBCEjZgi4OV8DvXVJBn0kGW0hoZ3P2aCwli0cy_4VFY-V4YrTh,PQ15myACnNOtoQGhtZAXtiOIFDLMAlEC7om,ac7cadc3-7e48-411d-a996-565d659d04fa,b05a285c-9685-4fff-b287-3e0fc2385651,Test@123,PASS
1ab87c24-fe9c-4043-84ff-e504d7365248,cspperf_user20141@cspperf.com,00a291e5-e699-40a3-94ba-fc80b697f486:b8f1218b-5a70-4047-a2fb-c2effffbfb51,cspperf_user20141@cspperf.com,=-ex-f97q7WBCipJ2-gYtgMIJSlBa73VyttE9SwkNkHYuc7bXllxJh0hLEeEbTHYJ,PQ15myACnNOtoQGhtZAXtiOIFDLMAlEC7om,ac7cadc3-7e48-411d-a996-565d659d04fa,b05a285c-9685-4fff-b287-3e0fc2385651,Test@123,PASS
1ab87c24-fe9c-4043-84ff-e504d7365248,cspperf_user20139@cspperf.com,00a291e5-e699-40a3-94ba-fc80b697f486:d1c27abe-3b30-4010-8780-576a4027bdc4,cspperf_user20139@cspperf.com,gpuEaCC3lmsQtlEQw0N9MCndXf1aNj644Vapdomxiy9rYMiEhP3ajprpeurfT1nf,PQ15myACnNOtoQGhtZAXtiOIFDLMAlEC7om,ac7cadc3-7e48-411d-a996-565d659d04fa,b05a285c-9685-4fff-b287-3e0fc2385651,Test@123,PASS
1ab87c24-fe9c-4043-84ff-e504d7365248,cspperf_user20143@cspperf.com,00a291e5-e699-40a3-94ba-fc80b697f486:20a959eb-dfd8-4733-b065-1e08822aaa0e,cspperf_user20143@cspperf.com,hbZjwypYsyqv1_scZ6GbU12Q1zS0uebfH8WLVYuRRkpR8Z32kUXIWU9u2IrFH27Q,PQ15myACnNOtoQGhtZAXtiOIFDLMAlEC7om,ac7cadc3-7e48-411d-a996-565d659d04fa,b05a285c-9685-4fff-b287-3e0fc2385651,Test@123,PASS
1ab87c24-fe9c-4043-84ff-e504d7365248,cspperf_user20145@cspperf.com,00a291e5-e699-40a3-94ba-fc80b697f486:99d723bc-5832-44d1-b3cd-19294ffd6dde,cspperf_user20145@cspperf.com,5n7hpJeyHa8X8oohNKvJnEKCr_dQ9WRikUFPorokTYz1f4oCgzQeTZIgVfRjctv6,PQ15myACnNOtoQGhtZAXtiOIFDLMAlEC7om,ac7cadc3-7e48-411d-a996-565d659d04fa,b05a285c-9685-4fff-b287-3e0fc2385651,Test@123,PASS
1ab87c24-fe9c-4043-84ff-e504d7365248,cspperf_user20144@cspperf.com,00a291e5-e699-40a3-94ba-fc80b697f486:4379bc76-fc36-4abc-a3fd-c48040f2e6ab,cspperf_user20144@cspperf.com,B0TzsJQSQ5lZuBls0etPVXgZjZ-6C6-YPuauDeFI18xFzWOQ2Lezsypl7o6QQJyH,PQ15myACnNOtoQGhtZAXtiOIFDLMAlEC7om,ac7cadc3-7e48-411d-a996-565d659d04fa,b05a285c-9685-4fff-b287-3e0fc2385651,Test@123,PASS
1ab87c24-fe9c-4043-84ff-e504d7365248,cspperf_user20142@cspperf.com,00a291e5-e699-40a3-94ba-fc80b697f486:73ca628d-6b16-4948-9a1b-247deb741afc,cspperf_user20142@cspperf.com,7dCwJGoQh5rLaFrf_1dBi76E509Aa496jbiLBqM-L8NSjW2C9lUZLpdeZNkm3rxI,PQ15myACnNOtoQGhtZAXtiOIFDLMAlEC7om,ac7cadc3-7e48-411d-a996-565d659d04fa,b05a285c-9685-4fff-b287-3e0fc2385651,Test@123,PASS
1ab87c24-fe9c-4043-84ff-e504d7365248,cspperf_user20150@cspperf.com,00a291e5-e699-40a3-94ba-fc80b697f486:76a86660-1c1e-4ddf-ac89-53a82e5f57a5,cspperf_user20150@cspperf.com,bvAyFXXTaI47qec2aTePn-3jgkpmZOsUYRJoFWqJd1GjUdeRM7VVMMQu2W20N0aK,PQ15myACnNOtoQGhtZAXtiOIFDLMAlEC7om,ac7cadc3-7e48-411d-a996-565d659d04fa,b05a285c-9685-4fff-b287-3e0fc2385651,Test@123,PASS
1ab87c24-fe9c-4043-84ff-e504d7365248,cspperf_user20152@cspperf.com,00a291e5-e699-40a3-94ba-fc80b697f486:817f02c4-a2dc-4712-88e5-d9da3f1fd7b5,cspperf_user20152@cspperf.com,6UOtWaxkWIFfVS-b2hK8bkYD25xcgCvoZbQea0LmcsWEjdUITA-Y0VcCJjiswga8,PQ15myACnNOtoQGhtZAXtiOIFDLMAlEC7om,ac7cadc3-7e48-411d-a996-565d659d04fa,b05a285c-9685-4fff-b287-3e0fc2385651,Test@123,PASS
1ab87c24-fe9c-4043-84ff-e504d7365248,cspperf_user20147@cspperf.com,00a291e5-e699-40a3-94ba-fc80b697f486:945ef12c-83f0-46b1-8f1f-28c58ed43708,cspperf_user20147@cspperf.com,2YWiJQeHeHjWsdb_ggh8Tzyr_CVYQ8WFZk8eMTH2ltOWvTz42Ns2np55pWG4myKN,PQ15myACnNOtoQGhtZAXtiOIFDLMAlEC7om,ac7cadc3-7e48-411d-a996-565d659d04fa,b05a285c-9685-4fff-b287-3e0fc2385651,Test@123,PASS
1ab87c24-fe9c-4043-84ff-e504d7365248,cspperf_user20148@cspperf.com,00a291e5-e699-40a3-94ba-fc80b697f486:8caf381d-cbcb-4fbe-988f-a00e236f9732,cspperf_user20148@cspperf.com,7kuimo1ZkxT2MevZlUCj2qoadMRQHKbaxPytg4GhZgZIaEIIRXPQCbIAh_gjj337,PQ15myACnNOtoQGhtZAXtiOIFDLMAlEC7om,ac7cadc3-7e48-411d-a996-565d659d04fa,b05a285c-9685-4fff-b287-3e0fc2385651,Test@123,PASS
1ab87c24-fe9c-4043-84ff-e504d7365248,cspperf_user20146@cspperf.com,00a291e5-e699-40a3-94ba-fc80b697f486:1ddceb73-9590-44d1-9fcf-3ea55feac1f3,cspperf_user20146@cspperf.com,WMsoPxSsqmd0-F2G4XRd9NZ6BSpvtoCGxzoeqi3iK56jJvTlgsyYhzWIOf0Q9YGQ,PQ15myACnNOtoQGhtZAXtiOIFDLMAlEC7om,ac7cadc3-7e48-411d-a996-565d659d04fa,b05a285c-9685-4fff-b287-3e0fc2385651,Test@123,PASS
1ab87c24-fe9c-4043-84ff-e504d7365248,cspperf_user20149@cspperf.com,00a291e5-e699-40a3-94ba-fc80b697f486:e1042c13-cb02-43ab-8b93-1406060e3bfa,cspperf_user20149@cspperf.com,sLsxaCCwPFuSVaq90TsztUgHDW7uCg7visWCOwaHB-IxbXyCvNXsr_oyhz9sleZ7,PQ15myACnNOtoQGhtZAXtiOIFDLMAlEC7om,ac7cadc3-7e48-411d-a996-565d659d04fa,b05a285c-9685-4fff-b287-3e0fc2385651,Test@123,PASS
f6ad8be4-c657-4967-95b2-7e0e8f444d1a,cspperf_user20157@cspperf.com,00a291e5-e699-40a3-94ba-fc80b697f486:01dc3423-8a58-49aa-8da2-6643cdcbb7fc,cspperf_user20157@cspperf.com,VmN8MN5c2taks6b5KtO_JDTbVpI3ZYhU2lSK3aSpioip8qu5gw578cozFc4pK2jE,u0JpOgBIElHKfQGayKbuNW0IYoWwNH0tdHZ,a520bbc5-d7d2-4536-ab92-25dfc93e9593,f6f73b20-7783-4154-857d-e6b5a40e6a16,Test@123,PASS
f6ad8be4-c657-4967-95b2-7e0e8f444d1a,cspperf_user20155@cspperf.com,00a291e5-e699-40a3-94ba-fc80b697f486:3a0734a0-f70a-4d76-8335-4accecc134b6,cspperf_user20155@cspperf.com,0YosjXXehVHRN3bAINgVVzAaK46ZR2od0uG2NFYubQwQyAYSbQpj52JUqImcc6M7,u0JpOgBIElHKfQGayKbuNW0IYoWwNH0tdHZ,a520bbc5-d7d2-4536-ab92-25dfc93e9593,f6f73b20-7783-4154-857d-e6b5a40e6a16,Test@123,PASS
f6ad8be4-c657-4967-95b2-7e0e8f444d1a,cspperf_user20159@cspperf.com,00a291e5-e699-40a3-94ba-fc80b697f486:694dfb28-2506-42e2-bbfd-9db1f8d84e16,cspperf_user20159@cspperf.com,_s9QtBHve_wCRG0hVnvIvSZAFu_IbBASZbLZXknl8i1zD6EB_p3kcy4IpEWJNP9N,u0JpOgBIElHKfQGayKbuNW0IYoWwNH0tdHZ,a520bbc5-d7d2-4536-ab92-25dfc93e9593,f6f73b20-7783-4154-857d-e6b5a40e6a16,Test@123,PASS
f6ad8be4-c657-4967-95b2-7e0e8f444d1a,cspperf_user20158@cspperf.com,00a291e5-e699-40a3-94ba-fc80b697f486:693bbaec-9e5b-40e7-a146-3f7eb4d683a0,cspperf_user20158@cspperf.com,gy_3y9x0CdPv1OK8TdR5T6lqDfxECgHI5VCKSMARapSiMYINXD48zRsguA4ZJdIo,u0JpOgBIElHKfQGayKbuNW0IYoWwNH0tdHZ,a520bbc5-d7d2-4536-ab92-25dfc93e9593,f6f73b20-7783-4154-857d-e6b5a40e6a16,Test@123,PASS
f6ad8be4-c657-4967-95b2-7e0e8f444d1a,cspperf_user20160@cspperf.com,00a291e5-e699-40a3-94ba-fc80b697f486:213d2106-afc7-4565-994e-65e88b757308,cspperf_user20160@cspperf.com,RG_J5yiGFwAV9w1KZOxgnqHVb9jBd6y1XO9n7btWtBUviMMlSSpFtAvK9-pariVD,u0JpOgBIElHKfQGayKbuNW0IYoWwNH0tdHZ,a520bbc5-d7d2-4536-ab92-25dfc93e9593,f6f73b20-7783-4154-857d-e6b5a40e6a16,Test@123,PASS
f6ad8be4-c657-4967-95b2-7e0e8f444d1a,cspperf_user20161@cspperf.com,00a291e5-e699-40a3-94ba-fc80b697f486:fdec6609-4442-47fc-9011-590a05cc699e,cspperf_user20161@cspperf.com,AXagrqMxkn15jnEGtFZncusEe3EaaNsmXpX2h_ZAELQ1iBjnohx6Ox5r7zVGOQr7,u0JpOgBIElHKfQGayKbuNW0IYoWwNH0tdHZ,a520bbc5-d7d2-4536-ab92-25dfc93e9593,f6f73b20-7783-4154-857d-e6b5a40e6a16,Test@123,PASS
f6ad8be4-c657-4967-95b2-7e0e8f444d1a,cspperf_user20162@cspperf.com,00a291e5-e699-40a3-94ba-fc80b697f486:fde6ebe3-40a2-4585-a6b8-615d0c94ff85,cspperf_user20162@cspperf.com,wGPoBaWv9MWFYHdc61Ju1FxVsS8oqWY-0gxFA1Q4cMkTFHDlIVYgKkQvVgGrJuoG,u0JpOgBIElHKfQGayKbuNW0IYoWwNH0tdHZ,a520bbc5-d7d2-4536-ab92-25dfc93e9593,f6f73b20-7783-4154-857d-e6b5a40e6a16,Test@123,PASS
f6ad8be4-c657-4967-95b2-7e0e8f444d1a,cspperf_user20166@cspperf.com,00a291e5-e699-40a3-94ba-fc80b697f486:7ee83852-9844-4aff-a6e5-68b01dc9dd50,cspperf_user20166@cspperf.com,CaCxL1BqJz_TCXgicoNl_rADRpB1OtcMvxjyAQE6nlp7O4Od8LUYIBHehcWFjuo7,u0JpOgBIElHKfQGayKbuNW0IYoWwNH0tdHZ,a520bbc5-d7d2-4536-ab92-25dfc93e9593,f6f73b20-7783-4154-857d-e6b5a40e6a16,Test@123,PASS
f6ad8be4-c657-4967-95b2-7e0e8f444d1a,cspperf_user20165@cspperf.com,00a291e5-e699-40a3-94ba-fc80b697f486:d43d2486-968d-490b-88b7-9c3e1914d704,cspperf_user20165@cspperf.com,IGg2k-j7mUWGFy-ld55CbouPymvTWBAF9p5gNAPkAM2LI2Uq9WGCLbISERTQBVBV,u0JpOgBIElHKfQGayKbuNW0IYoWwNH0tdHZ,a520bbc5-d7d2-4536-ab92-25dfc93e9593,f6f73b20-7783-4154-857d-e6b5a40e6a16,Test@123,PASS
f6ad8be4-c657-4967-95b2-7e0e8f444d1a,cspperf_user20164@cspperf.com,00a291e5-e699-40a3-94ba-fc80b697f486:46d43db4-4ed5-4909-9d49-767807ddec05,cspperf_user20164@cspperf.com,beSlmEqXlgA-qUB93ki5YCo4YDx3zkoyIjmVCNez0u9zO-GPxOmjD4pyYX3BOME9,u0JpOgBIElHKfQGayKbuNW0IYoWwNH0tdHZ,a520bbc5-d7d2-4536-ab92-25dfc93e9593,f6f73b20-7783-4154-857d-e6b5a40e6a16,Test@123,PASS
f6ad8be4-c657-4967-95b2-7e0e8f444d1a,cspperf_user20163@cspperf.com,00a291e5-e699-40a3-94ba-fc80b697f486:3fc57291-ccf8-48ce-ad01-6a86987a1e77,cspperf_user20163@cspperf.com,xsn2ZL3RMO1KSF5Dg1IVTrtOL6N1D-v1hellqnG_uGfQGzVl41cGjynSEWP2-vAN,u0JpOgBIElHKfQGayKbuNW0IYoWwNH0tdHZ,a520bbc5-d7d2-4536-ab92-25dfc93e9593,f6f73b20-7783-4154-857d-e6b5a40e6a16,Test@123,PASS
f6ad8be4-c657-4967-95b2-7e0e8f444d1a,cspperf_user20167@cspperf.com,00a291e5-e699-40a3-94ba-fc80b697f486:b7600ef7-b28f-4353-9ac0-be93cfbe34ad,cspperf_user20167@cspperf.com,YU1zApseR71XOA99eInGpuEtAuVCV7PBz4pEmtelIz27Eq5vWHVVbxvFiMkzg_Zd,u0JpOgBIElHKfQGayKbuNW0IYoWwNH0tdHZ,a520bbc5-d7d2-4536-ab92-25dfc93e9593,f6f73b20-7783-4154-857d-e6b5a40e6a16,Test@123,PASS
f6ad8be4-c657-4967-95b2-7e0e8f444d1a,cspperf_user20170@cspperf.com,00a291e5-e699-40a3-94ba-fc80b697f486:2be57715-dfd3-41f5-b158-ae485d46405f,cspperf_user20170@cspperf.com,7yA7yHkFLPu4zPglVgmHUMKqYiiJCyQvUc4VUqvfzECG1TxDfsamAtVQB7sRkFQO,u0JpOgBIElHKfQGayKbuNW0IYoWwNH0tdHZ,a520bbc5-d7d2-4536-ab92-25dfc93e9593,f6f73b20-7783-4154-857d-e6b5a40e6a16,Test@123,PASS
f6ad8be4-c657-4967-95b2-7e0e8f444d1a,cspperf_user20169@cspperf.com,00a291e5-e699-40a3-94ba-fc80b697f486:0058ba4e-83aa-4cab-8728-f1df34571d33,cspperf_user20169@cspperf.com,NClIT-LL3tiFBgNJ26_qDoAejiur0cb7glEIM2ODuA4sXnWVEcVZvuSThTqhozGR,u0JpOgBIElHKfQGayKbuNW0IYoWwNH0tdHZ,a520bbc5-d7d2-4536-ab92-25dfc93e9593,f6f73b20-7783-4154-857d-e6b5a40e6a16,Test@123,PASS
f6ad8be4-c657-4967-95b2-7e0e8f444d1a,cspperf_user20168@cspperf.com,00a291e5-e699-40a3-94ba-fc80b697f486:7aac1738-4084-4003-81f2-850f9b278e5c,cspperf_user20168@cspperf.com,4DtrJYOooT3ALWyIQZkdUxg8CTCZCx-ozsoLSpHBaSdPmd-0SUs3itpF_bIu0SJY,u0JpOgBIElHKfQGayKbuNW0IYoWwNH0tdHZ,a520bbc5-d7d2-4536-ab92-25dfc93e9593,f6f73b20-7783-4154-857d-e6b5a40e6a16,Test@123,PASS
f6ad8be4-c657-4967-95b2-7e0e8f444d1a,cspperf_user20174@cspperf.com,00a291e5-e699-40a3-94ba-fc80b697f486:2fac932c-50f9-4bac-bb94-4a2495c40869,cspperf_user20174@cspperf.com,Zr2ULWayWHMDQ36xkCrYeiRYIJS_rcryczh19kh7HnYilCkERKJZnvobMiAunndU,u0JpOgBIElHKfQGayKbuNW0IYoWwNH0tdHZ,a520bbc5-d7d2-4536-ab92-25dfc93e9593,f6f73b20-7783-4154-857d-e6b5a40e6a16,Test@123,PASS
f6ad8be4-c657-4967-95b2-7e0e8f444d1a,cspperf_user20171@cspperf.com,00a291e5-e699-40a3-94ba-fc80b697f486:9fe14eae-9ce7-4fe7-804c-34d83d67afca,cspperf_user20171@cspperf.com,OCamvlt6CMv-aB9rYCbRa12lF7Zx5wDTXwWXK5q0899THUhakyh7gKFy5eR_dx8T,u0JpOgBIElHKfQGayKbuNW0IYoWwNH0tdHZ,a520bbc5-d7d2-4536-ab92-25dfc93e9593,f6f73b20-7783-4154-857d-e6b5a40e6a16,Test@123,PASS
f6ad8be4-c657-4967-95b2-7e0e8f444d1a,cspperf_user20173@cspperf.com,00a291e5-e699-40a3-94ba-fc80b697f486:a946ed3c-2d0e-4dc0-afc6-f2caafd6ef5d,cspperf_user20173@cspperf.com,4X659qjQ6VGTkqOkjjt0PBL2q8DKQ0A9eHBSXRFL6Ohy6m8c7WbyZvvsecHOtRqD,u0JpOgBIElHKfQGayKbuNW0IYoWwNH0tdHZ,a520bbc5-d7d2-4536-ab92-25dfc93e9593,f6f73b20-7783-4154-857d-e6b5a40e6a16,Test@123,PASS
f6ad8be4-c657-4967-95b2-7e0e8f444d1a,cspperf_user20175@cspperf.com,00a291e5-e699-40a3-94ba-fc80b697f486:f4c3eff4-8d1a-47de-a6fa-a69d4a0d8f5c,cspperf_user20175@cspperf.com,Ao53wJ2avwx2dEMP1Gao52TvMsr-RyYrEa6Zb6qRE_DzOHCSwww9WWdQczHbD-fZ,u0JpOgBIElHKfQGayKbuNW0IYoWwNH0tdHZ,a520bbc5-d7d2-4536-ab92-25dfc93e9593,f6f73b20-7783-4154-857d-e6b5a40e6a16,Test@123,PASS
f6ad8be4-c657-4967-95b2-7e0e8f444d1a,cspperf_user20172@cspperf.com,00a291e5-e699-40a3-94ba-fc80b697f486:75440c75-42ee-4566-a23f-df81b4651623,cspperf_user20172@cspperf.com,wpwXQ9IMmEdSEz4WyjAolw148K39fPVgJ_yBvyD4fB3WHwTfpCmkpSfYf3ttaH6D,u0JpOgBIElHKfQGayKbuNW0IYoWwNH0tdHZ,a520bbc5-d7d2-4536-ab92-25dfc93e9593,f6f73b20-7783-4154-857d-e6b5a40e6a16,Test@123,PASS
f6ad8be4-c657-4967-95b2-7e0e8f444d1a,cspperf_user20176@cspperf.com,00a291e5-e699-40a3-94ba-fc80b697f486:605c3046-2441-4d7d-b907-bda65dd11d9e,cspperf_user20176@cspperf.com,fa87soOL3A9LsseRU2-13lCS5gCD3CBfthqoqnuxp5tY2qDaS37eyvWLaAZO_ZEL,u0JpOgBIElHKfQGayKbuNW0IYoWwNH0tdHZ,a520bbc5-d7d2-4536-ab92-25dfc93e9593,f6f73b20-7783-4154-857d-e6b5a40e6a16,Test@123,PASS
f6ad8be4-c657-4967-95b2-7e0e8f444d1a,cspperf_user20177@cspperf.com,00a291e5-e699-40a3-94ba-fc80b697f486:61392418-38d3-4e57-a32c-9b3c3f6ad4d7,cspperf_user20177@cspperf.com,jaKEJRJISrGZ6scgs0Ga65ASt61u8Zj-g5mOF3Hln3-3ev4TqneHtcPKeQvGy6s0,u0JpOgBIElHKfQGayKbuNW0IYoWwNH0tdHZ,a520bbc5-d7d2-4536-ab92-25dfc93e9593,f6f73b20-7783-4154-857d-e6b5a40e6a16,Test@123,PASS
f6ad8be4-c657-4967-95b2-7e0e8f444d1a,cspperf_user20178@cspperf.com,00a291e5-e699-40a3-94ba-fc80b697f486:22fdd0a9-409d-4321-aec3-ffed5f351216,cspperf_user20178@cspperf.com,g2N_5Mfs6lcBnoTlnOWMZ-iUGHx-sbAJHmkS1umvqGKL_FinpTWbaT6mpIVSTrms,u0JpOgBIElHKfQGayKbuNW0IYoWwNH0tdHZ,a520bbc5-d7d2-4536-ab92-25dfc93e9593,f6f73b20-7783-4154-857d-e6b5a40e6a16,Test@123,PASS
f6ad8be4-c657-4967-95b2-7e0e8f444d1a,cspperf_user20184@cspperf.com,00a291e5-e699-40a3-94ba-fc80b697f486:2e2c3a2b-78d7-4d56-bf6a-83593bb14dc6,cspperf_user20184@cspperf.com,EaeSRUBLGwY_C9k2_NiKqIhavxPvFQHoK-PrhfVrHKubo2JR0WSonKCJa4wHlm9z,u0JpOgBIElHKfQGayKbuNW0IYoWwNH0tdHZ,a520bbc5-d7d2-4536-ab92-25dfc93e9593,f6f73b20-7783-4154-857d-e6b5a40e6a16,Test@123,PASS
f6ad8be4-c657-4967-95b2-7e0e8f444d1a,cspperf_user20181@cspperf.com,00a291e5-e699-40a3-94ba-fc80b697f486:14313af3-d2b5-4e19-a303-582588753f5f,cspperf_user20181@cspperf.com,YFuWjrfc5HmSDyVrMhVP4R_16qz4004_Zj4SY_0l5v5nYJ4MEIcN3RGCNrBoYb0o,u0JpOgBIElHKfQGayKbuNW0IYoWwNH0tdHZ,a520bbc5-d7d2-4536-ab92-25dfc93e9593,f6f73b20-7783-4154-857d-e6b5a40e6a16,Test@123,PASS
f6ad8be4-c657-4967-95b2-7e0e8f444d1a,cspperf_user20183@cspperf.com,00a291e5-e699-40a3-94ba-fc80b697f486:56b8a708-22cf-4afc-8682-8054c4c2060a,cspperf_user20183@cspperf.com,MsgV0HsyVwY37mCCtmI58VQSXjqcfbe1Z2PKp1cHyTj_5-q-UQ7np6A1Od2R2EdG,u0JpOgBIElHKfQGayKbuNW0IYoWwNH0tdHZ,a520bbc5-d7d2-4536-ab92-25dfc93e9593,f6f73b20-7783-4154-857d-e6b5a40e6a16,Test@123,PASS
f6ad8be4-c657-4967-95b2-7e0e8f444d1a,cspperf_user20180@cspperf.com,00a291e5-e699-40a3-94ba-fc80b697f486:6cf9eab6-a816-41e3-b953-9cd27e4c8501,cspperf_user20180@cspperf.com,OugyP7njdKbKqb_Yc_X72Pf6LEgPsk3Byk27E4qUv1vsnxea2dtjxRC-ilAZzH8I,u0JpOgBIElHKfQGayKbuNW0IYoWwNH0tdHZ,a520bbc5-d7d2-4536-ab92-25dfc93e9593,f6f73b20-7783-4154-857d-e6b5a40e6a16,Test@123,PASS
f6ad8be4-c657-4967-95b2-7e0e8f444d1a,cspperf_user20179@cspperf.com,00a291e5-e699-40a3-94ba-fc80b697f486:b1571cf3-f517-4bd1-99b2-de9b951b2aca,cspperf_user20179@cspperf.com,NF0NBaqNvy7y2lROrog-_ufgChHsBCcAjrw8hMx_cbFUsRGAk1drt_fr9AuPEJUp,u0JpOgBIElHKfQGayKbuNW0IYoWwNH0tdHZ,a520bbc5-d7d2-4536-ab92-25dfc93e9593,f6f73b20-7783-4154-857d-e6b5a40e6a16,Test@123,PASS
f6ad8be4-c657-4967-95b2-7e0e8f444d1a,cspperf_user20185@cspperf.com,00a291e5-e699-40a3-94ba-fc80b697f486:6a8168fd-99fa-4a72-b836-852d8ffb3cfb,cspperf_user20185@cspperf.com,l7k4ufE0zex0CcqupsppQ7jYJ1nOC4cLStVM6u-lepUgzJOfOzYn2qA_zzyO7Oxd,u0JpOgBIElHKfQGayKbuNW0IYoWwNH0tdHZ,a520bbc5-d7d2-4536-ab92-25dfc93e9593,f6f73b20-7783-4154-857d-e6b5a40e6a16,Test@123,PASS
f6ad8be4-c657-4967-95b2-7e0e8f444d1a,cspperf_user20182@cspperf.com,00a291e5-e699-40a3-94ba-fc80b697f486:f1d7a333-52f2-4d30-82f7-36f06e96157d,cspperf_user20182@cspperf.com,JVYK94_ZPd07hY8XuW9fdTSIwBU4EtY3i9q8bCLyQaQLF_mfliOaXkl8zFICx21E,u0JpOgBIElHKfQGayKbuNW0IYoWwNH0tdHZ,a520bbc5-d7d2-4536-ab92-25dfc93e9593,f6f73b20-7783-4154-857d-e6b5a40e6a16,Test@123,PASS
f6ad8be4-c657-4967-95b2-7e0e8f444d1a,cspperf_user20186@cspperf.com,00a291e5-e699-40a3-94ba-fc80b697f486:79f86b95-7168-4b9f-9363-781ffb21ff51,cspperf_user20186@cspperf.com,uUrqGIQcmysIufxSFTgAvmNAHR-yu7y0VmZNi5hJRrfNQ-iRQi2LcN0GWkbHUGN9,u0JpOgBIElHKfQGayKbuNW0IYoWwNH0tdHZ,a520bbc5-d7d2-4536-ab92-25dfc93e9593,f6f73b20-7783-4154-857d-e6b5a40e6a16,Test@123,PASS
f6ad8be4-c657-4967-95b2-7e0e8f444d1a,cspperf_user20188@cspperf.com,00a291e5-e699-40a3-94ba-fc80b697f486:35e18fad-ebc4-42e9-a176-ac53d875bed6,cspperf_user20188@cspperf.com,EMIItfEGTdFz0js6xA02XNl78GE_bqseBHJvEDhDVY1Qd3s7e_H4l2141vrfhxAk,u0JpOgBIElHKfQGayKbuNW0IYoWwNH0tdHZ,a520bbc5-d7d2-4536-ab92-25dfc93e9593,f6f73b20-7783-4154-857d-e6b5a40e6a16,Test@123,PASS
f6ad8be4-c657-4967-95b2-7e0e8f444d1a,cspperf_user20187@cspperf.com,00a291e5-e699-40a3-94ba-fc80b697f486:36a6a132-4be3-4af2-b75d-c332dfc19ad0,cspperf_user20187@cspperf.com,CRNpW_hmRkMPU0O51nIAiyjK76qhUvOAjIj1M-nLpqo7jNG_rz8DDXwJH8a2wDYu,u0JpOgBIElHKfQGayKbuNW0IYoWwNH0tdHZ,a520bbc5-d7d2-4536-ab92-25dfc93e9593,f6f73b20-7783-4154-857d-e6b5a40e6a16,Test@123,PASS
f6ad8be4-c657-4967-95b2-7e0e8f444d1a,cspperf_user20191@cspperf.com,00a291e5-e699-40a3-94ba-fc80b697f486:db115efd-780e-44e1-aa1f-b1403e024a62,cspperf_user20191@cspperf.com,SxKEGIAh8RNSOD0xGhcnfK18nZQsYp4ISFpZPKc8ZRDnuzKN0zpMV6f3ifvY-nr_,u0JpOgBIElHKfQGayKbuNW0IYoWwNH0tdHZ,a520bbc5-d7d2-4536-ab92-25dfc93e9593,f6f73b20-7783-4154-857d-e6b5a40e6a16,Test@123,PASS
f6ad8be4-c657-4967-95b2-7e0e8f444d1a,cspperf_user20189@cspperf.com,00a291e5-e699-40a3-94ba-fc80b697f486:72680c2c-205d-47ea-aad0-3ca4119c6fd1,cspperf_user20189@cspperf.com,ea0VCfR8VCU4jbOFSqN9zcf7z-q1H8978yMH3-fKavUe2tlJzIp5rYhnY1b5qq2S,u0JpOgBIElHKfQGayKbuNW0IYoWwNH0tdHZ,a520bbc5-d7d2-4536-ab92-25dfc93e9593,f6f73b20-7783-4154-857d-e6b5a40e6a16,Test@123,PASS
f6ad8be4-c657-4967-95b2-7e0e8f444d1a,cspperf_user20195@cspperf.com,00a291e5-e699-40a3-94ba-fc80b697f486:9ffc8364-49c3-4451-84bd-f3efca3e7bdd,cspperf_user20195@cspperf.com,_F8GYvBFkCJANiny7ddZmyjq91z7AwTHGuyre031ZJERZjnyxU5pZ05zJl_mZ0xu,u0JpOgBIElHKfQGayKbuNW0IYoWwNH0tdHZ,a520bbc5-d7d2-4536-ab92-25dfc93e9593,f6f73b20-7783-4154-857d-e6b5a40e6a16,Test@123,PASS
f6ad8be4-c657-4967-95b2-7e0e8f444d1a,cspperf_user20194@cspperf.com,00a291e5-e699-40a3-94ba-fc80b697f486:8e7a38db-5325-4900-8551-61d145455018,cspperf_user20194@cspperf.com,VCohVFlcaJDXfpWVhD3slsFbZYFlsv5s6M3CJd-LjqyllMPZPQhg7DHj2PDNLwrW,u0JpOgBIElHKfQGayKbuNW0IYoWwNH0tdHZ,a520bbc5-d7d2-4536-ab92-25dfc93e9593,f6f73b20-7783-4154-857d-e6b5a40e6a16,Test@123,PASS
f6ad8be4-c657-4967-95b2-7e0e8f444d1a,cspperf_user20193@cspperf.com,00a291e5-e699-40a3-94ba-fc80b697f486:8159aebb-f006-4dc4-ad24-f882e73813ca,cspperf_user20193@cspperf.com,6ShgBlkj2EPwz0qbbIZezO9szpR0CGxI2vCvQL2cAKq842ZYyfZJB-FHmO0Mcrgb,u0JpOgBIElHKfQGayKbuNW0IYoWwNH0tdHZ,a520bbc5-d7d2-4536-ab92-25dfc93e9593,f6f73b20-7783-4154-857d-e6b5a40e6a16,Test@123,PASS
f6ad8be4-c657-4967-95b2-7e0e8f444d1a,cspperf_user20192@cspperf.com,00a291e5-e699-40a3-94ba-fc80b697f486:716e92aa-7cf6-46d1-bfd2-9a2530865193,cspperf_user20192@cspperf.com,3hnu6oGeE4LKdizIjG7UOpYmjU3bz-upd1wJNVHnWd1rAWxYWH0eO98HoEUkhxHh,u0JpOgBIElHKfQGayKbuNW0IYoWwNH0tdHZ,a520bbc5-d7d2-4536-ab92-25dfc93e9593,f6f73b20-7783-4154-857d-e6b5a40e6a16,Test@123,PASS
f6ad8be4-c657-4967-95b2-7e0e8f444d1a,cspperf_user20190@cspperf.com,00a291e5-e699-40a3-94ba-fc80b697f486:8777f4a3-956b-4dad-b6fd-9ed085166141,cspperf_user20190@cspperf.com,qToMr7yod-uGeoxRqE4ca-G7GOOJPwy4gPl_RrO51HAAus1bB1n7lBKXQSmeKXXH,u0JpOgBIElHKfQGayKbuNW0IYoWwNH0tdHZ,a520bbc5-d7d2-4536-ab92-25dfc93e9593,f6f73b20-7783-4154-857d-e6b5a40e6a16,Test@123,PASS
f6ad8be4-c657-4967-95b2-7e0e8f444d1a,cspperf_user20196@cspperf.com,00a291e5-e699-40a3-94ba-fc80b697f486:c84baffd-caaf-4b0b-97f8-8cb26e5ec3aa,cspperf_user20196@cspperf.com,66BSPOorqW-HXMZ0eHLxDXnp-S0ydditaaMVEIPS_34wyr1wM6GeM4lxlfuDbUda,u0JpOgBIElHKfQGayKbuNW0IYoWwNH0tdHZ,a520bbc5-d7d2-4536-ab92-25dfc93e9593,f6f73b20-7783-4154-857d-e6b5a40e6a16,Test@123,PASS
f6ad8be4-c657-4967-95b2-7e0e8f444d1a,cspperf_user20197@cspperf.com,00a291e5-e699-40a3-94ba-fc80b697f486:f819b182-fe59-475c-bfff-0a52c2ff8505,cspperf_user20197@cspperf.com,gusVcFXdT2S0-GV68gh7g7HQWUh_m2-xhURGAiKh5EHPxhKyYY7B6NYi1OaMlg1C,u0JpOgBIElHKfQGayKbuNW0IYoWwNH0tdHZ,a520bbc5-d7d2-4536-ab92-25dfc93e9593,f6f73b20-7783-4154-857d-e6b5a40e6a16,Test@123,PASS
f6ad8be4-c657-4967-95b2-7e0e8f444d1a,cspperf_user20198@cspperf.com,00a291e5-e699-40a3-94ba-fc80b697f486:3ded76b4-56ac-498c-9aa3-b71d9b4294b4,cspperf_user20198@cspperf.com,6FdDOmQoz2mK7ld2M_74oy8PL3Acb82rEAUc7ZGNoZelRL70nawY03E6BWafhXZg,u0JpOgBIElHKfQGayKbuNW0IYoWwNH0tdHZ,a520bbc5-d7d2-4536-ab92-25dfc93e9593,f6f73b20-7783-4154-857d-e6b5a40e6a16,Test@123,PASS
f6ad8be4-c657-4967-95b2-7e0e8f444d1a,cspperf_user20202@cspperf.com,00a291e5-e699-40a3-94ba-fc80b697f486:06921935-6793-460c-8204-97bcdf399cf8,cspperf_user20202@cspperf.com,q6E1e0FkO0ER6hNNIdgEASGZRbGl_Maf1IG8oXiZ5gQJv3n8OHO_-xqq12CgESOz,u0JpOgBIElHKfQGayKbuNW0IYoWwNH0tdHZ,a520bbc5-d7d2-4536-ab92-25dfc93e9593,f6f73b20-7783-4154-857d-e6b5a40e6a16,Test@123,PASS
f6ad8be4-c657-4967-95b2-7e0e8f444d1a,cspperf_user20199@cspperf.com,00a291e5-e699-40a3-94ba-fc80b697f486:4add9318-7567-48c9-9e3d-f7c30cc2ef8f,cspperf_user20199@cspperf.com,V6cKp3qZbEYD_uvTc8JVVXqUZeJKfoZ4T70sFa5jBQrZwY1ReLoxTPLbUJkhrMQ1,u0JpOgBIElHKfQGayKbuNW0IYoWwNH0tdHZ,a520bbc5-d7d2-4536-ab92-25dfc93e9593,f6f73b20-7783-4154-857d-e6b5a40e6a16,Test@123,PASS
f6ad8be4-c657-4967-95b2-7e0e8f444d1a,cspperf_user20200@cspperf.com,00a291e5-e699-40a3-94ba-fc80b697f486:547e8812-338d-42d0-9015-100ff9317dae,cspperf_user20200@cspperf.com,h1lp21GnMJ9cQDpCez3541orRLp2wzTaMsH6DFyiPY9FKerE4qVFZxqTz-R6_Coi,u0JpOgBIElHKfQGayKbuNW0IYoWwNH0tdHZ,a520bbc5-d7d2-4536-ab92-25dfc93e9593,f6f73b20-7783-4154-857d-e6b5a40e6a16,Test@123,PASS
f6ad8be4-c657-4967-95b2-7e0e8f444d1a,cspperf_user20201@cspperf.com,00a291e5-e699-40a3-94ba-fc80b697f486:583a6ad5-6313-45e1-9dd2-17b42c12153d,cspperf_user20201@cspperf.com,jdnAA0kXeuB3p9Wt_L0Jy3kiOFb0Nx__RI-uD0tp2_9E29qV11iM78u6-PhBC6tA,u0JpOgBIElHKfQGayKbuNW0IYoWwNH0tdHZ,a520bbc5-d7d2-4536-ab92-25dfc93e9593,f6f73b20-7783-4154-857d-e6b5a40e6a16,Test@123,PASS
f6ad8be4-c657-4967-95b2-7e0e8f444d1a,cspperf_user20203@cspperf.com,00a291e5-e699-40a3-94ba-fc80b697f486:751db2c8-fa73-4cf0-b257-73553c1297d5,cspperf_user20203@cspperf.com,LKa3VwQfNaTzabHq-7iZu7wVBPvSWydUv072WoSxnVTrHNhJQBjiVfVUcJIojZlo,u0JpOgBIElHKfQGayKbuNW0IYoWwNH0tdHZ,a520bbc5-d7d2-4536-ab92-25dfc93e9593,f6f73b20-7783-4154-857d-e6b5a40e6a16,Test@123,PASS
14a17534-2965-4978-9d50-7be28f3a44a3,cspperf_user20205@cspperf.com,00a291e5-e699-40a3-94ba-fc80b697f486:cf9fd75e-5dfa-42fa-a613-8ea72d34bf63,cspperf_user20205@cspperf.com,t6Q3QexaFdwB2qpKEYXxhKpIsfEOUMReVhCX92-bnLCBfwVeZJzVk9vh6Xhgea_F,USDqruiFzU1qs3DahNafgzSJkySjt0lCowp,f035dc3e-ae95-4a14-9529-608ecde58bf4,47bf0e26-4c88-4782-9c48-dc69bc70c5c6,Test@123,PASS
14a17534-2965-4978-9d50-7be28f3a44a3,cspperf_user20204@cspperf.com,00a291e5-e699-40a3-94ba-fc80b697f486:dab0d8ea-4fb5-421e-9f14-1d232df37e99,cspperf_user20204@cspperf.com,yBpnX0uMjeWgelGv7eFD63ej_hSe4AwKhHggGEuAe3RUoWREgupzdpvRrDR9BBj8,USDqruiFzU1qs3DahNafgzSJkySjt0lCowp,f035dc3e-ae95-4a14-9529-608ecde58bf4,47bf0e26-4c88-4782-9c48-dc69bc70c5c6,Test@123,PASS
14a17534-2965-4978-9d50-7be28f3a44a3,cspperf_user20207@cspperf.com,00a291e5-e699-40a3-94ba-fc80b697f486:f478e242-f542-47f9-a092-37b162dea52c,cspperf_user20207@cspperf.com,hprlfIgCHV_9bLwkg-jQ5kXRIKNBGAn4IPxlH8pM5QWUAG7y7u1epZyQqH7BPvjt,USDqruiFzU1qs3DahNafgzSJkySjt0lCowp,f035dc3e-ae95-4a14-9529-608ecde58bf4,47bf0e26-4c88-4782-9c48-dc69bc70c5c6,Test@123,PASS
14a17534-2965-4978-9d50-7be28f3a44a3,cspperf_user20208@cspperf.com,00a291e5-e699-40a3-94ba-fc80b697f486:68c691ed-fb48-4491-81dc-9ae276ab10c5,cspperf_user20208@cspperf.com,yRgtZt1lyzuvTAzFGstG7OWbGMAD-ehxB_47-wc2K6gM96GmABKy_4tWWCJ9PgIT,USDqruiFzU1qs3DahNafgzSJkySjt0lCowp,f035dc3e-ae95-4a14-9529-608ecde58bf4,47bf0e26-4c88-4782-9c48-dc69bc70c5c6,Test@123,PASS
14a17534-2965-4978-9d50-7be28f3a44a3,cspperf_user20209@cspperf.com,00a291e5-e699-40a3-94ba-fc80b697f486:df641b23-e468-4f2c-a0dc-ffcc8a65c0d0,cspperf_user20209@cspperf.com,RwUPC86HmnyOYebBfm4VMDKNtrxcJDmLLpb7lw0jOIn-7gl6LwwDmK0Qi-8tkQH1,USDqruiFzU1qs3DahNafgzSJkySjt0lCowp,f035dc3e-ae95-4a14-9529-608ecde58bf4,47bf0e26-4c88-4782-9c48-dc69bc70c5c6,Test@123,PASS
14a17534-2965-4978-9d50-7be28f3a44a3,cspperf_user20206@cspperf.com,00a291e5-e699-40a3-94ba-fc80b697f486:56934e78-22a5-4076-9690-8f9397a2df48,cspperf_user20206@cspperf.com,UyKPOYjx4YyOZBAZBH-6-ROMm_QtLKp-OS0564_diUBo4IkgbW9diR_rrlKFhF4U,USDqruiFzU1qs3DahNafgzSJkySjt0lCowp,f035dc3e-ae95-4a14-9529-608ecde58bf4,47bf0e26-4c88-4782-9c48-dc69bc70c5c6,Test@123,PASS
14a17534-2965-4978-9d50-7be28f3a44a3,cspperf_user20212@cspperf.com,00a291e5-e699-40a3-94ba-fc80b697f486:7a34390c-ffc0-4fe3-bc10-a005502eac06,cspperf_user20212@cspperf.com,KvA1fTayryxoopIhVIZRIVHt-epym5KtgHmNqcodj-4B8p9Ckam1-3F5p71b54g1,USDqruiFzU1qs3DahNafgzSJkySjt0lCowp,f035dc3e-ae95-4a14-9529-608ecde58bf4,47bf0e26-4c88-4782-9c48-dc69bc70c5c6,Test@123,PASS
14a17534-2965-4978-9d50-7be28f3a44a3,cspperf_user20211@cspperf.com,00a291e5-e699-40a3-94ba-fc80b697f486:cf9137b8-e309-40c8-b5f7-874523a587d2,cspperf_user20211@cspperf.com,N-8B61AfDgaolp_SwskFY4w1C4p2fSNAOZVI0vTLdI8rbkbSLtJTeaKX5-ZLu6oL,USDqruiFzU1qs3DahNafgzSJkySjt0lCowp,f035dc3e-ae95-4a14-9529-608ecde58bf4,47bf0e26-4c88-4782-9c48-dc69bc70c5c6,Test@123,PASS
14a17534-2965-4978-9d50-7be28f3a44a3,cspperf_user20213@cspperf.com,00a291e5-e699-40a3-94ba-fc80b697f486:17d1b99e-dfb4-4f40-8269-cda1a8cee32f,cspperf_user20213@cspperf.com,ueKGDej_QDR2b4z5HaBOdoZS4mrpydADO8C-Kh467-gGZ5_wXTFndM4yf4jBcRVm,USDqruiFzU1qs3DahNafgzSJkySjt0lCowp,f035dc3e-ae95-4a14-9529-608ecde58bf4,47bf0e26-4c88-4782-9c48-dc69bc70c5c6,Test@123,PASS
14a17534-2965-4978-9d50-7be28f3a44a3,cspperf_user20214@cspperf.com,00a291e5-e699-40a3-94ba-fc80b697f486:1bd0a937-fbce-4dff-93bb-74872acc6a05,cspperf_user20214@cspperf.com,XA6ai45Kqa5md_A4JjC-jBPYPxMXjdKrq--tm8wVYP5ZDIYaqt3f2q1k88Wc8quO,USDqruiFzU1qs3DahNafgzSJkySjt0lCowp,f035dc3e-ae95-4a14-9529-608ecde58bf4,47bf0e26-4c88-4782-9c48-dc69bc70c5c6,Test@123,PASS
14a17534-2965-4978-9d50-7be28f3a44a3,cspperf_user20210@cspperf.com,00a291e5-e699-40a3-94ba-fc80b697f486:ac18cbfa-858f-4d78-a0bb-333d170a6514,cspperf_user20210@cspperf.com,Hu2KMXnnMg61KS2U5iLSMtGCN3MAgBx5nhyn7MqsjhcOw7F6tsl5kVDxJjiievjh,USDqruiFzU1qs3DahNafgzSJkySjt0lCowp,f035dc3e-ae95-4a14-9529-608ecde58bf4,47bf0e26-4c88-4782-9c48-dc69bc70c5c6,Test@123,PASS
14a17534-2965-4978-9d50-7be28f3a44a3,cspperf_user20215@cspperf.com,00a291e5-e699-40a3-94ba-fc80b697f486:8c9ffef3-446d-47c2-a919-0da148b05647,cspperf_user20215@cspperf.com,RZ36RS-SQINpL7YMl8ke5BovGfHjWGIbpQ7D3Kjh28ZLzYyHzcKTVw5ZeW4_7gsj,USDqruiFzU1qs3DahNafgzSJkySjt0lCowp,f035dc3e-ae95-4a14-9529-608ecde58bf4,47bf0e26-4c88-4782-9c48-dc69bc70c5c6,Test@123,PASS
14a17534-2965-4978-9d50-7be28f3a44a3,cspperf_user20217@cspperf.com,00a291e5-e699-40a3-94ba-fc80b697f486:7167ef90-45dd-4fd1-8692-3ab94ad3a595,cspperf_user20217@cspperf.com,8be0TBLLQHIpeT_7IC-ExNZ83qo6se77yG4q24RGTE_JHJsMUF_T8oABW41zoIBk,USDqruiFzU1qs3DahNafgzSJkySjt0lCowp,f035dc3e-ae95-4a14-9529-608ecde58bf4,47bf0e26-4c88-4782-9c48-dc69bc70c5c6,Test@123,PASS
14a17534-2965-4978-9d50-7be28f3a44a3,cspperf_user20216@cspperf.com,00a291e5-e699-40a3-94ba-fc80b697f486:41b5b932-f453-4f17-b603-703e59ae93aa,cspperf_user20216@cspperf.com,0UhyeJaXl48-DpGjU6vAOlNhee_GDi_4P_PIQ63uRdw47vnN8HItDToXI76kLS9D,USDqruiFzU1qs3DahNafgzSJkySjt0lCowp,f035dc3e-ae95-4a14-9529-608ecde58bf4,47bf0e26-4c88-4782-9c48-dc69bc70c5c6,Test@123,PASS
14a17534-2965-4978-9d50-7be28f3a44a3,cspperf_user20218@cspperf.com,00a291e5-e699-40a3-94ba-fc80b697f486:0399113a-641a-4a3b-bf99-9137a261ab24,cspperf_user20218@cspperf.com,Sf6ptyOiERkJEz0NkcM76tA-cip9wuEEo82Xct6dKoH4KmEf40wcCQAtzKhTxoyq,USDqruiFzU1qs3DahNafgzSJkySjt0lCowp,f035dc3e-ae95-4a14-9529-608ecde58bf4,47bf0e26-4c88-4782-9c48-dc69bc70c5c6,Test@123,PASS
14a17534-2965-4978-9d50-7be28f3a44a3,cspperf_user20219@cspperf.com,00a291e5-e699-40a3-94ba-fc80b697f486:7beb01c0-8239-43a5-a3b9-e558a4ee2f38,cspperf_user20219@cspperf.com,hdcMYmKv3PQNKSgPbo45X4QEF7ReoztCwHMPZRiXKj6VGKAnAg2t5gT4wa5se2rQ,USDqruiFzU1qs3DahNafgzSJkySjt0lCowp,f035dc3e-ae95-4a14-9529-608ecde58bf4,47bf0e26-4c88-4782-9c48-dc69bc70c5c6,Test@123,PASS
14a17534-2965-4978-9d50-7be28f3a44a3,cspperf_user20220@cspperf.com,00a291e5-e699-40a3-94ba-fc80b697f486:decc3e72-6d78-4518-9d05-e6deb34cf516,cspperf_user20220@cspperf.com,LsJsS870Gdx5q4DRsmYMU6vypForGewWNUxLXNAmTLhRl3dHJndCQkWbZpiNtFmr,USDqruiFzU1qs3DahNafgzSJkySjt0lCowp,f035dc3e-ae95-4a14-9529-608ecde58bf4,47bf0e26-4c88-4782-9c48-dc69bc70c5c6,Test@123,PASS
14a17534-2965-4978-9d50-7be28f3a44a3,cspperf_user20224@cspperf.com,00a291e5-e699-40a3-94ba-fc80b697f486:428616c6-791e-4680-b237-bd24655aaf29,cspperf_user20224@cspperf.com,s3aMpzE9FRr_3tBfQ_JwLGu9XprfL_3BmUeV6fAiCm6LolIx7pmrMT2j16X4cWRC,USDqruiFzU1qs3DahNafgzSJkySjt0lCowp,f035dc3e-ae95-4a14-9529-608ecde58bf4,47bf0e26-4c88-4782-9c48-dc69bc70c5c6,Test@123,PASS
14a17534-2965-4978-9d50-7be28f3a44a3,cspperf_user20223@cspperf.com,00a291e5-e699-40a3-94ba-fc80b697f486:911b0071-4006-4643-a671-d6fc912b7ac1,cspperf_user20223@cspperf.com,RsoQ0BwtWg6d3ncRou0ej1tEURJRnr8cN4vE-W-9uEgdXESuof2pw7_NoOufSFUQ,USDqruiFzU1qs3DahNafgzSJkySjt0lCowp,f035dc3e-ae95-4a14-9529-608ecde58bf4,47bf0e26-4c88-4782-9c48-dc69bc70c5c6,Test@123,PASS
14a17534-2965-4978-9d50-7be28f3a44a3,cspperf_user20225@cspperf.com,00a291e5-e699-40a3-94ba-fc80b697f486:0dbec4c7-e68e-421c-966e-0e02c9c4c94d,cspperf_user20225@cspperf.com,A0LURnEoRPUamuSyV2xZ2xm-YbYomI5Biud_uE54sG88kEWcncQmur0SFU-8Lw2n,USDqruiFzU1qs3DahNafgzSJkySjt0lCowp,f035dc3e-ae95-4a14-9529-608ecde58bf4,47bf0e26-4c88-4782-9c48-dc69bc70c5c6,Test@123,PASS
14a17534-2965-4978-9d50-7be28f3a44a3,cspperf_user20221@cspperf.com,00a291e5-e699-40a3-94ba-fc80b697f486:4a89b7fb-570b-411e-b48f-d88e9c3bb54f,cspperf_user20221@cspperf.com,MnYcSka-LTgFMXPj00oeD9OqkKtNExHYEwyS7pgfk0_KihBp-18jQ0g-0p-WmPVw,USDqruiFzU1qs3DahNafgzSJkySjt0lCowp,f035dc3e-ae95-4a14-9529-608ecde58bf4,47bf0e26-4c88-4782-9c48-dc69bc70c5c6,Test@123,PASS
14a17534-2965-4978-9d50-7be28f3a44a3,cspperf_user20222@cspperf.com,00a291e5-e699-40a3-94ba-fc80b697f486:b3cb4247-c842-40bf-bf3d-286ef0391e95,cspperf_user20222@cspperf.com,Us5O82Eg_VHuhWQ12RmciWHsFrYy7XLG0RRPY5tBuIHWPybdQHNwwxXHBiUfBKfa,USDqruiFzU1qs3DahNafgzSJkySjt0lCowp,f035dc3e-ae95-4a14-9529-608ecde58bf4,47bf0e26-4c88-4782-9c48-dc69bc70c5c6,Test@123,PASS
14a17534-2965-4978-9d50-7be28f3a44a3,cspperf_user20227@cspperf.com,00a291e5-e699-40a3-94ba-fc80b697f486:3a09739e-5612-458e-97d5-99d6944a73c1,cspperf_user20227@cspperf.com,ii-LJG5TRaqggoH-YUPlFGa_80HJd1-rJxyzbanVq4ddJ2JiIEjQBuCdm0FvDaMN,USDqruiFzU1qs3DahNafgzSJkySjt0lCowp,f035dc3e-ae95-4a14-9529-608ecde58bf4,47bf0e26-4c88-4782-9c48-dc69bc70c5c6,Test@123,PASS
14a17534-2965-4978-9d50-7be28f3a44a3,cspperf_user20228@cspperf.com,00a291e5-e699-40a3-94ba-fc80b697f486:13acc70a-bb09-4294-be2e-cb397de5c992,cspperf_user20228@cspperf.com,6eUjCGajUsM6fRlCgDVh_oEe62K8mGEo-7K3nvvZDEJ4ksfChGFrQGo9GxHqGoid,USDqruiFzU1qs3DahNafgzSJkySjt0lCowp,f035dc3e-ae95-4a14-9529-608ecde58bf4,47bf0e26-4c88-4782-9c48-dc69bc70c5c6,Test@123,PASS
14a17534-2965-4978-9d50-7be28f3a44a3,cspperf_user20226@cspperf.com,00a291e5-e699-40a3-94ba-fc80b697f486:4eff2334-7d80-4a40-a969-498c7408c82c,cspperf_user20226@cspperf.com,HHLuv3SqaFRTK5TAmx__bHWBWjm45C3vd2VSrb5b7SrcjYP_CLMUBp9ltWBZTnLx,USDqruiFzU1qs3DahNafgzSJkySjt0lCowp,f035dc3e-ae95-4a14-9529-608ecde58bf4,47bf0e26-4c88-4782-9c48-dc69bc70c5c6,Test@123,PASS
14a17534-2965-4978-9d50-7be28f3a44a3,cspperf_user20229@cspperf.com,00a291e5-e699-40a3-94ba-fc80b697f486:1f2f4d84-0be5-4eb5-86e8-e30d43720c00,cspperf_user20229@cspperf.com,2ywQPMFhCdxYicazljwfcxvCtbO-C58c8OPcs8uOTvWmpq9gzvVRNbKXYvVFoELD,USDqruiFzU1qs3DahNafgzSJkySjt0lCowp,f035dc3e-ae95-4a14-9529-608ecde58bf4,47bf0e26-4c88-4782-9c48-dc69bc70c5c6,Test@123,PASS
14a17534-2965-4978-9d50-7be28f3a44a3,cspperf_user20232@cspperf.com,00a291e5-e699-40a3-94ba-fc80b697f486:b91f9e89-c56d-4833-b649-b98dd6ee82e4,cspperf_user20232@cspperf.com,dXd8SuqUE4FfotgLnPpYiXJnrhK62OwF2fn7ypvJZ_Z72whFVrHXZ-AUGoPbJqH6,USDqruiFzU1qs3DahNafgzSJkySjt0lCowp,f035dc3e-ae95-4a14-9529-608ecde58bf4,47bf0e26-4c88-4782-9c48-dc69bc70c5c6,Test@123,PASS
14a17534-2965-4978-9d50-7be28f3a44a3,cspperf_user20234@cspperf.com,00a291e5-e699-40a3-94ba-fc80b697f486:7ca91dc1-fc88-4801-aabf-3e455aaa7755,cspperf_user20234@cspperf.com,r5RysKFJQeP01I3vJgR1c0ny6tVZy-KITPqKkiaB5Zqt-YQMz0nAvxEnswFgRx35,USDqruiFzU1qs3DahNafgzSJkySjt0lCowp,f035dc3e-ae95-4a14-9529-608ecde58bf4,47bf0e26-4c88-4782-9c48-dc69bc70c5c6,Test@123,PASS
14a17534-2965-4978-9d50-7be28f3a44a3,cspperf_user20230@cspperf.com,00a291e5-e699-40a3-94ba-fc80b697f486:fe81de0a-33fe-42d0-a762-38021db63cd9,cspperf_user20230@cspperf.com,9ZhVLLry6wqcAKTpbo7VfGqwCDMof0T2tAEJfiAb7ZLu3d3L20tOdLalGsRfVtem,USDqruiFzU1qs3DahNafgzSJkySjt0lCowp,f035dc3e-ae95-4a14-9529-608ecde58bf4,47bf0e26-4c88-4782-9c48-dc69bc70c5c6,Test@123,PASS
14a17534-2965-4978-9d50-7be28f3a44a3,cspperf_user20233@cspperf.com,00a291e5-e699-40a3-94ba-fc80b697f486:b980267f-a6e8-4713-abcc-b80f26cda70c,cspperf_user20233@cspperf.com,BKHQV5hKHpE1WY5AVDH9R-ArZAVeHSeyl5eNLXDPl2KayAEatDezDD7iVm0WLh0L,USDqruiFzU1qs3DahNafgzSJkySjt0lCowp,f035dc3e-ae95-4a14-9529-608ecde58bf4,47bf0e26-4c88-4782-9c48-dc69bc70c5c6,Test@123,PASS
14a17534-2965-4978-9d50-7be28f3a44a3,cspperf_user20231@cspperf.com,00a291e5-e699-40a3-94ba-fc80b697f486:97c03c0d-511c-4b5d-a1f9-1014eaac7c32,cspperf_user20231@cspperf.com,jkmH2l-drAEn3aYoVIjXzX7w5g2btAw3_zbO86tQLAer1XfwgBdbvLv5T6Ty51jD,USDqruiFzU1qs3DahNafgzSJkySjt0lCowp,f035dc3e-ae95-4a14-9529-608ecde58bf4,47bf0e26-4c88-4782-9c48-dc69bc70c5c6,Test@123,PASS
14a17534-2965-4978-9d50-7be28f3a44a3,cspperf_user20235@cspperf.com,00a291e5-e699-40a3-94ba-fc80b697f486:b4f16f7e-48bd-42de-ae1a-69393a36011e,cspperf_user20235@cspperf.com,OKodZcU23b7ofPoiQoKKZpHUhGCT9SEN7u3tlwP9E5e83tAh7u-9znisSHPOlgTG,USDqruiFzU1qs3DahNafgzSJkySjt0lCowp,f035dc3e-ae95-4a14-9529-608ecde58bf4,47bf0e26-4c88-4782-9c48-dc69bc70c5c6,Test@123,PASS
14a17534-2965-4978-9d50-7be28f3a44a3,cspperf_user20236@cspperf.com,00a291e5-e699-40a3-94ba-fc80b697f486:e6e0fb63-76ad-4528-a4c9-13f22c0c155f,cspperf_user20236@cspperf.com,wpHnSS6vRwSMTFlrrO-EqUjw8mL8jUvWm0UaMKQRLbuxwitMnXpvQIRZjDK5vvVT,USDqruiFzU1qs3DahNafgzSJkySjt0lCowp,f035dc3e-ae95-4a14-9529-608ecde58bf4,47bf0e26-4c88-4782-9c48-dc69bc70c5c6,Test@123,PASS
14a17534-2965-4978-9d50-7be28f3a44a3,cspperf_user20237@cspperf.com,00a291e5-e699-40a3-94ba-fc80b697f486:21878882-b5e6-4973-a614-627133b0605b,cspperf_user20237@cspperf.com,mmLkJeFm3VQVGxXxffn23rcwZF4HT0dvmtcZkDA-0aI-BJcZOPDUaT-eTWn08vm3,USDqruiFzU1qs3DahNafgzSJkySjt0lCowp,f035dc3e-ae95-4a14-9529-608ecde58bf4,47bf0e26-4c88-4782-9c48-dc69bc70c5c6,Test@123,PASS
14a17534-2965-4978-9d50-7be28f3a44a3,cspperf_user20238@cspperf.com,00a291e5-e699-40a3-94ba-fc80b697f486:000531be-23bf-4724-a59f-65455f60bf63,cspperf_user20238@cspperf.com,JxiRpKfD7VxZS6S7YyG5onKlcX0S2fo1sh--wfwyh08vc_gOj--qNVDpDH0yQkO2,USDqruiFzU1qs3DahNafgzSJkySjt0lCowp,f035dc3e-ae95-4a14-9529-608ecde58bf4,47bf0e26-4c88-4782-9c48-dc69bc70c5c6,Test@123,PASS
14a17534-2965-4978-9d50-7be28f3a44a3,cspperf_user20240@cspperf.com,00a291e5-e699-40a3-94ba-fc80b697f486:33f6e5ba-ae03-4c06-9e0f-9f01430c6008,cspperf_user20240@cspperf.com,09eeZqactNL7B_TOpZY3AMZ9EYkou7Rxff6G1Dl0MSLw2e375PA4-Dy3uBX8Szm4,USDqruiFzU1qs3DahNafgzSJkySjt0lCowp,f035dc3e-ae95-4a14-9529-608ecde58bf4,47bf0e26-4c88-4782-9c48-dc69bc70c5c6,Test@123,PASS
14a17534-2965-4978-9d50-7be28f3a44a3,cspperf_user20239@cspperf.com,00a291e5-e699-40a3-94ba-fc80b697f486:883f7b80-1c29-4ae2-8468-06fc9e4b6cc5,cspperf_user20239@cspperf.com,cApPFG31N_h21WMeaSpEm8Jqp0bSSn4H2FiwT6jjha7uCTKLfpN_KrrSSkGojxlv,USDqruiFzU1qs3DahNafgzSJkySjt0lCowp,f035dc3e-ae95-4a14-9529-608ecde58bf4,47bf0e26-4c88-4782-9c48-dc69bc70c5c6,Test@123,PASS
14a17534-2965-4978-9d50-7be28f3a44a3,cspperf_user20241@cspperf.com,00a291e5-e699-40a3-94ba-fc80b697f486:31b62718-5e77-4fc0-935c-a540fe9ba8f9,cspperf_user20241@cspperf.com,gcE5aTk4Pg1aFQKeJVEL9we9xMCS80S7-e0pwBY-xH09WcyL9ZVv8Fp_gp__dTrF,USDqruiFzU1qs3DahNafgzSJkySjt0lCowp,f035dc3e-ae95-4a14-9529-608ecde58bf4,47bf0e26-4c88-4782-9c48-dc69bc70c5c6,Test@123,PASS
14a17534-2965-4978-9d50-7be28f3a44a3,cspperf_user20244@cspperf.com,00a291e5-e699-40a3-94ba-fc80b697f486:2d234a97-c4f5-4d9d-8fe5-9bd750a97128,cspperf_user20244@cspperf.com,1m3wEiU8dzIvzcDirEbYsP5QjXUs4TwSxGZYt_OWyBceu6t5DVmFBsIqZ9-kEoZC,USDqruiFzU1qs3DahNafgzSJkySjt0lCowp,f035dc3e-ae95-4a14-9529-608ecde58bf4,47bf0e26-4c88-4782-9c48-dc69bc70c5c6,Test@123,PASS
14a17534-2965-4978-9d50-7be28f3a44a3,cspperf_user20242@cspperf.com,00a291e5-e699-40a3-94ba-fc80b697f486:be9a38e5-0130-4b90-96ca-4adc7adbdfbe,cspperf_user20242@cspperf.com,IM2fuFYSuBuYlMgMcOZZal013pw_fWOsfZboent3gjB6_I3UHlZApufg7GvKpJsC,USDqruiFzU1qs3DahNafgzSJkySjt0lCowp,f035dc3e-ae95-4a14-9529-608ecde58bf4,47bf0e26-4c88-4782-9c48-dc69bc70c5c6,Test@123,PASS
14a17534-2965-4978-9d50-7be28f3a44a3,cspperf_user20245@cspperf.com,00a291e5-e699-40a3-94ba-fc80b697f486:da230039-3848-42b7-adf3-0dfe98b90269,cspperf_user20245@cspperf.com,HMFuz-A6NVEHgKp6XlC_yYGoShran_-3TiQ2QwswKY8D6Q2keNnxMFHUWTO06AxL,USDqruiFzU1qs3DahNafgzSJkySjt0lCowp,f035dc3e-ae95-4a14-9529-608ecde58bf4,47bf0e26-4c88-4782-9c48-dc69bc70c5c6,Test@123,PASS
14a17534-2965-4978-9d50-7be28f3a44a3,cspperf_user20247@cspperf.com,00a291e5-e699-40a3-94ba-fc80b697f486:b2c79bdf-b339-49d8-aa94-60285b59592c,cspperf_user20247@cspperf.com,xKIi32d1xbyTfs0VU8n8UnwOXbh679UYxO_aGS7_q0ovDcboImizBbtWMBEHrVKm,USDqruiFzU1qs3DahNafgzSJkySjt0lCowp,f035dc3e-ae95-4a14-9529-608ecde58bf4,47bf0e26-4c88-4782-9c48-dc69bc70c5c6,Test@123,PASS
14a17534-2965-4978-9d50-7be28f3a44a3,cspperf_user20243@cspperf.com,00a291e5-e699-40a3-94ba-fc80b697f486:3153d0c9-3814-4dbc-a938-b70e11fa3abf,cspperf_user20243@cspperf.com,qo2_iHFU0CunAprXjABoinIfYz3Jq4iYFuN252mZwuZ2eA64N_DSKZObSKmyLvwy,USDqruiFzU1qs3DahNafgzSJkySjt0lCowp,f035dc3e-ae95-4a14-9529-608ecde58bf4,47bf0e26-4c88-4782-9c48-dc69bc70c5c6,Test@123,PASS
14a17534-2965-4978-9d50-7be28f3a44a3,cspperf_user20248@cspperf.com,00a291e5-e699-40a3-94ba-fc80b697f486:add51b22-c0fc-4843-8e1a-d77aee11059b,cspperf_user20248@cspperf.com,ml6s5cz5y-JFwuYGReAH86Cale0Meq0El2zaXMVrHawxxFSnokDdWCtu3rWUgA2l,USDqruiFzU1qs3DahNafgzSJkySjt0lCowp,f035dc3e-ae95-4a14-9529-608ecde58bf4,47bf0e26-4c88-4782-9c48-dc69bc70c5c6,Test@123,PASS
14a17534-2965-4978-9d50-7be28f3a44a3,cspperf_user20249@cspperf.com,00a291e5-e699-40a3-94ba-fc80b697f486:616d8f2f-41aa-4248-97c8-87a2770078ab,cspperf_user20249@cspperf.com,xWMduZu9EpUzBgYF3Y9JUI0FlGAR_19o1mQ-9WNRem9dYk5ypAxG6L2AC99py_rD,USDqruiFzU1qs3DahNafgzSJkySjt0lCowp,f035dc3e-ae95-4a14-9529-608ecde58bf4,47bf0e26-4c88-4782-9c48-dc69bc70c5c6,Test@123,PASS
14a17534-2965-4978-9d50-7be28f3a44a3,cspperf_user20246@cspperf.com,00a291e5-e699-40a3-94ba-fc80b697f486:f29a568c-9af9-4eba-b7fe-85622de30073,cspperf_user20246@cspperf.com,GDUm2I6bkwwTD5M_kw3g18Vxq2_FDnL1AO_Rp-n5hRwRSxEDVoP0eDyL_f1IRHQs,USDqruiFzU1qs3DahNafgzSJkySjt0lCowp,f035dc3e-ae95-4a14-9529-608ecde58bf4,47bf0e26-4c88-4782-9c48-dc69bc70c5c6,Test@123,PASS
14a17534-2965-4978-9d50-7be28f3a44a3,cspperf_user20252@cspperf.com,00a291e5-e699-40a3-94ba-fc80b697f486:3d06bbc1-4c28-4f0e-a9a9-256a03451eca,cspperf_user20252@cspperf.com,JM_lfxQH5u0bdHTCmPVK0387nUvQm9R-SYKP0_JgZNxm7SPRA6dfY0nqzaujDRgX,USDqruiFzU1qs3DahNafgzSJkySjt0lCowp,f035dc3e-ae95-4a14-9529-608ecde58bf4,47bf0e26-4c88-4782-9c48-dc69bc70c5c6,Test@123,PASS
14a17534-2965-4978-9d50-7be28f3a44a3,cspperf_user20251@cspperf.com,00a291e5-e699-40a3-94ba-fc80b697f486:caf16cfb-5094-4763-af83-963481e5b7b9,cspperf_user20251@cspperf.com,506wAUA4StZ3CPFd6zKQI_CmUFOrlbjqMULi3fdU81QsMcnPRzjjq-4ehkO1G7OS,USDqruiFzU1qs3DahNafgzSJkySjt0lCowp,f035dc3e-ae95-4a14-9529-608ecde58bf4,47bf0e26-4c88-4782-9c48-dc69bc70c5c6,Test@123,PASS
14a17534-2965-4978-9d50-7be28f3a44a3,cspperf_user20250@cspperf.com,00a291e5-e699-40a3-94ba-fc80b697f486:87b9d0aa-0b0a-491f-a226-bb40a64b017c,cspperf_user20250@cspperf.com,ZaVJR0iLO70VcrI8yTUXzbBJEG3Ff4n-639PybK7aK1CynrrtaDPuRrs55tZiMVm,USDqruiFzU1qs3DahNafgzSJkySjt0lCowp,f035dc3e-ae95-4a14-9529-608ecde58bf4,47bf0e26-4c88-4782-9c48-dc69bc70c5c6,Test@123,PASS
14a17534-2965-4978-9d50-7be28f3a44a3,cspperf_user20253@cspperf.com,00a291e5-e699-40a3-94ba-fc80b697f486:ec1d963f-9c22-4fb7-95b8-3a3919648170,cspperf_user20253@cspperf.com,AxRguKdgknwmit2xMrgmwHcu0Z8i73sMx4ONexA9qRRjlLwbSZKkzMsgW5N7R7a8,USDqruiFzU1qs3DahNafgzSJkySjt0lCowp,f035dc3e-ae95-4a14-9529-608ecde58bf4,47bf0e26-4c88-4782-9c48-dc69bc70c5c6,Test@123,PASS
3a69333a-8e01-4804-ab31-139cca38b7c7,cspperf_user20254@cspperf.com,00a291e5-e699-40a3-94ba-fc80b697f486:6c3e4a80-d9df-467b-9b86-37f77a0f2065,cspperf_user20254@cspperf.com,5qKGM0bE33RjORL86znsyFBQEI6jS5hKj4xrMBZcS-DuFqPk7dZg2os5mMEWPAck,kfpzBy7ZSP42ls3CYCwFx1H1vgOoxJ1VviO,098b9ec7-097e-4f7e-aeb0-f1f39e3e0227,6357da8b-7dc3-46d0-9e2a-83fd49e2e527,Test@123,PASS
3a69333a-8e01-4804-ab31-139cca38b7c7,cspperf_user20255@cspperf.com,00a291e5-e699-40a3-94ba-fc80b697f486:de8a0e3e-0f94-423a-82ea-e49b41a3dd54,cspperf_user20255@cspperf.com,hlPNpqTN78yadIb0vKQNiI9fEJUSm7lBv7039Kp0lNn3PGzM_vHuzRb8bzQQRjVh,kfpzBy7ZSP42ls3CYCwFx1H1vgOoxJ1VviO,098b9ec7-097e-4f7e-aeb0-f1f39e3e0227,6357da8b-7dc3-46d0-9e2a-83fd49e2e527,Test@123,PASS
3a69333a-8e01-4804-ab31-139cca38b7c7,cspperf_user20256@cspperf.com,00a291e5-e699-40a3-94ba-fc80b697f486:0c3179a4-2cb2-4806-9e32-70ab67414d01,cspperf_user20256@cspperf.com,ak3VbX5a6tWU0jkiRMGu0DXTJE1OItDmUrgcyxwm-wPFRxAUtfdA7h73dLmbKTBw,kfpzBy7ZSP42ls3CYCwFx1H1vgOoxJ1VviO,098b9ec7-097e-4f7e-aeb0-f1f39e3e0227,6357da8b-7dc3-46d0-9e2a-83fd49e2e527,Test@123,PASS
3a69333a-8e01-4804-ab31-139cca38b7c7,cspperf_user20257@cspperf.com,00a291e5-e699-40a3-94ba-fc80b697f486:a9df5f0a-e010-4250-b0bb-e5c3d1d16c4d,cspperf_user20257@cspperf.com,C78dFVkISQgOSlvRyzxaTEiunDjCsR4VePAL8FFoWlxaOe8QSjXIGr3M5_4q0lv2,kfpzBy7ZSP42ls3CYCwFx1H1vgOoxJ1VviO,098b9ec7-097e-4f7e-aeb0-f1f39e3e0227,6357da8b-7dc3-46d0-9e2a-83fd49e2e527,Test@123,PASS
3a69333a-8e01-4804-ab31-139cca38b7c7,cspperf_user20258@cspperf.com,00a291e5-e699-40a3-94ba-fc80b697f486:b3bd58cb-308b-4f56-9b26-e1592574b9e9,cspperf_user20258@cspperf.com,WQJGUN-ELLUtauMBaS5oikpwAuOx0i8t8QDFxLs57nvK0WCH2IbtOQaqM3gKPqXo,kfpzBy7ZSP42ls3CYCwFx1H1vgOoxJ1VviO,098b9ec7-097e-4f7e-aeb0-f1f39e3e0227,6357da8b-7dc3-46d0-9e2a-83fd49e2e527,Test@123,PASS
3a69333a-8e01-4804-ab31-139cca38b7c7,cspperf_user20259@cspperf.com,00a291e5-e699-40a3-94ba-fc80b697f486:a8627e79-5a36-4c8d-8899-e989d0fd9c57,cspperf_user20259@cspperf.com,wNnFeWrhUP1KeP7fzLoN7KsXFr_R_t9M3EZPnkq5Gim-VmK6is37G8I9BErhNQGO,kfpzBy7ZSP42ls3CYCwFx1H1vgOoxJ1VviO,098b9ec7-097e-4f7e-aeb0-f1f39e3e0227,6357da8b-7dc3-46d0-9e2a-83fd49e2e527,Test@123,PASS
3a69333a-8e01-4804-ab31-139cca38b7c7,cspperf_user20262@cspperf.com,00a291e5-e699-40a3-94ba-fc80b697f486:9e5eb57a-9a15-4c64-98d1-587af892a4e2,cspperf_user20262@cspperf.com,7YbBVAZQMQ8SX6f70fE2nbe_4nEVCGRHq1gux4rSHcVFzdwF-lY5nCaxWo_IY_x-,kfpzBy7ZSP42ls3CYCwFx1H1vgOoxJ1VviO,098b9ec7-097e-4f7e-aeb0-f1f39e3e0227,6357da8b-7dc3-46d0-9e2a-83fd49e2e527,Test@123,PASS
3a69333a-8e01-4804-ab31-139cca38b7c7,cspperf_user20261@cspperf.com,00a291e5-e699-40a3-94ba-fc80b697f486:396f1455-358d-4d31-b258-0701e2781f6f,cspperf_user20261@cspperf.com,SzxZTe8ZV8C-YZE-8QVm9RzAUbv8APvMZUt4TFQj58bZgMt711lXojlLC76UOLCp,kfpzBy7ZSP42ls3CYCwFx1H1vgOoxJ1VviO,098b9ec7-097e-4f7e-aeb0-f1f39e3e0227,6357da8b-7dc3-46d0-9e2a-83fd49e2e527,Test@123,PASS
3a69333a-8e01-4804-ab31-139cca38b7c7,cspperf_user20263@cspperf.com,00a291e5-e699-40a3-94ba-fc80b697f486:ab45c9c2-d70e-4062-a002-fe50754630c3,cspperf_user20263@cspperf.com,tk8tQw_a8w_frH-JNjvNnCPHQM7CYSjvt3pHiGOgYaAixkudg5KgWmLTgo1P3nkR,kfpzBy7ZSP42ls3CYCwFx1H1vgOoxJ1VviO,098b9ec7-097e-4f7e-aeb0-f1f39e3e0227,6357da8b-7dc3-46d0-9e2a-83fd49e2e527,Test@123,PASS
3a69333a-8e01-4804-ab31-139cca38b7c7,cspperf_user20264@cspperf.com,00a291e5-e699-40a3-94ba-fc80b697f486:5837f91d-e85c-45b6-a40e-3ca2c93007b3,cspperf_user20264@cspperf.com,EQRxTpZHLo_bZXLq1DE9BnQ4NteBpS6axek6VloikqAXt9q4ycu1LFFHTnK6Mhrr,kfpzBy7ZSP42ls3CYCwFx1H1vgOoxJ1VviO,098b9ec7-097e-4f7e-aeb0-f1f39e3e0227,6357da8b-7dc3-46d0-9e2a-83fd49e2e527,Test@123,PASS
3a69333a-8e01-4804-ab31-139cca38b7c7,cspperf_user20265@cspperf.com,00a291e5-e699-40a3-94ba-fc80b697f486:bb824d9c-a700-43ff-96f0-e53f6d8e36a9,cspperf_user20265@cspperf.com,yAqn_sPd4XTel62qiush6eha2vQQAF0gjfBjOzBJEPxulPFv46Z6qdYjFmi8omBS,kfpzBy7ZSP42ls3CYCwFx1H1vgOoxJ1VviO,098b9ec7-097e-4f7e-aeb0-f1f39e3e0227,6357da8b-7dc3-46d0-9e2a-83fd49e2e527,Test@123,PASS
3a69333a-8e01-4804-ab31-139cca38b7c7,cspperf_user20260@cspperf.com,00a291e5-e699-40a3-94ba-fc80b697f486:26a11edc-c1f7-4275-b074-35b00b35fdf1,cspperf_user20260@cspperf.com,7eniVorIIDPtLb0_9g0v1H3lBr0t9hyuSVMgSg5iZtZct_xKgM-kzsogV46T3Ueq,kfpzBy7ZSP42ls3CYCwFx1H1vgOoxJ1VviO,098b9ec7-097e-4f7e-aeb0-f1f39e3e0227,6357da8b-7dc3-46d0-9e2a-83fd49e2e527,Test@123,PASS
3a69333a-8e01-4804-ab31-139cca38b7c7,cspperf_user20268@cspperf.com,00a291e5-e699-40a3-94ba-fc80b697f486:d67a9781-fb8b-46ff-97b0-50dbf264385b,cspperf_user20268@cspperf.com,ZLF8HhXk919rGwwrGUxqdhmdqH6nTw09KZ1qwfixK2-yABpjUh5rPYT7T3kjZktg,kfpzBy7ZSP42ls3CYCwFx1H1vgOoxJ1VviO,098b9ec7-097e-4f7e-aeb0-f1f39e3e0227,6357da8b-7dc3-46d0-9e2a-83fd49e2e527,Test@123,PASS
3a69333a-8e01-4804-ab31-139cca38b7c7,cspperf_user20272@cspperf.com,00a291e5-e699-40a3-94ba-fc80b697f486:6f3ec31b-c91d-4aab-8d63-4f43c582c085,cspperf_user20272@cspperf.com,nHE31u5RA0R1yzOh8J97nqAjaC_epsTTwCvL8yFSYokHI8pzrisK2EyLXq6HXDrX,kfpzBy7ZSP42ls3CYCwFx1H1vgOoxJ1VviO,098b9ec7-097e-4f7e-aeb0-f1f39e3e0227,6357da8b-7dc3-46d0-9e2a-83fd49e2e527,Test@123,PASS
3a69333a-8e01-4804-ab31-139cca38b7c7,cspperf_user20274@cspperf.com,00a291e5-e699-40a3-94ba-fc80b697f486:7567d508-8171-48bc-bc12-ff39db6c94ba,cspperf_user20274@cspperf.com,oSBg71fpG62TxLnztEOflwG49hv-fv3Wc1pkdW846J6H6eytpBWuA00siT8ssPx6,kfpzBy7ZSP42ls3CYCwFx1H1vgOoxJ1VviO,098b9ec7-097e-4f7e-aeb0-f1f39e3e0227,6357da8b-7dc3-46d0-9e2a-83fd49e2e527,Test@123,PASS
3a69333a-8e01-4804-ab31-139cca38b7c7,cspperf_user20269@cspperf.com,00a291e5-e699-40a3-94ba-fc80b697f486:59873c98-63e9-4316-a248-db1accf658aa,cspperf_user20269@cspperf.com,HRz7Nzw7VecbUB90kHB0Dwf4pZBD7lFw4Kpj2dGIDMzHsxK65PwHAm_Kc91-CqPT,kfpzBy7ZSP42ls3CYCwFx1H1vgOoxJ1VviO,098b9ec7-097e-4f7e-aeb0-f1f39e3e0227,6357da8b-7dc3-46d0-9e2a-83fd49e2e527,Test@123,PASS
3a69333a-8e01-4804-ab31-139cca38b7c7,cspperf_user20283@cspperf.com,00a291e5-e699-40a3-94ba-fc80b697f486:6eb02a84-51c0-4d1d-a78f-d7945f58295a,cspperf_user20283@cspperf.com,Sj2jfIGoPPqEDmRYWzEXrdiE_-8ZAaI_Hoc0_SusvU5jTzmUcQ4v3hFHkve9CZxT,kfpzBy7ZSP42ls3CYCwFx1H1vgOoxJ1VviO,098b9ec7-097e-4f7e-aeb0-f1f39e3e0227,6357da8b-7dc3-46d0-9e2a-83fd49e2e527,Test@123,PASS
3a69333a-8e01-4804-ab31-139cca38b7c7,cspperf_user20282@cspperf.com,00a291e5-e699-40a3-94ba-fc80b697f486:8468b735-2f34-42ce-a2ec-93e3c226683d,cspperf_user20282@cspperf.com,FlRTiDVge0YJBTK4mq-3Uc-ssVXsuNQcC1YNqOK_99xQzgXDe_rSv4qkqpQKg24U,kfpzBy7ZSP42ls3CYCwFx1H1vgOoxJ1VviO,098b9ec7-097e-4f7e-aeb0-f1f39e3e0227,6357da8b-7dc3-46d0-9e2a-83fd49e2e527,Test@123,PASS
3a69333a-8e01-4804-ab31-139cca38b7c7,cspperf_user20281@cspperf.com,00a291e5-e699-40a3-94ba-fc80b697f486:c3cb4ac9-9eb2-45d7-ac9f-476a8cd36313,cspperf_user20281@cspperf.com,Jr-Rju07dYaUIQVFoytQHn5wpO60oZqZPOFhOuz9qN0g6EeuscGMHDJ5AxXjqXKm,kfpzBy7ZSP42ls3CYCwFx1H1vgOoxJ1VviO,098b9ec7-097e-4f7e-aeb0-f1f39e3e0227,6357da8b-7dc3-46d0-9e2a-83fd49e2e527,Test@123,PASS
3a69333a-8e01-4804-ab31-139cca38b7c7,cspperf_user20285@cspperf.com,00a291e5-e699-40a3-94ba-fc80b697f486:be149fc6-9621-4d62-bd9c-5f2e7bc93f65,cspperf_user20285@cspperf.com,8sS4cYivlsTOPwLBksxSF50TSwXs467N4Jf-6LcCIPPtjc2wHWx3cAfjuNZ_d0w8,kfpzBy7ZSP42ls3CYCwFx1H1vgOoxJ1VviO,098b9ec7-097e-4f7e-aeb0-f1f39e3e0227,6357da8b-7dc3-46d0-9e2a-83fd49e2e527,Test@123,PASS
3a69333a-8e01-4804-ab31-139cca38b7c7,cspperf_user20277@cspperf.com,00a291e5-e699-40a3-94ba-fc80b697f486:4983ba21-f131-4a12-b392-e82f239feeb3,cspperf_user20277@cspperf.com,tYImkKiVh30B6nO44BGXj7u7MkCu22iTqwaFaX1UEmy7aELX64Edtg6AOwIW30Be,kfpzBy7ZSP42ls3CYCwFx1H1vgOoxJ1VviO,098b9ec7-097e-4f7e-aeb0-f1f39e3e0227,6357da8b-7dc3-46d0-9e2a-83fd49e2e527,Test@123,PASS
3a69333a-8e01-4804-ab31-139cca38b7c7,cspperf_user20275@cspperf.com,00a291e5-e699-40a3-94ba-fc80b697f486:fb5bbee2-b09c-4d67-a922-d85a9d0b16fb,cspperf_user20275@cspperf.com,r3x5CBvpzznEofaxE8VxEjTw7XlsKCjq-pT2H19lNuTXq90Oar-rdy4ijnwB7noU,kfpzBy7ZSP42ls3CYCwFx1H1vgOoxJ1VviO,098b9ec7-097e-4f7e-aeb0-f1f39e3e0227,6357da8b-7dc3-46d0-9e2a-83fd49e2e527,Test@123,PASS
3a69333a-8e01-4804-ab31-139cca38b7c7,cspperf_user20286@cspperf.com,00a291e5-e699-40a3-94ba-fc80b697f486:f2e9f6af-8595-4380-a363-c0eddca008df,cspperf_user20286@cspperf.com,uGd1W9VW2_OFYEsp-vajU_KNM9RA5PKXR0UIvY7fz7BCnvV5KVe56urVrBWyEsIV,kfpzBy7ZSP42ls3CYCwFx1H1vgOoxJ1VviO,098b9ec7-097e-4f7e-aeb0-f1f39e3e0227,6357da8b-7dc3-46d0-9e2a-83fd49e2e527,Test@123,PASS
3a69333a-8e01-4804-ab31-139cca38b7c7,cspperf_user20287@cspperf.com,00a291e5-e699-40a3-94ba-fc80b697f486:219bd67f-bb6f-42ca-97b2-32a8e3bd4f00,cspperf_user20287@cspperf.com,4kO4qIiio5sNp3IfJP4MhHxlsgSp46k0wH0hxGiN4rVi8wYlx86b_PZhSvN_QrTG,kfpzBy7ZSP42ls3CYCwFx1H1vgOoxJ1VviO,098b9ec7-097e-4f7e-aeb0-f1f39e3e0227,6357da8b-7dc3-46d0-9e2a-83fd49e2e527,Test@123,PASS
3a69333a-8e01-4804-ab31-139cca38b7c7,cspperf_user20266@cspperf.com,00a291e5-e699-40a3-94ba-fc80b697f486:2ebc263e-26cd-40d7-b668-2b56e01bf8d2,cspperf_user20266@cspperf.com,7wQECNpKMVfTyT18AyL1nayCPniFPXzd69O91mQ-wNM9Mqphs99ILJYhIvuQO4kf,kfpzBy7ZSP42ls3CYCwFx1H1vgOoxJ1VviO,098b9ec7-097e-4f7e-aeb0-f1f39e3e0227,6357da8b-7dc3-46d0-9e2a-83fd49e2e527,Test@123,PASS
3a69333a-8e01-4804-ab31-139cca38b7c7,cspperf_user20288@cspperf.com,00a291e5-e699-40a3-94ba-fc80b697f486:a6e92fca-2df7-43b8-abb3-32eeb997b5f2,cspperf_user20288@cspperf.com,JrJbqbPErrg1sPCSBTU0gc2v5eteuAc70kzy-o_bhxAEYwiZxuafDOk4DLtUK6cD,kfpzBy7ZSP42ls3CYCwFx1H1vgOoxJ1VviO,098b9ec7-097e-4f7e-aeb0-f1f39e3e0227,6357da8b-7dc3-46d0-9e2a-83fd49e2e527,Test@123,PASS
3a69333a-8e01-4804-ab31-139cca38b7c7,cspperf_user20290@cspperf.com,00a291e5-e699-40a3-94ba-fc80b697f486:5f3bbb0c-8bcb-4822-85cd-fb385fda4246,cspperf_user20290@cspperf.com,2p7j4dJvx4U3To4zKJ-yJjAhXKD0Etgia8rh0UVPmN-MJdyDErbNXUVlSOcEwu2r,kfpzBy7ZSP42ls3CYCwFx1H1vgOoxJ1VviO,098b9ec7-097e-4f7e-aeb0-f1f39e3e0227,6357da8b-7dc3-46d0-9e2a-83fd49e2e527,Test@123,PASS
3a69333a-8e01-4804-ab31-139cca38b7c7,cspperf_user20294@cspperf.com,00a291e5-e699-40a3-94ba-fc80b697f486:1ae4618e-25f6-44c6-a562-443c9c38bdc2,cspperf_user20294@cspperf.com,T3Hcyy3yVqoUtFEoOhXynH24XEHe3WxboVZgMu_ZpiLsY0w0x0WrG0zhdK9Kqr87,kfpzBy7ZSP42ls3CYCwFx1H1vgOoxJ1VviO,098b9ec7-097e-4f7e-aeb0-f1f39e3e0227,6357da8b-7dc3-46d0-9e2a-83fd49e2e527,Test@123,PASS
3a69333a-8e01-4804-ab31-139cca38b7c7,cspperf_user20271@cspperf.com,00a291e5-e699-40a3-94ba-fc80b697f486:476c9435-dcf8-4337-93ab-6eae218609b2,cspperf_user20271@cspperf.com,HgQPgC8U8xREv-4aDlmkY1FaSOWlofacKyOJeJBxxjekZ82wTcA6ts7j6cS6Tjui,kfpzBy7ZSP42ls3CYCwFx1H1vgOoxJ1VviO,098b9ec7-097e-4f7e-aeb0-f1f39e3e0227,6357da8b-7dc3-46d0-9e2a-83fd49e2e527,Test@123,PASS
3a69333a-8e01-4804-ab31-139cca38b7c7,cspperf_user20289@cspperf.com,00a291e5-e699-40a3-94ba-fc80b697f486:e5758417-7ff4-4621-9e11-ab4fa15ab100,cspperf_user20289@cspperf.com,22W_8QCMzg8T-xpTriKbzdd94EIHZgutgdzq1pwxgGiDG_ZAT06PqdHkVRRauIoN,kfpzBy7ZSP42ls3CYCwFx1H1vgOoxJ1VviO,098b9ec7-097e-4f7e-aeb0-f1f39e3e0227,6357da8b-7dc3-46d0-9e2a-83fd49e2e527,Test@123,PASS
3a69333a-8e01-4804-ab31-139cca38b7c7,cspperf_user20293@cspperf.com,00a291e5-e699-40a3-94ba-fc80b697f486:c370f443-6847-449b-a1db-9e06b34adb45,cspperf_user20293@cspperf.com,C_a4DdsX3bNabfNgmPCJ5lKrMZaXpes910t7QVIg4Tigjem1FJOBhXgdmHiOGIcD,kfpzBy7ZSP42ls3CYCwFx1H1vgOoxJ1VviO,098b9ec7-097e-4f7e-aeb0-f1f39e3e0227,6357da8b-7dc3-46d0-9e2a-83fd49e2e527,Test@123,PASS
3a69333a-8e01-4804-ab31-139cca38b7c7,cspperf_user20292@cspperf.com,00a291e5-e699-40a3-94ba-fc80b697f486:2a296098-ec73-4536-8a9f-63ebcd85e8c3,cspperf_user20292@cspperf.com,BIs4F3wK1oy6u5fAs3rdut3VNOKfYW0mIfOvVvuP1MoAtnkxbTqRHhm-fD8PrKKV,kfpzBy7ZSP42ls3CYCwFx1H1vgOoxJ1VviO,098b9ec7-097e-4f7e-aeb0-f1f39e3e0227,6357da8b-7dc3-46d0-9e2a-83fd49e2e527,Test@123,PASS
3a69333a-8e01-4804-ab31-139cca38b7c7,cspperf_user20295@cspperf.com,00a291e5-e699-40a3-94ba-fc80b697f486:d8e29d47-81f1-41ae-833a-de425268b5b0,cspperf_user20295@cspperf.com,c25CE5PSiFt2chrIlrNVlxeGs_UtNRrcLJ9qoHh16NjdrQvaDTvPcqxjQSWmvpeo,kfpzBy7ZSP42ls3CYCwFx1H1vgOoxJ1VviO,098b9ec7-097e-4f7e-aeb0-f1f39e3e0227,6357da8b-7dc3-46d0-9e2a-83fd49e2e527,Test@123,PASS
3a69333a-8e01-4804-ab31-139cca38b7c7,cspperf_user20297@cspperf.com,00a291e5-e699-40a3-94ba-fc80b697f486:cec9814c-a866-453f-b8a4-9005c5e013d6,cspperf_user20297@cspperf.com,CT0JhpyPcR6ORonpEujWehHmv93MJSHZu2ZQkWecxDj1Lnu_IVkm0xekxxPBazua,kfpzBy7ZSP42ls3CYCwFx1H1vgOoxJ1VviO,098b9ec7-097e-4f7e-aeb0-f1f39e3e0227,6357da8b-7dc3-46d0-9e2a-83fd49e2e527,Test@123,PASS
3a69333a-8e01-4804-ab31-139cca38b7c7,cspperf_user20291@cspperf.com,00a291e5-e699-40a3-94ba-fc80b697f486:b5fa9ca9-6ceb-436f-a6d2-0d96a3f05c69,cspperf_user20291@cspperf.com,tkj8sgoQybc80sQ48HMswRT7WvjEKH7_zupEdot7aJ4iY3rRiOF5lEvbi-13zD7q,kfpzBy7ZSP42ls3CYCwFx1H1vgOoxJ1VviO,098b9ec7-097e-4f7e-aeb0-f1f39e3e0227,6357da8b-7dc3-46d0-9e2a-83fd49e2e527,Test@123,PASS
3a69333a-8e01-4804-ab31-139cca38b7c7,cspperf_user20270@cspperf.com,00a291e5-e699-40a3-94ba-fc80b697f486:f029b419-9b0c-4ff2-954e-100cde05c525,cspperf_user20270@cspperf.com,ZLRj9bi2Q9bZoWh7NqKEvsbCoIQCGO4t6mOw6dK89zvjlZ6hTWDY4KHGJGVtGUHL,kfpzBy7ZSP42ls3CYCwFx1H1vgOoxJ1VviO,098b9ec7-097e-4f7e-aeb0-f1f39e3e0227,6357da8b-7dc3-46d0-9e2a-83fd49e2e527,Test@123,PASS
3a69333a-8e01-4804-ab31-139cca38b7c7,cspperf_user20296@cspperf.com,00a291e5-e699-40a3-94ba-fc80b697f486:ef0625be-d4d0-4fd5-8a9b-969ae86c7832,cspperf_user20296@cspperf.com,tliiTuq1jZrfWe8bqAT1pIMxEeFeY3S4J7qwmQRK8gjd1UTVc0IJt5kKTm5COQW0,kfpzBy7ZSP42ls3CYCwFx1H1vgOoxJ1VviO,098b9ec7-097e-4f7e-aeb0-f1f39e3e0227,6357da8b-7dc3-46d0-9e2a-83fd49e2e527,Test@123,PASS
3a69333a-8e01-4804-ab31-139cca38b7c7,cspperf_user20300@cspperf.com,00a291e5-e699-40a3-94ba-fc80b697f486:76593b30-93a2-4392-9054-791b091a15ad,cspperf_user20300@cspperf.com,XOM9qdH9ivJO7qoDS7tOyBRmqs1n0wLVPKSoY4R17ELwrOGaJsGHKzXAsjQT9stB,kfpzBy7ZSP42ls3CYCwFx1H1vgOoxJ1VviO,098b9ec7-097e-4f7e-aeb0-f1f39e3e0227,6357da8b-7dc3-46d0-9e2a-83fd49e2e527,Test@123,PASS
3a69333a-8e01-4804-ab31-139cca38b7c7,cspperf_user20303@cspperf.com,00a291e5-e699-40a3-94ba-fc80b697f486:ab6be09a-ad3c-432b-bd5b-de0a64a9fa75,cspperf_user20303@cspperf.com,89-DzWY-xWlFNyyH4dVk6OhyJngeuU2rbZyxoCVrYVrAA3RosgFKlUpBvwGAPSoP,kfpzBy7ZSP42ls3CYCwFx1H1vgOoxJ1VviO,098b9ec7-097e-4f7e-aeb0-f1f39e3e0227,6357da8b-7dc3-46d0-9e2a-83fd49e2e527,Test@123,PASS
3a69333a-8e01-4804-ab31-139cca38b7c7,cspperf_user20302@cspperf.com,00a291e5-e699-40a3-94ba-fc80b697f486:26648e2b-ee12-43a6-b646-2d8a85eaba62,cspperf_user20302@cspperf.com,LX5ivarkn4kCQ9kp778weaTvZG-jfamnPUGkYUpK7QAfCcKGTSL_0YALh2ootH-4,kfpzBy7ZSP42ls3CYCwFx1H1vgOoxJ1VviO,098b9ec7-097e-4f7e-aeb0-f1f39e3e0227,6357da8b-7dc3-46d0-9e2a-83fd49e2e527,Test@123,PASS
3a69333a-8e01-4804-ab31-139cca38b7c7,cspperf_user20301@cspperf.com,00a291e5-e699-40a3-94ba-fc80b697f486:f0328fba-3756-40fc-b984-b92b809bb0c7,cspperf_user20301@cspperf.com,rASa4fQa7z36Vc6HiOsMCIoUCf00dofaKs4JOt1_KTiGGzglDwoF2duJYQ25f5wr,kfpzBy7ZSP42ls3CYCwFx1H1vgOoxJ1VviO,098b9ec7-097e-4f7e-aeb0-f1f39e3e0227,6357da8b-7dc3-46d0-9e2a-83fd49e2e527,Test@123,PASS
4eb4e054-12bc-474e-afa5-de5e1857121d,cspperf_user20304@cspperf.com,00a291e5-e699-40a3-94ba-fc80b697f486:f2ab95d4-5add-4478-bdd8-4ce29715c1e2,cspperf_user20304@cspperf.com,HLFY0YAkwZ2y0-A2q3cKXTHwMwpQxdQ1O-6k6au8F6NpSWFDXypZiYF8GetFTaTm,rH4GSXD1emTlmmjrF1lHn3cvvyryupuLfeB,ef53aa94-b860-4868-902d-a24641f697d4,ba5f6b25-3c5a-42a7-9cfa-30d43f55870a,Test@123,PASS
4eb4e054-12bc-474e-afa5-de5e1857121d,cspperf_user20308@cspperf.com,00a291e5-e699-40a3-94ba-fc80b697f486:b2ac122e-389d-49d4-95d4-ca02b1062eaa,cspperf_user20308@cspperf.com,Ic4-9BAPMfogihM3Gy7jN1KKGIi3-3fd0f--LpdM1ayDO6Wk_fVSpZCETGDae8H2,rH4GSXD1emTlmmjrF1lHn3cvvyryupuLfeB,ef53aa94-b860-4868-902d-a24641f697d4,ba5f6b25-3c5a-42a7-9cfa-30d43f55870a,Test@123,PASS
4eb4e054-12bc-474e-afa5-de5e1857121d,cspperf_user20305@cspperf.com,00a291e5-e699-40a3-94ba-fc80b697f486:418841f2-1f22-4112-9c4f-3c7229ac8162,cspperf_user20305@cspperf.com,FVRzgefk-abhTwd3JTqk6tJSN9jXk4c6P6qfgRDuNBKa3whNqnJZMQDijwum_gwW,rH4GSXD1emTlmmjrF1lHn3cvvyryupuLfeB,ef53aa94-b860-4868-902d-a24641f697d4,ba5f6b25-3c5a-42a7-9cfa-30d43f55870a,Test@123,PASS
4eb4e054-12bc-474e-afa5-de5e1857121d,cspperf_user20307@cspperf.com,00a291e5-e699-40a3-94ba-fc80b697f486:d2b2a0a2-ee79-42fb-a8e0-e68a319410c1,cspperf_user20307@cspperf.com,7OCyvNqLbu0XWwN4JuEg-cuMQ6wqyYJ80SLWhs228-oj7SHRLxxTjxJlblKNaSGb,rH4GSXD1emTlmmjrF1lHn3cvvyryupuLfeB,ef53aa94-b860-4868-902d-a24641f697d4,ba5f6b25-3c5a-42a7-9cfa-30d43f55870a,Test@123,PASS
4eb4e054-12bc-474e-afa5-de5e1857121d,cspperf_user20306@cspperf.com,00a291e5-e699-40a3-94ba-fc80b697f486:d6818c97-d8e7-4cdb-a64e-555ba5a47cf5,cspperf_user20306@cspperf.com,DCkK39e7qFzJvb8pfzzlArSzFZ__VQTYEHgL0b5NiMk8SjzbKMfmC2CftVKHHWm9,rH4GSXD1emTlmmjrF1lHn3cvvyryupuLfeB,ef53aa94-b860-4868-902d-a24641f697d4,ba5f6b25-3c5a-42a7-9cfa-30d43f55870a,Test@123,PASS
4eb4e054-12bc-474e-afa5-de5e1857121d,cspperf_user20309@cspperf.com,00a291e5-e699-40a3-94ba-fc80b697f486:a27c0479-717a-48f9-86cf-bcd445bca352,cspperf_user20309@cspperf.com,N1oizjHk6Aq7Vsv61qIiJInKgrmLLx-AHzT5hC2iMLv8zYUsQtVdInxiwY5uv2L9,rH4GSXD1emTlmmjrF1lHn3cvvyryupuLfeB,ef53aa94-b860-4868-902d-a24641f697d4,ba5f6b25-3c5a-42a7-9cfa-30d43f55870a,Test@123,PASS
4eb4e054-12bc-474e-afa5-de5e1857121d,cspperf_user20310@cspperf.com,00a291e5-e699-40a3-94ba-fc80b697f486:74e3c55c-d6d5-43c8-95ff-97578a5e9f6b,cspperf_user20310@cspperf.com,BRkNdcRl2tAeXSfRwMqXM8nz7T4MdVne2Dv0uTPG45T5ep8Pkp2SOsf_nXvGwiEd,rH4GSXD1emTlmmjrF1lHn3cvvyryupuLfeB,ef53aa94-b860-4868-902d-a24641f697d4,ba5f6b25-3c5a-42a7-9cfa-30d43f55870a,Test@123,PASS
3a69333a-8e01-4804-ab31-139cca38b7c7,cspperf_user20298@cspperf.com,00a291e5-e699-40a3-94ba-fc80b697f486:37ee3d4e-374e-45ea-84b3-637035242f9a,cspperf_user20298@cspperf.com,5WsjD1n7hcwgncYjfFfrWZnYYxi7AigN0oiCeamR_xFuN066Sa2zcKxeUsWTK2jl,kfpzBy7ZSP42ls3CYCwFx1H1vgOoxJ1VviO,098b9ec7-097e-4f7e-aeb0-f1f39e3e0227,6357da8b-7dc3-46d0-9e2a-83fd49e2e527,Test@123,PASS
4eb4e054-12bc-474e-afa5-de5e1857121d,cspperf_user20311@cspperf.com,00a291e5-e699-40a3-94ba-fc80b697f486:e1967812-5d15-49e7-806d-ee5e6e7ef045,cspperf_user20311@cspperf.com,JSNQfASgw5ZUS8vmLWMzyqLskM0YtN7CIpW8UCxfssCPOn8M8qYk1zhutvtiRpKM,rH4GSXD1emTlmmjrF1lHn3cvvyryupuLfeB,ef53aa94-b860-4868-902d-a24641f697d4,ba5f6b25-3c5a-42a7-9cfa-30d43f55870a,Test@123,PASS
3a69333a-8e01-4804-ab31-139cca38b7c7,cspperf_user20299@cspperf.com,00a291e5-e699-40a3-94ba-fc80b697f486:c056e740-84e2-4b39-99d1-6033b2c2bb94,cspperf_user20299@cspperf.com,2_b-45utrGs1cEUbLZUWA4pXn8-mVLXYVgGw1zzAGTLOhgYO4oFj8qyLaxwi7fAh,kfpzBy7ZSP42ls3CYCwFx1H1vgOoxJ1VviO,098b9ec7-097e-4f7e-aeb0-f1f39e3e0227,6357da8b-7dc3-46d0-9e2a-83fd49e2e527,Test@123,PASS
4eb4e054-12bc-474e-afa5-de5e1857121d,cspperf_user20316@cspperf.com,00a291e5-e699-40a3-94ba-fc80b697f486:5070ae60-4609-4e06-b074-4b71373552f1,cspperf_user20316@cspperf.com,bh656vUqunpPtQYPD4bsqr2kryux49_IVzA28HqefAjnH-Vfx1sJiw7BfXyWdFRr,rH4GSXD1emTlmmjrF1lHn3cvvyryupuLfeB,ef53aa94-b860-4868-902d-a24641f697d4,ba5f6b25-3c5a-42a7-9cfa-30d43f55870a,Test@123,PASS
4eb4e054-12bc-474e-afa5-de5e1857121d,cspperf_user20321@cspperf.com,00a291e5-e699-40a3-94ba-fc80b697f486:f685c593-838b-4b63-a867-c9bda310c9a6,cspperf_user20321@cspperf.com,RDS3zddeChtloB-YAU2TQbfzjVuvFqBkPtyvvs0kgCnRcVUxKx43DXbd7iKd3VYG,rH4GSXD1emTlmmjrF1lHn3cvvyryupuLfeB,ef53aa94-b860-4868-902d-a24641f697d4,ba5f6b25-3c5a-42a7-9cfa-30d43f55870a,Test@123,PASS
4eb4e054-12bc-474e-afa5-de5e1857121d,cspperf_user20315@cspperf.com,00a291e5-e699-40a3-94ba-fc80b697f486:f3d18c4c-5094-4ed7-a950-c6050729bc3f,cspperf_user20315@cspperf.com,98CJ3bCrk5tq68QR3mWzNrh8zojgE35_dDd1aaYGtj0dhMMUHA4t7SnxErfi5184,rH4GSXD1emTlmmjrF1lHn3cvvyryupuLfeB,ef53aa94-b860-4868-902d-a24641f697d4,ba5f6b25-3c5a-42a7-9cfa-30d43f55870a,Test@123,PASS
4eb4e054-12bc-474e-afa5-de5e1857121d,cspperf_user20323@cspperf.com,00a291e5-e699-40a3-94ba-fc80b697f486:1dd15f4e-df63-4263-976f-7dc53af9b8d2,cspperf_user20323@cspperf.com,mZG_cumS2dRO8ajuidkDBVj0e8SAyRjhor4Rg_qp5LpWQdjW54K-Qzbxqs1--6ic,rH4GSXD1emTlmmjrF1lHn3cvvyryupuLfeB,ef53aa94-b860-4868-902d-a24641f697d4,ba5f6b25-3c5a-42a7-9cfa-30d43f55870a,Test@123,PASS
4eb4e054-12bc-474e-afa5-de5e1857121d,cspperf_user20317@cspperf.com,00a291e5-e699-40a3-94ba-fc80b697f486:22fd4433-f997-4706-93c5-6fd7d26384fb,cspperf_user20317@cspperf.com,2oclquEOq6UmWZ2-4OoFbOhAHjPQhu6lXDUqrapEwoSPFWzmmautiSPXJYtNRw9F,rH4GSXD1emTlmmjrF1lHn3cvvyryupuLfeB,ef53aa94-b860-4868-902d-a24641f697d4,ba5f6b25-3c5a-42a7-9cfa-30d43f55870a,Test@123,PASS
4eb4e054-12bc-474e-afa5-de5e1857121d,cspperf_user20314@cspperf.com,00a291e5-e699-40a3-94ba-fc80b697f486:85f234a4-cb6c-4ae7-8f6d-4e157dad5316,cspperf_user20314@cspperf.com,jygBBgYgBjDQsln5FHhtGn5iFmYb2Dy01rlNE1IeqT-loMP8pLSS9mQc49nxNSHr,rH4GSXD1emTlmmjrF1lHn3cvvyryupuLfeB,ef53aa94-b860-4868-902d-a24641f697d4,ba5f6b25-3c5a-42a7-9cfa-30d43f55870a,Test@123,PASS
4eb4e054-12bc-474e-afa5-de5e1857121d,cspperf_user20319@cspperf.com,00a291e5-e699-40a3-94ba-fc80b697f486:a13d8bed-895e-4f73-bbf4-7ddba2b69092,cspperf_user20319@cspperf.com,9HONfe7kDGjBoEYLcBVQKz_Rwe-sEinlhI57u9Iwh_b1e-yObu640HsMA0A0xnWc,rH4GSXD1emTlmmjrF1lHn3cvvyryupuLfeB,ef53aa94-b860-4868-902d-a24641f697d4,ba5f6b25-3c5a-42a7-9cfa-30d43f55870a,Test@123,PASS
4eb4e054-12bc-474e-afa5-de5e1857121d,cspperf_user20322@cspperf.com,00a291e5-e699-40a3-94ba-fc80b697f486:0184f918-8248-4b7d-af91-aeacf7466a25,cspperf_user20322@cspperf.com,uQfDYDqGOEQhiMDHKCYeeOD_AGwmB-RxbNEKRhLwUomzvP1VjksPBWciUHih6wfO,rH4GSXD1emTlmmjrF1lHn3cvvyryupuLfeB,ef53aa94-b860-4868-902d-a24641f697d4,ba5f6b25-3c5a-42a7-9cfa-30d43f55870a,Test@123,PASS
4eb4e054-12bc-474e-afa5-de5e1857121d,cspperf_user20324@cspperf.com,00a291e5-e699-40a3-94ba-fc80b697f486:10caab0c-1e1f-486e-9665-5db71fba2e6e,cspperf_user20324@cspperf.com,VopfUTxsi7lWuZnqZxwSf1BZZiUxw1CZFdIbIhZV7l8t412xNc5gArDTcKcdZP4j,rH4GSXD1emTlmmjrF1lHn3cvvyryupuLfeB,ef53aa94-b860-4868-902d-a24641f697d4,ba5f6b25-3c5a-42a7-9cfa-30d43f55870a,Test@123,PASS
4eb4e054-12bc-474e-afa5-de5e1857121d,cspperf_user20326@cspperf.com,00a291e5-e699-40a3-94ba-fc80b697f486:221d486d-ff19-4832-86b1-18b5a1d2590d,cspperf_user20326@cspperf.com,dOFSfsU9c3yakl7yfQ0YN4IKUFPrpZmirtJdYAz9E3lX_Qrdom8jvURwIVeuGhGY,rH4GSXD1emTlmmjrF1lHn3cvvyryupuLfeB,ef53aa94-b860-4868-902d-a24641f697d4,ba5f6b25-3c5a-42a7-9cfa-30d43f55870a,Test@123,PASS
4eb4e054-12bc-474e-afa5-de5e1857121d,cspperf_user20313@cspperf.com,00a291e5-e699-40a3-94ba-fc80b697f486:ac4361b7-23c9-4627-83fc-aec022d9eb08,cspperf_user20313@cspperf.com,EoxtRyMhalN9iZR0m6f_stkeXZyhn1FoB-iDgA_K_EorJn4QI1_qZhwldStirMPQ,rH4GSXD1emTlmmjrF1lHn3cvvyryupuLfeB,ef53aa94-b860-4868-902d-a24641f697d4,ba5f6b25-3c5a-42a7-9cfa-30d43f55870a,Test@123,PASS
4eb4e054-12bc-474e-afa5-de5e1857121d,cspperf_user20320@cspperf.com,00a291e5-e699-40a3-94ba-fc80b697f486:67f4ce05-670c-4190-bed0-73f970cb463b,cspperf_user20320@cspperf.com,LymNmLNGg0YMVAHeztAeQCM5YqqBOMBo_hEoRFOCFQrrpzkOJVIYhFenrtA_hQOW,rH4GSXD1emTlmmjrF1lHn3cvvyryupuLfeB,ef53aa94-b860-4868-902d-a24641f697d4,ba5f6b25-3c5a-42a7-9cfa-30d43f55870a,Test@123,PASS
4eb4e054-12bc-474e-afa5-de5e1857121d,cspperf_user20318@cspperf.com,00a291e5-e699-40a3-94ba-fc80b697f486:98415787-5f0e-4fa4-866e-63381273e0ee,cspperf_user20318@cspperf.com,ROh7e97FoVubg01ZXoi2gvJvFGdLvo8n5ugQyCjAcq10M6ABlbBur1dG5jKfmwEH,rH4GSXD1emTlmmjrF1lHn3cvvyryupuLfeB,ef53aa94-b860-4868-902d-a24641f697d4,ba5f6b25-3c5a-42a7-9cfa-30d43f55870a,Test@123,PASS
4eb4e054-12bc-474e-afa5-de5e1857121d,cspperf_user20325@cspperf.com,00a291e5-e699-40a3-94ba-fc80b697f486:1e15daa1-10fc-4d86-b50a-f6bd58dab803,cspperf_user20325@cspperf.com,HhHgFEHa7wCOL3cP0tvMUX5ryRcKtWNirN6Ht3v6fsyl702ihPJTBEyX9JZ8yw8v,rH4GSXD1emTlmmjrF1lHn3cvvyryupuLfeB,ef53aa94-b860-4868-902d-a24641f697d4,ba5f6b25-3c5a-42a7-9cfa-30d43f55870a,Test@123,PASS
4eb4e054-12bc-474e-afa5-de5e1857121d,cspperf_user20327@cspperf.com,00a291e5-e699-40a3-94ba-fc80b697f486:db3332b4-64a8-46cb-ba7c-6abf2b000b21,cspperf_user20327@cspperf.com,A4ufOyCTjBvjpLxHXrOBV8pYClrv6CZc9F1xwUMgWh51bn2i7wY_9vy5xZxR4YEk,rH4GSXD1emTlmmjrF1lHn3cvvyryupuLfeB,ef53aa94-b860-4868-902d-a24641f697d4,ba5f6b25-3c5a-42a7-9cfa-30d43f55870a,Test@123,PASS
4eb4e054-12bc-474e-afa5-de5e1857121d,cspperf_user20312@cspperf.com,00a291e5-e699-40a3-94ba-fc80b697f486:b8892975-907c-4163-b5a8-b85557f835b7,cspperf_user20312@cspperf.com,9vlU4_vxHTJ7JlWD_Le8FOiRVmSF1ogeGbpS22TYpQbaxBR7FfnnqxEGNnGmap1c,rH4GSXD1emTlmmjrF1lHn3cvvyryupuLfeB,ef53aa94-b860-4868-902d-a24641f697d4,ba5f6b25-3c5a-42a7-9cfa-30d43f55870a,Test@123,PASS
4eb4e054-12bc-474e-afa5-de5e1857121d,cspperf_user20329@cspperf.com,00a291e5-e699-40a3-94ba-fc80b697f486:8c6a0935-9a35-4e06-9366-fdfed866ac1a,cspperf_user20329@cspperf.com,FsejucRgdzm0r-2unXLKNrh5Eew8kGYvZgU-VVDkViJ1qO09i9oZNioJbcOH_0KK,rH4GSXD1emTlmmjrF1lHn3cvvyryupuLfeB,ef53aa94-b860-4868-902d-a24641f697d4,ba5f6b25-3c5a-42a7-9cfa-30d43f55870a,Test@123,PASS
4eb4e054-12bc-474e-afa5-de5e1857121d,cspperf_user20328@cspperf.com,00a291e5-e699-40a3-94ba-fc80b697f486:91109424-e101-4bf7-a727-24ea36bf7ae5,cspperf_user20328@cspperf.com,bu35RAd_lorLYKWi9MOliSa6GWyUE-7fmfRhXgMHu4ZvzOB5FhqMn7ZEs9gnFs8C,rH4GSXD1emTlmmjrF1lHn3cvvyryupuLfeB,ef53aa94-b860-4868-902d-a24641f697d4,ba5f6b25-3c5a-42a7-9cfa-30d43f55870a,Test@123,PASS
4eb4e054-12bc-474e-afa5-de5e1857121d,cspperf_user20330@cspperf.com,00a291e5-e699-40a3-94ba-fc80b697f486:dbce9f2c-a929-4682-b2a2-a22f0a34e6a7,cspperf_user20330@cspperf.com,=-n2OO-biIAYrs6gf-wCYqS3fGPFwihwyFoKzlPxMMRNSRnPp_zpV4qHtBY9QEMK3,rH4GSXD1emTlmmjrF1lHn3cvvyryupuLfeB,ef53aa94-b860-4868-902d-a24641f697d4,ba5f6b25-3c5a-42a7-9cfa-30d43f55870a,Test@123,PASS
4eb4e054-12bc-474e-afa5-de5e1857121d,cspperf_user20331@cspperf.com,00a291e5-e699-40a3-94ba-fc80b697f486:0ed738a4-e027-40e0-93bf-b880340ce6a6,cspperf_user20331@cspperf.com,l-1TYTH1gyerfaAFNGteahI9E_gaXf2r-9u7xZ_ivIhnSUyBGQx14wPnQgGMCAeo,rH4GSXD1emTlmmjrF1lHn3cvvyryupuLfeB,ef53aa94-b860-4868-902d-a24641f697d4,ba5f6b25-3c5a-42a7-9cfa-30d43f55870a,Test@123,PASS
4eb4e054-12bc-474e-afa5-de5e1857121d,cspperf_user20332@cspperf.com,00a291e5-e699-40a3-94ba-fc80b697f486:83f6282b-c1da-4e02-8f85-12c49dde50fc,cspperf_user20332@cspperf.com,SHb5ela-d_yT092IyZttWnmrSajcwtMnhBnUQ_i2m9HRABdQwYTWg-01jEGLY39e,rH4GSXD1emTlmmjrF1lHn3cvvyryupuLfeB,ef53aa94-b860-4868-902d-a24641f697d4,ba5f6b25-3c5a-42a7-9cfa-30d43f55870a,Test@123,PASS
4eb4e054-12bc-474e-afa5-de5e1857121d,cspperf_user20336@cspperf.com,00a291e5-e699-40a3-94ba-fc80b697f486:02683a4e-f01c-48e3-82e2-19005db5be07,cspperf_user20336@cspperf.com,2GDIg9al_jyQSynivq7mPro9uvBq0WImwXHmHTSfLIAwOTSoIePzv9f8iWzGmnVO,rH4GSXD1emTlmmjrF1lHn3cvvyryupuLfeB,ef53aa94-b860-4868-902d-a24641f697d4,ba5f6b25-3c5a-42a7-9cfa-30d43f55870a,Test@123,PASS
4eb4e054-12bc-474e-afa5-de5e1857121d,cspperf_user20333@cspperf.com,00a291e5-e699-40a3-94ba-fc80b697f486:aa158175-ec6e-417d-90ab-fc5e355175d3,cspperf_user20333@cspperf.com,gF6SK1UVsviZl4PWYv0sQhks7QzcVuuAd3_KuL3rdPMTpUIDe-j3L5A9IKalqz0X,rH4GSXD1emTlmmjrF1lHn3cvvyryupuLfeB,ef53aa94-b860-4868-902d-a24641f697d4,ba5f6b25-3c5a-42a7-9cfa-30d43f55870a,Test@123,PASS
4eb4e054-12bc-474e-afa5-de5e1857121d,cspperf_user20337@cspperf.com,00a291e5-e699-40a3-94ba-fc80b697f486:86d6a88b-5154-4664-991d-04d0a31c974b,cspperf_user20337@cspperf.com,68RPPQKjcJXW3ihnRCvVLkUOF6DHfko-e8u73-7JzFYc6A4H1sf-5YTGOtqQl-RM,rH4GSXD1emTlmmjrF1lHn3cvvyryupuLfeB,ef53aa94-b860-4868-902d-a24641f697d4,ba5f6b25-3c5a-42a7-9cfa-30d43f55870a,Test@123,PASS
4eb4e054-12bc-474e-afa5-de5e1857121d,cspperf_user20334@cspperf.com,00a291e5-e699-40a3-94ba-fc80b697f486:a7e46115-063c-4812-9e24-912618532f68,cspperf_user20334@cspperf.com,vFx9hQC1ILAb_Eh09Bk0BLjcmDs07dzrcA27C2Tj1FyMUDFsBM8-og9roE8D6X-3,rH4GSXD1emTlmmjrF1lHn3cvvyryupuLfeB,ef53aa94-b860-4868-902d-a24641f697d4,ba5f6b25-3c5a-42a7-9cfa-30d43f55870a,Test@123,PASS
4eb4e054-12bc-474e-afa5-de5e1857121d,cspperf_user20339@cspperf.com,00a291e5-e699-40a3-94ba-fc80b697f486:3540b417-005d-4101-b241-d905f4741d0d,cspperf_user20339@cspperf.com,coNIXLdaIPvFhaL_CbYzcgigFfZw0iMBkyGLMeiJDB4-YsFliveFr4DdbCCeAvQH,rH4GSXD1emTlmmjrF1lHn3cvvyryupuLfeB,ef53aa94-b860-4868-902d-a24641f697d4,ba5f6b25-3c5a-42a7-9cfa-30d43f55870a,Test@123,PASS
4eb4e054-12bc-474e-afa5-de5e1857121d,cspperf_user20340@cspperf.com,00a291e5-e699-40a3-94ba-fc80b697f486:744213a1-ad06-4616-8856-ac9d5c02f632,cspperf_user20340@cspperf.com,V3OpDyv_put87XUk0i7YDpJ-qn0WqLjkC3HT8d73BviyLe7GyZPE9n6gQHGsK6Yv,rH4GSXD1emTlmmjrF1lHn3cvvyryupuLfeB,ef53aa94-b860-4868-902d-a24641f697d4,ba5f6b25-3c5a-42a7-9cfa-30d43f55870a,Test@123,PASS
4eb4e054-12bc-474e-afa5-de5e1857121d,cspperf_user20338@cspperf.com,00a291e5-e699-40a3-94ba-fc80b697f486:9477d068-7849-41f2-9f1d-44618bff65af,cspperf_user20338@cspperf.com,uuJW-H3emtJxCSminFTSvkGiL_17KvuypBBD1kDs5Q-iRPMkF6L05zhs48gM9WAc,rH4GSXD1emTlmmjrF1lHn3cvvyryupuLfeB,ef53aa94-b860-4868-902d-a24641f697d4,ba5f6b25-3c5a-42a7-9cfa-30d43f55870a,Test@123,PASS
4eb4e054-12bc-474e-afa5-de5e1857121d,cspperf_user20341@cspperf.com,00a291e5-e699-40a3-94ba-fc80b697f486:256f413f-aa60-4def-80e5-a1a159a79a48,cspperf_user20341@cspperf.com,9LSEm7AkmfUbwrzY6ffuvWYaHhcS55-XgG0JJAV7tBICYiXl2j-Exx__vQpxH9zI,rH4GSXD1emTlmmjrF1lHn3cvvyryupuLfeB,ef53aa94-b860-4868-902d-a24641f697d4,ba5f6b25-3c5a-42a7-9cfa-30d43f55870a,Test@123,PASS
4eb4e054-12bc-474e-afa5-de5e1857121d,cspperf_user20342@cspperf.com,00a291e5-e699-40a3-94ba-fc80b697f486:c0f743f2-597e-4794-9b45-b754ec6468b8,cspperf_user20342@cspperf.com,jdI2POM_PzYvMf3FPc_hZf0MqTUA-d8ZCsQitfLnacmI0SE65TtVTrgHfwZ0TiTt,rH4GSXD1emTlmmjrF1lHn3cvvyryupuLfeB,ef53aa94-b860-4868-902d-a24641f697d4,ba5f6b25-3c5a-42a7-9cfa-30d43f55870a,Test@123,PASS
4eb4e054-12bc-474e-afa5-de5e1857121d,cspperf_user20335@cspperf.com,00a291e5-e699-40a3-94ba-fc80b697f486:2af05d5f-e4a8-4231-a1a7-d44b368b4a28,cspperf_user20335@cspperf.com,MHcYTOvAjEH3BTm95K-GUBhCND4bRyiOUyYyIbondhXo5_xyUfiSvl-xiXwDmdkb,rH4GSXD1emTlmmjrF1lHn3cvvyryupuLfeB,ef53aa94-b860-4868-902d-a24641f697d4,ba5f6b25-3c5a-42a7-9cfa-30d43f55870a,Test@123,PASS
4eb4e054-12bc-474e-afa5-de5e1857121d,cspperf_user20343@cspperf.com,00a291e5-e699-40a3-94ba-fc80b697f486:fd6df8de-a4e0-41c3-9712-31b9acd48b48,cspperf_user20343@cspperf.com,KRQaYO2YbbYTshdaiOXlUmpNtXeSGFMhIpx_6vKzRfpOW899IU2yjsuk31BBF5kn,rH4GSXD1emTlmmjrF1lHn3cvvyryupuLfeB,ef53aa94-b860-4868-902d-a24641f697d4,ba5f6b25-3c5a-42a7-9cfa-30d43f55870a,Test@123,PASS
4eb4e054-12bc-474e-afa5-de5e1857121d,cspperf_user20347@cspperf.com,00a291e5-e699-40a3-94ba-fc80b697f486:529f92d6-d3c2-418f-bd54-bbdab75530bf,cspperf_user20347@cspperf.com,uwvZ-v7W3p_UjoCB3ileb9UDT7uSOikZxfeglIAo9VIzDKhHwQqS58JWavHqBizG,rH4GSXD1emTlmmjrF1lHn3cvvyryupuLfeB,ef53aa94-b860-4868-902d-a24641f697d4,ba5f6b25-3c5a-42a7-9cfa-30d43f55870a,Test@123,PASS
4eb4e054-12bc-474e-afa5-de5e1857121d,cspperf_user20345@cspperf.com,00a291e5-e699-40a3-94ba-fc80b697f486:fa3440e6-6b4d-49c2-87af-4e132b88a334,cspperf_user20345@cspperf.com,MonQVbHL7hmcBGlRNCRswKKk6_uM-6peagCgG3ogPInGA-u20MYq5uC-a3XU7xeU,rH4GSXD1emTlmmjrF1lHn3cvvyryupuLfeB,ef53aa94-b860-4868-902d-a24641f697d4,ba5f6b25-3c5a-42a7-9cfa-30d43f55870a,Test@123,PASS
4eb4e054-12bc-474e-afa5-de5e1857121d,cspperf_user20344@cspperf.com,00a291e5-e699-40a3-94ba-fc80b697f486:70b8b43e-aace-4c72-8b44-7b64777046c6,cspperf_user20344@cspperf.com,=-M7StPmQbXSBVRzAnvwUVEMp-wguAh7vSYYlLpqxxFZGUcKnv04Bgugat7IXg7Co,rH4GSXD1emTlmmjrF1lHn3cvvyryupuLfeB,ef53aa94-b860-4868-902d-a24641f697d4,ba5f6b25-3c5a-42a7-9cfa-30d43f55870a,Test@123,PASS
4eb4e054-12bc-474e-afa5-de5e1857121d,cspperf_user20346@cspperf.com,00a291e5-e699-40a3-94ba-fc80b697f486:c98ff78f-4302-4e9a-806f-2ce52e1db887,cspperf_user20346@cspperf.com,JJqXyDVTupirlOQZQ7F9zuPx903yD4nju8rccnT3TvPhgmIjCmx6n3becOJ1GuM7,rH4GSXD1emTlmmjrF1lHn3cvvyryupuLfeB,ef53aa94-b860-4868-902d-a24641f697d4,ba5f6b25-3c5a-42a7-9cfa-30d43f55870a,Test@123,PASS
4eb4e054-12bc-474e-afa5-de5e1857121d,cspperf_user20348@cspperf.com,00a291e5-e699-40a3-94ba-fc80b697f486:67e2e5e8-3af5-44b3-974f-c2f6d58049e7,cspperf_user20348@cspperf.com,Ej80GtYVHnCVaznOOHrR_3oNWRnZNjgvOgogNd2oMf1foxnU65HbUm26GX3fevLF,rH4GSXD1emTlmmjrF1lHn3cvvyryupuLfeB,ef53aa94-b860-4868-902d-a24641f697d4,ba5f6b25-3c5a-42a7-9cfa-30d43f55870a,Test@123,PASS
4eb4e054-12bc-474e-afa5-de5e1857121d,cspperf_user20352@cspperf.com,00a291e5-e699-40a3-94ba-fc80b697f486:62dbf517-5401-4699-b02f-ea8bdc1e323a,cspperf_user20352@cspperf.com,Wj4JATAYW2VPYRIbHRYMOHlyOvrPOCNaUvwQ2aGVIgC4c0BjZMYKlbp9klJr6Ol0,rH4GSXD1emTlmmjrF1lHn3cvvyryupuLfeB,ef53aa94-b860-4868-902d-a24641f697d4,ba5f6b25-3c5a-42a7-9cfa-30d43f55870a,Test@123,PASS
4eb4e054-12bc-474e-afa5-de5e1857121d,cspperf_user20349@cspperf.com,00a291e5-e699-40a3-94ba-fc80b697f486:81f35491-8e30-4869-a749-29ead7d192b1,cspperf_user20349@cspperf.com,YYXxRSnNuFO4QD9OwmyXFppSU99a3mGfpTCpPRoc-53L0-dXAGfNHJNpYOGAlBTU,rH4GSXD1emTlmmjrF1lHn3cvvyryupuLfeB,ef53aa94-b860-4868-902d-a24641f697d4,ba5f6b25-3c5a-42a7-9cfa-30d43f55870a,Test@123,PASS
4eb4e054-12bc-474e-afa5-de5e1857121d,cspperf_user20350@cspperf.com,00a291e5-e699-40a3-94ba-fc80b697f486:9e483c7a-b543-4e48-a2ad-fb140a0f45ec,cspperf_user20350@cspperf.com,4JCj3qFUc2uYju835_hMcaK4lZslQpaeyFJU-o8nf7hT0_50Mv1KtV9nYdDCt7r_,rH4GSXD1emTlmmjrF1lHn3cvvyryupuLfeB,ef53aa94-b860-4868-902d-a24641f697d4,ba5f6b25-3c5a-42a7-9cfa-30d43f55870a,Test@123,PASS
4eb4e054-12bc-474e-afa5-de5e1857121d,cspperf_user20351@cspperf.com,00a291e5-e699-40a3-94ba-fc80b697f486:b55586c3-5e48-44c9-a28e-41a1dcef9d21,cspperf_user20351@cspperf.com,H2BdZ1kfChkO05pbVfQ_7j6f_lpw0r89xSCziJuz7ENMLG06fAP3TUqjY_ObEm2w,rH4GSXD1emTlmmjrF1lHn3cvvyryupuLfeB,ef53aa94-b860-4868-902d-a24641f697d4,ba5f6b25-3c5a-42a7-9cfa-30d43f55870a,Test@123,PASS
4eb4e054-12bc-474e-afa5-de5e1857121d,cspperf_user20353@cspperf.com,00a291e5-e699-40a3-94ba-fc80b697f486:012ddfa8-d05a-4268-92b7-dc3cb6b93f15,cspperf_user20353@cspperf.com,ORAwLsII9XtCD6QPRcrCJJgsQkU3AslOv-Y07iKb0wTR5_YvoHp69cYDE6W0Ssnw,rH4GSXD1emTlmmjrF1lHn3cvvyryupuLfeB,ef53aa94-b860-4868-902d-a24641f697d4,ba5f6b25-3c5a-42a7-9cfa-30d43f55870a,Test@123,PASS
0275f7bb-c301-4cd8-82e4-e450b09d7f10,cspperf_user20354@cspperf.com,00a291e5-e699-40a3-94ba-fc80b697f486:365bb767-cab0-4a85-a1ff-8a8d3b3547d1,cspperf_user20354@cspperf.com,GdovoHEbtj5U9wMNNt4Aj4nfMb-Y7FCFcM-ILeZzJHxf1gI12ZP334eCRtqbP_nD,kjl1gbV7BwWnChVnosYlAKcoewjiyQok0It,675fa0ae-2331-4f58-a2e2-aa02a238b113,e27f6c1c-ab65-4217-9393-982c396885a9,Test@123,PASS
0275f7bb-c301-4cd8-82e4-e450b09d7f10,cspperf_user20355@cspperf.com,00a291e5-e699-40a3-94ba-fc80b697f486:2d56b3c1-08f2-4118-a068-dc1cfcb53ebf,cspperf_user20355@cspperf.com,8RZgat8d3Xi2YOH9E97GpHc2brSl4lsOzgUb7z6j9O1Mc-VUwcwdDMcQddSQaagG,kjl1gbV7BwWnChVnosYlAKcoewjiyQok0It,675fa0ae-2331-4f58-a2e2-aa02a238b113,e27f6c1c-ab65-4217-9393-982c396885a9,Test@123,PASS
0275f7bb-c301-4cd8-82e4-e450b09d7f10,cspperf_user20357@cspperf.com,00a291e5-e699-40a3-94ba-fc80b697f486:84cbfd86-1279-473a-bb07-5b53f7844802,cspperf_user20357@cspperf.com,l51c8ACDqSNKmXH8ob5C5GTLYb6Akl-ixKj5-AOx9ZUezDIM7vIwP5DXQKOu5B3n,kjl1gbV7BwWnChVnosYlAKcoewjiyQok0It,675fa0ae-2331-4f58-a2e2-aa02a238b113,e27f6c1c-ab65-4217-9393-982c396885a9,Test@123,PASS
0275f7bb-c301-4cd8-82e4-e450b09d7f10,cspperf_user20356@cspperf.com,00a291e5-e699-40a3-94ba-fc80b697f486:b1ed7088-7c5d-439d-8490-a78d88257800,cspperf_user20356@cspperf.com,_SwfAkj16pKtEQe54X9NjrvXaGUMEQDfDxJWCyO3HssZfoijMxkw-UtskbKHnR86,kjl1gbV7BwWnChVnosYlAKcoewjiyQok0It,675fa0ae-2331-4f58-a2e2-aa02a238b113,e27f6c1c-ab65-4217-9393-982c396885a9,Test@123,PASS
0275f7bb-c301-4cd8-82e4-e450b09d7f10,cspperf_user20358@cspperf.com,00a291e5-e699-40a3-94ba-fc80b697f486:9729e421-0315-4037-b259-c8b5eb7d73b0,cspperf_user20358@cspperf.com,IvaHJkdzQhXaVs42GhdQwi2lLb7vCMRSrWk4rut7eMfq5GAnFv2kFsnCH832-taL,kjl1gbV7BwWnChVnosYlAKcoewjiyQok0It,675fa0ae-2331-4f58-a2e2-aa02a238b113,e27f6c1c-ab65-4217-9393-982c396885a9,Test@123,PASS
0275f7bb-c301-4cd8-82e4-e450b09d7f10,cspperf_user20360@cspperf.com,00a291e5-e699-40a3-94ba-fc80b697f486:eb94e35b-c6a1-4165-89ad-6c3525362855,cspperf_user20360@cspperf.com,doJnR8zi1FOwur11d2Md-zZsYY1wfVee4CM_Pcg-op-y9Z_YWH6ad3tMI7sHw5KN,kjl1gbV7BwWnChVnosYlAKcoewjiyQok0It,675fa0ae-2331-4f58-a2e2-aa02a238b113,e27f6c1c-ab65-4217-9393-982c396885a9,Test@123,PASS
0275f7bb-c301-4cd8-82e4-e450b09d7f10,cspperf_user20366@cspperf.com,00a291e5-e699-40a3-94ba-fc80b697f486:75fbf5cb-8a24-44d1-a202-03dffda36cc8,cspperf_user20366@cspperf.com,y4TrZCnorNJZxHTUHSwMFKrU6kUy2nRwzHv7I0LZK4ObvxR3OpVvoCZNckpHndTd,kjl1gbV7BwWnChVnosYlAKcoewjiyQok0It,675fa0ae-2331-4f58-a2e2-aa02a238b113,e27f6c1c-ab65-4217-9393-982c396885a9,Test@123,PASS
0275f7bb-c301-4cd8-82e4-e450b09d7f10,cspperf_user20359@cspperf.com,00a291e5-e699-40a3-94ba-fc80b697f486:e26f258b-c2b2-4043-b001-78a36292c501,cspperf_user20359@cspperf.com,=-ShtidiepzE49g2H8Z6rhPI2tQ1lMvdpr4KjIU-o3t7HXqZo25RpoTQ39sxRMyga,kjl1gbV7BwWnChVnosYlAKcoewjiyQok0It,675fa0ae-2331-4f58-a2e2-aa02a238b113,e27f6c1c-ab65-4217-9393-982c396885a9,Test@123,PASS
0275f7bb-c301-4cd8-82e4-e450b09d7f10,cspperf_user20361@cspperf.com,00a291e5-e699-40a3-94ba-fc80b697f486:39bfbbdb-397e-4951-b3da-e44784d0e25c,cspperf_user20361@cspperf.com,7iI0ytqzEFk7metUsTOECGam3vB0ZMfYPDwGRywe8cE-I0ffd2vP591ccqv4575I,kjl1gbV7BwWnChVnosYlAKcoewjiyQok0It,675fa0ae-2331-4f58-a2e2-aa02a238b113,e27f6c1c-ab65-4217-9393-982c396885a9,Test@123,PASS
0275f7bb-c301-4cd8-82e4-e450b09d7f10,cspperf_user20363@cspperf.com,00a291e5-e699-40a3-94ba-fc80b697f486:07e312f4-0d65-428f-be70-021b35202a37,cspperf_user20363@cspperf.com,AU2XDCvvnOjr5nF1jg6bpxW9ZSO6T88J1bhm55OZAhtQRAO0iDx0ZImXsknnGDRt,kjl1gbV7BwWnChVnosYlAKcoewjiyQok0It,675fa0ae-2331-4f58-a2e2-aa02a238b113,e27f6c1c-ab65-4217-9393-982c396885a9,Test@123,PASS
0275f7bb-c301-4cd8-82e4-e450b09d7f10,cspperf_user20364@cspperf.com,00a291e5-e699-40a3-94ba-fc80b697f486:677c836e-4153-410f-8382-4b5334b8febf,cspperf_user20364@cspperf.com,wGfC-B1eF1tLXX2IKi1xireCMECy6ajvn5u6WLrQ5CZE9-VJeTHVfVjHOymWTgbo,kjl1gbV7BwWnChVnosYlAKcoewjiyQok0It,675fa0ae-2331-4f58-a2e2-aa02a238b113,e27f6c1c-ab65-4217-9393-982c396885a9,Test@123,PASS
0275f7bb-c301-4cd8-82e4-e450b09d7f10,cspperf_user20365@cspperf.com,00a291e5-e699-40a3-94ba-fc80b697f486:2dec274f-f019-463b-aad0-24ae9a3b0d42,cspperf_user20365@cspperf.com,4yRhuhyH8o1dZ1z8PujaBjJV0ra1DCDHadmAbghfN_L9THdZVdFdKAPGxZFLR9hh,kjl1gbV7BwWnChVnosYlAKcoewjiyQok0It,675fa0ae-2331-4f58-a2e2-aa02a238b113,e27f6c1c-ab65-4217-9393-982c396885a9,Test@123,PASS
0275f7bb-c301-4cd8-82e4-e450b09d7f10,cspperf_user20362@cspperf.com,00a291e5-e699-40a3-94ba-fc80b697f486:34ce2c68-c1e9-4c47-9361-3744ccecfc12,cspperf_user20362@cspperf.com,lq0wqeQM7jZwjeLAT82wF9Sy2tm1cxSx3wkUNJIDiq7cvRAkhqufgiPcdUh6GKOV,kjl1gbV7BwWnChVnosYlAKcoewjiyQok0It,675fa0ae-2331-4f58-a2e2-aa02a238b113,e27f6c1c-ab65-4217-9393-982c396885a9,Test@123,PASS
0275f7bb-c301-4cd8-82e4-e450b09d7f10,cspperf_user20368@cspperf.com,00a291e5-e699-40a3-94ba-fc80b697f486:a0d5d5ab-88c1-4b12-b7e8-ac8653aa4a1d,cspperf_user20368@cspperf.com,59jlroBfQgPV4KahWvi75-YAyzC2kIsykFJjYVcNQiyRiyWx7zSJlLps84OoSbjz,kjl1gbV7BwWnChVnosYlAKcoewjiyQok0It,675fa0ae-2331-4f58-a2e2-aa02a238b113,e27f6c1c-ab65-4217-9393-982c396885a9,Test@123,PASS
0275f7bb-c301-4cd8-82e4-e450b09d7f10,cspperf_user20367@cspperf.com,00a291e5-e699-40a3-94ba-fc80b697f486:21f08d13-49c6-4095-8ae6-e6861fc6ae66,cspperf_user20367@cspperf.com,yf3wom0hBPZlGg9L_R9UN9cpwrO9anjQLr0Vg3-mZKd-W5vWF_wGnwS3bHkKncoC,kjl1gbV7BwWnChVnosYlAKcoewjiyQok0It,675fa0ae-2331-4f58-a2e2-aa02a238b113,e27f6c1c-ab65-4217-9393-982c396885a9,Test@123,PASS
0275f7bb-c301-4cd8-82e4-e450b09d7f10,cspperf_user20369@cspperf.com,00a291e5-e699-40a3-94ba-fc80b697f486:53b9397e-6fa6-44ae-9c19-c5ef132f513e,cspperf_user20369@cspperf.com,qITSXHEtWYTAguMht5cbsCHJ_cLfOfAmd8SoRaQ_nXklsvV9JcrIof7UntjtoDcd,kjl1gbV7BwWnChVnosYlAKcoewjiyQok0It,675fa0ae-2331-4f58-a2e2-aa02a238b113,e27f6c1c-ab65-4217-9393-982c396885a9,Test@123,PASS
0275f7bb-c301-4cd8-82e4-e450b09d7f10,cspperf_user20374@cspperf.com,00a291e5-e699-40a3-94ba-fc80b697f486:90f0ef14-ae42-4940-bca4-8936014a73b0,cspperf_user20374@cspperf.com,lqEYq9b8n-LJVtKn8c6b5p92rfv9TtoOuyAZC8xrvPaLHyvBXrW7AZI-UHONrcsb,kjl1gbV7BwWnChVnosYlAKcoewjiyQok0It,675fa0ae-2331-4f58-a2e2-aa02a238b113,e27f6c1c-ab65-4217-9393-982c396885a9,Test@123,PASS
0275f7bb-c301-4cd8-82e4-e450b09d7f10,cspperf_user20370@cspperf.com,00a291e5-e699-40a3-94ba-fc80b697f486:e375482c-dac1-4bee-b887-ab020e297781,cspperf_user20370@cspperf.com,WfRI-ei0PCyV8it5O55kgC7M7HhSet4l1p8ET-HlyQ058fsk3JWDOcDrrSo9yveM,kjl1gbV7BwWnChVnosYlAKcoewjiyQok0It,675fa0ae-2331-4f58-a2e2-aa02a238b113,e27f6c1c-ab65-4217-9393-982c396885a9,Test@123,PASS
0275f7bb-c301-4cd8-82e4-e450b09d7f10,cspperf_user20371@cspperf.com,00a291e5-e699-40a3-94ba-fc80b697f486:d8dbff56-9cd7-4e67-a307-7714ca684318,cspperf_user20371@cspperf.com,yZ06epbQeI_DnZlUIZZC7pzTtbXped007myBavnqFcMfErg8Va-6O4J3-h2D0fGj,kjl1gbV7BwWnChVnosYlAKcoewjiyQok0It,675fa0ae-2331-4f58-a2e2-aa02a238b113,e27f6c1c-ab65-4217-9393-982c396885a9,Test@123,PASS
0275f7bb-c301-4cd8-82e4-e450b09d7f10,cspperf_user20372@cspperf.com,00a291e5-e699-40a3-94ba-fc80b697f486:22d7acef-e740-4e04-83e2-4b9fd475b0dd,cspperf_user20372@cspperf.com,AtKOhhhGxaMXhW6NTWzl_-U3gWyU7kYWkz8HqZmu_o1tm_xOc4ytijrLm6mcFhX5,kjl1gbV7BwWnChVnosYlAKcoewjiyQok0It,675fa0ae-2331-4f58-a2e2-aa02a238b113,e27f6c1c-ab65-4217-9393-982c396885a9,Test@123,PASS
0275f7bb-c301-4cd8-82e4-e450b09d7f10,cspperf_user20373@cspperf.com,00a291e5-e699-40a3-94ba-fc80b697f486:f89bad3e-321e-4611-b741-87d58fb2bca0,cspperf_user20373@cspperf.com,5aRmkAF6mgmXBdXdOamxeR38gLUbFIp2YxHkOXj4ZeNSThUTKxYWHZU4zQ15E4ov,kjl1gbV7BwWnChVnosYlAKcoewjiyQok0It,675fa0ae-2331-4f58-a2e2-aa02a238b113,e27f6c1c-ab65-4217-9393-982c396885a9,Test@123,PASS
0275f7bb-c301-4cd8-82e4-e450b09d7f10,cspperf_user20378@cspperf.com,00a291e5-e699-40a3-94ba-fc80b697f486:4a1607f3-7e8d-4038-8bf1-74eb07cfb9b0,cspperf_user20378@cspperf.com,VhFuwXWzED5Cv7TYWov38LZ95ptivqUAoyIZmZzY-5yC3IaKoR3lYvqR4q0wi0aA,kjl1gbV7BwWnChVnosYlAKcoewjiyQok0It,675fa0ae-2331-4f58-a2e2-aa02a238b113,e27f6c1c-ab65-4217-9393-982c396885a9,Test@123,PASS
0275f7bb-c301-4cd8-82e4-e450b09d7f10,cspperf_user20382@cspperf.com,00a291e5-e699-40a3-94ba-fc80b697f486:86ad56e9-f837-41a7-bb6c-954176a76034,cspperf_user20382@cspperf.com,9qXJpl3PQ4_5Btn_hjq6wXIcSASCokhh3voYK86MMfGDBxAR9k4ToZJp6zrZNAZj,kjl1gbV7BwWnChVnosYlAKcoewjiyQok0It,675fa0ae-2331-4f58-a2e2-aa02a238b113,e27f6c1c-ab65-4217-9393-982c396885a9,Test@123,PASS
0275f7bb-c301-4cd8-82e4-e450b09d7f10,cspperf_user20375@cspperf.com,00a291e5-e699-40a3-94ba-fc80b697f486:8d3abecc-431a-4d79-a197-9fd7be164449,cspperf_user20375@cspperf.com,oGPtgR5C93EJU5_iav104TinMaikCsFsxJmcwb24yZACgXA9isqR-rAQ3cuSi5Gk,kjl1gbV7BwWnChVnosYlAKcoewjiyQok0It,675fa0ae-2331-4f58-a2e2-aa02a238b113,e27f6c1c-ab65-4217-9393-982c396885a9,Test@123,PASS
0275f7bb-c301-4cd8-82e4-e450b09d7f10,cspperf_user20379@cspperf.com,00a291e5-e699-40a3-94ba-fc80b697f486:22bc432c-26d6-4cdf-be7d-9c3b1beb4d62,cspperf_user20379@cspperf.com,WECs4FdIoW77YPbRpSQlR9pWPgvWuCT8c9QXhsFQcpkytGdWlzqk-NBZ-E6zcuh2,kjl1gbV7BwWnChVnosYlAKcoewjiyQok0It,675fa0ae-2331-4f58-a2e2-aa02a238b113,e27f6c1c-ab65-4217-9393-982c396885a9,Test@123,PASS
0275f7bb-c301-4cd8-82e4-e450b09d7f10,cspperf_user20380@cspperf.com,00a291e5-e699-40a3-94ba-fc80b697f486:65606584-bd14-4e3d-849c-8f6548536708,cspperf_user20380@cspperf.com,yM3-VO1Kgymy0cbEdgRtv3OJtHGZrPdBw5Mqr1UHmhPUo45lF3FB9vUT8QVoKhO1,kjl1gbV7BwWnChVnosYlAKcoewjiyQok0It,675fa0ae-2331-4f58-a2e2-aa02a238b113,e27f6c1c-ab65-4217-9393-982c396885a9,Test@123,PASS
0275f7bb-c301-4cd8-82e4-e450b09d7f10,cspperf_user20381@cspperf.com,00a291e5-e699-40a3-94ba-fc80b697f486:8d88de8f-cf9b-4ebb-9b99-a1ee24eb94b4,cspperf_user20381@cspperf.com,kdPb_m5lVGQwS5M528Oob3EZRRsBY0wT3p8kLiA476XfaKitSO_zcO0ur7vvg5jd,kjl1gbV7BwWnChVnosYlAKcoewjiyQok0It,675fa0ae-2331-4f58-a2e2-aa02a238b113,e27f6c1c-ab65-4217-9393-982c396885a9,Test@123,PASS
0275f7bb-c301-4cd8-82e4-e450b09d7f10,cspperf_user20376@cspperf.com,00a291e5-e699-40a3-94ba-fc80b697f486:dc4cec67-8443-4672-a4ee-bf26723dd24f,cspperf_user20376@cspperf.com,B-ajuEPuU9Swu_j7LSbUNhankWkRmidZaHz-yYUrTqDX66wKJrR2IpYz9Ir6BzLh,kjl1gbV7BwWnChVnosYlAKcoewjiyQok0It,675fa0ae-2331-4f58-a2e2-aa02a238b113,e27f6c1c-ab65-4217-9393-982c396885a9,Test@123,PASS
0275f7bb-c301-4cd8-82e4-e450b09d7f10,cspperf_user20377@cspperf.com,00a291e5-e699-40a3-94ba-fc80b697f486:56e1b469-10e5-415f-a5b1-73971b0ac7b0,cspperf_user20377@cspperf.com,3bkfWplmRm6fAnllIv-PVqrfH8J1fX5zvDArE4VjDQgcrQQfio6wbhYFq7tRKn3P,kjl1gbV7BwWnChVnosYlAKcoewjiyQok0It,675fa0ae-2331-4f58-a2e2-aa02a238b113,e27f6c1c-ab65-4217-9393-982c396885a9,Test@123,PASS
0275f7bb-c301-4cd8-82e4-e450b09d7f10,cspperf_user20383@cspperf.com,00a291e5-e699-40a3-94ba-fc80b697f486:41d8fecd-3845-4396-98e3-5e2a607a20d7,cspperf_user20383@cspperf.com,rudDeE2zMwrPmjy_CScxntiyx_bDrT8xsXC7gLY12-mjUEQ-u-48S8EQvP3WT7On,kjl1gbV7BwWnChVnosYlAKcoewjiyQok0It,675fa0ae-2331-4f58-a2e2-aa02a238b113,e27f6c1c-ab65-4217-9393-982c396885a9,Test@123,PASS
0275f7bb-c301-4cd8-82e4-e450b09d7f10,cspperf_user20384@cspperf.com,00a291e5-e699-40a3-94ba-fc80b697f486:66cbe0b6-22d0-47c3-a639-7e665fe71d4c,cspperf_user20384@cspperf.com,NiAjDmPd418WsrA07PzJkH6ZGsx2DMuwe3KzqR72kmKX0rDRBhMQJCNPZApAqnQQ,kjl1gbV7BwWnChVnosYlAKcoewjiyQok0It,675fa0ae-2331-4f58-a2e2-aa02a238b113,e27f6c1c-ab65-4217-9393-982c396885a9,Test@123,PASS
0275f7bb-c301-4cd8-82e4-e450b09d7f10,cspperf_user20387@cspperf.com,00a291e5-e699-40a3-94ba-fc80b697f486:4eb36eb7-6602-4a40-8a88-185de9788629,cspperf_user20387@cspperf.com,mPiuPAl4w_Z0i4psmI-UMmon8u6YX8DjxfjU6RAZb9CwknyL3PTevvG_sHo27Wvn,kjl1gbV7BwWnChVnosYlAKcoewjiyQok0It,675fa0ae-2331-4f58-a2e2-aa02a238b113,e27f6c1c-ab65-4217-9393-982c396885a9,Test@123,PASS
0275f7bb-c301-4cd8-82e4-e450b09d7f10,cspperf_user20385@cspperf.com,00a291e5-e699-40a3-94ba-fc80b697f486:89e2c9bd-d4d5-4e77-b29d-656530dacd62,cspperf_user20385@cspperf.com,H32eZd63OLa6k_bqtfVcL03KPPSY-x73RDr2VIowt0BICWJ_HWRruEOG2qizK0Kp,kjl1gbV7BwWnChVnosYlAKcoewjiyQok0It,675fa0ae-2331-4f58-a2e2-aa02a238b113,e27f6c1c-ab65-4217-9393-982c396885a9,Test@123,PASS
0275f7bb-c301-4cd8-82e4-e450b09d7f10,cspperf_user20389@cspperf.com,00a291e5-e699-40a3-94ba-fc80b697f486:9b5a9471-92d3-44a3-8b76-c52ae02ceec5,cspperf_user20389@cspperf.com,8JVsx9fjuCaB3XnMpXsvonsmkfMlDopigSJu6czLjChBjnzZe7h2CQJFcPZQiXQr,kjl1gbV7BwWnChVnosYlAKcoewjiyQok0It,675fa0ae-2331-4f58-a2e2-aa02a238b113,e27f6c1c-ab65-4217-9393-982c396885a9,Test@123,PASS
0275f7bb-c301-4cd8-82e4-e450b09d7f10,cspperf_user20391@cspperf.com,00a291e5-e699-40a3-94ba-fc80b697f486:a99fa8b6-205b-49f5-acc0-991c0672e63a,cspperf_user20391@cspperf.com,gFWXqbah1YYXsY-nCIhbT5pDw0DSqnndYY4D0hUZtGeWYk7HI18LvFqAursTHfll,kjl1gbV7BwWnChVnosYlAKcoewjiyQok0It,675fa0ae-2331-4f58-a2e2-aa02a238b113,e27f6c1c-ab65-4217-9393-982c396885a9,Test@123,PASS
0275f7bb-c301-4cd8-82e4-e450b09d7f10,cspperf_user20388@cspperf.com,00a291e5-e699-40a3-94ba-fc80b697f486:421656cb-023e-4c2c-8460-684354376f6b,cspperf_user20388@cspperf.com,FsWTC4SeANBjNG4OCUkE2Ykwh8UUgeRJATWz45c557uwWQgoD0U5ueX1_gDU6JDY,kjl1gbV7BwWnChVnosYlAKcoewjiyQok0It,675fa0ae-2331-4f58-a2e2-aa02a238b113,e27f6c1c-ab65-4217-9393-982c396885a9,Test@123,PASS
0275f7bb-c301-4cd8-82e4-e450b09d7f10,cspperf_user20392@cspperf.com,00a291e5-e699-40a3-94ba-fc80b697f486:f1609db1-98ec-48eb-b1f5-7f04eb202eb0,cspperf_user20392@cspperf.com,H7Oh460nOUQJzwv9vNKae26LdAMTWzTOGF5ZaZ79xTH73-gW7R9QDErolVtcNugO,kjl1gbV7BwWnChVnosYlAKcoewjiyQok0It,675fa0ae-2331-4f58-a2e2-aa02a238b113,e27f6c1c-ab65-4217-9393-982c396885a9,Test@123,PASS
0275f7bb-c301-4cd8-82e4-e450b09d7f10,cspperf_user20386@cspperf.com,00a291e5-e699-40a3-94ba-fc80b697f486:52204245-58f7-4c50-989b-ea13a707b557,cspperf_user20386@cspperf.com,b-KsMsWtkhh6CF8Y_a1DcNcjhqK5S8NY4VyyAHPtNhBuqMBzY-OmMauV8czphALu,kjl1gbV7BwWnChVnosYlAKcoewjiyQok0It,675fa0ae-2331-4f58-a2e2-aa02a238b113,e27f6c1c-ab65-4217-9393-982c396885a9,Test@123,PASS
0275f7bb-c301-4cd8-82e4-e450b09d7f10,cspperf_user20393@cspperf.com,00a291e5-e699-40a3-94ba-fc80b697f486:d588adc0-7715-4bce-94be-5594c54df2ae,cspperf_user20393@cspperf.com,m0Yc6Q2MSm_tEkEcc83RGTuRsrjhQ48suYdTZFMdh89E15ErtukYoc1_afu9kWsN,kjl1gbV7BwWnChVnosYlAKcoewjiyQok0It,675fa0ae-2331-4f58-a2e2-aa02a238b113,e27f6c1c-ab65-4217-9393-982c396885a9,Test@123,PASS
0275f7bb-c301-4cd8-82e4-e450b09d7f10,cspperf_user20390@cspperf.com,00a291e5-e699-40a3-94ba-fc80b697f486:5e92ea62-84e4-4afe-979d-d92114cecb0a,cspperf_user20390@cspperf.com,EDgCpnntvhdFjJWA1JYV8h9ZM7l0GmabJoP_H2SwqYfPKIHWaaF8kv8LDXDepRVX,kjl1gbV7BwWnChVnosYlAKcoewjiyQok0It,675fa0ae-2331-4f58-a2e2-aa02a238b113,e27f6c1c-ab65-4217-9393-982c396885a9,Test@123,PASS
0275f7bb-c301-4cd8-82e4-e450b09d7f10,cspperf_user20395@cspperf.com,00a291e5-e699-40a3-94ba-fc80b697f486:e0a9e377-064c-4278-83bc-1b2473765e6f,cspperf_user20395@cspperf.com,Vn9foMRxk8XHd5-eEARBYbHEssXOhYOb9QKbJpeV46fa-w1BxCEBeFX7bkzD3rvF,kjl1gbV7BwWnChVnosYlAKcoewjiyQok0It,675fa0ae-2331-4f58-a2e2-aa02a238b113,e27f6c1c-ab65-4217-9393-982c396885a9,Test@123,PASS
0275f7bb-c301-4cd8-82e4-e450b09d7f10,cspperf_user20396@cspperf.com,00a291e5-e699-40a3-94ba-fc80b697f486:84f5940b-cf53-40de-a3af-8f9d721859c9,cspperf_user20396@cspperf.com,xaYObeSlh_r_0dWZoCB1nmfjoHaDDXO6MSm452XKc9X3wbGPglt9q0HCSUoEKAt1,kjl1gbV7BwWnChVnosYlAKcoewjiyQok0It,675fa0ae-2331-4f58-a2e2-aa02a238b113,e27f6c1c-ab65-4217-9393-982c396885a9,Test@123,PASS
0275f7bb-c301-4cd8-82e4-e450b09d7f10,cspperf_user20394@cspperf.com,00a291e5-e699-40a3-94ba-fc80b697f486:5c8879eb-cf9b-40c6-bae2-0cd5c5b0b84b,cspperf_user20394@cspperf.com,vt27RMtMf6vykSFdnP-45627TdETF4BMYU83DzNb0kW18yQ26OoEMuZEi9vmRt5H,kjl1gbV7BwWnChVnosYlAKcoewjiyQok0It,675fa0ae-2331-4f58-a2e2-aa02a238b113,e27f6c1c-ab65-4217-9393-982c396885a9,Test@123,PASS
0275f7bb-c301-4cd8-82e4-e450b09d7f10,cspperf_user20398@cspperf.com,00a291e5-e699-40a3-94ba-fc80b697f486:b9a27c76-4af7-4959-8e90-bd3b8fa3a81b,cspperf_user20398@cspperf.com,GFL9eNVTxNRvgZb9xpven74YA6OG_fP6T2eofdufFlS-U8yXdwKemcqg1Z1G7FGq,kjl1gbV7BwWnChVnosYlAKcoewjiyQok0It,675fa0ae-2331-4f58-a2e2-aa02a238b113,e27f6c1c-ab65-4217-9393-982c396885a9,Test@123,PASS
0275f7bb-c301-4cd8-82e4-e450b09d7f10,cspperf_user20399@cspperf.com,00a291e5-e699-40a3-94ba-fc80b697f486:5211a2e5-3f93-4ab2-b79a-d47bf6a6efdc,cspperf_user20399@cspperf.com,3cPY_r5eXWrtq4SYwg2BLT3s-rJrlBYwgbQPv90erMYsmV0YPWMnlNGlTq73VmVJ,kjl1gbV7BwWnChVnosYlAKcoewjiyQok0It,675fa0ae-2331-4f58-a2e2-aa02a238b113,e27f6c1c-ab65-4217-9393-982c396885a9,Test@123,PASS
0275f7bb-c301-4cd8-82e4-e450b09d7f10,cspperf_user20397@cspperf.com,00a291e5-e699-40a3-94ba-fc80b697f486:dd22dc36-e382-4f89-8b3b-fc9c852ac3a5,cspperf_user20397@cspperf.com,sYT6vLP_UuKuT2vSSN9J_eTVtA0d4_-tmP7kZk-rqhBdgvYF6zaS6Z7FT5w8SCeE,kjl1gbV7BwWnChVnosYlAKcoewjiyQok0It,675fa0ae-2331-4f58-a2e2-aa02a238b113,e27f6c1c-ab65-4217-9393-982c396885a9,Test@123,PASS
0275f7bb-c301-4cd8-82e4-e450b09d7f10,cspperf_user20400@cspperf.com,00a291e5-e699-40a3-94ba-fc80b697f486:93a6ae34-e154-411c-a6f8-1726d7d984f5,cspperf_user20400@cspperf.com,h65-TQtzYWjBdAw-_mCv5CRSUgZLYb1WTiqzceqXoegmP0mOUVcEcJCbu-LgCIAM,kjl1gbV7BwWnChVnosYlAKcoewjiyQok0It,675fa0ae-2331-4f58-a2e2-aa02a238b113,e27f6c1c-ab65-4217-9393-982c396885a9,Test@123,PASS
0275f7bb-c301-4cd8-82e4-e450b09d7f10,cspperf_user20401@cspperf.com,00a291e5-e699-40a3-94ba-fc80b697f486:86827245-66f0-4b3d-bfe3-406e7c57f9e5,cspperf_user20401@cspperf.com,esST0gmjrcLmX2nAHYdz55KGquenppsWeOyAv4GuqGI5BEjNlbbK9XEOgh5_Q-uX,kjl1gbV7BwWnChVnosYlAKcoewjiyQok0It,675fa0ae-2331-4f58-a2e2-aa02a238b113,e27f6c1c-ab65-4217-9393-982c396885a9,Test@123,PASS
0275f7bb-c301-4cd8-82e4-e450b09d7f10,cspperf_user20402@cspperf.com,00a291e5-e699-40a3-94ba-fc80b697f486:bc63287a-87cf-4d5d-8ccb-f585a58c3d78,cspperf_user20402@cspperf.com,ogFbWqAzusVNKtqzN6U_axwgAkQO-WDfivMJHE9ajqTxCLt9vs0xvrc28-qPrbz4,kjl1gbV7BwWnChVnosYlAKcoewjiyQok0It,675fa0ae-2331-4f58-a2e2-aa02a238b113,e27f6c1c-ab65-4217-9393-982c396885a9,Test@123,PASS
0275f7bb-c301-4cd8-82e4-e450b09d7f10,cspperf_user20403@cspperf.com,00a291e5-e699-40a3-94ba-fc80b697f486:d2e11fe8-7008-453a-b1ff-af6dc95dd9a8,cspperf_user20403@cspperf.com,BljBVX7G9Hv5kHlOX_Qdqnmcdv6TTNdfuFnU3pL1WmHKfpnsGHIldbwFKdT0w7GY,kjl1gbV7BwWnChVnosYlAKcoewjiyQok0It,675fa0ae-2331-4f58-a2e2-aa02a238b113,e27f6c1c-ab65-4217-9393-982c396885a9,Test@123,PASS
a20a3714-0e39-4d1d-9275-919de74f3007,cspperf_user20404@cspperf.com,00a291e5-e699-40a3-94ba-fc80b697f486:b4b40290-6f18-46be-b973-c4177b8684de,cspperf_user20404@cspperf.com,CbKbG1cuMZrndzRK9wHRz7eyM1V8pNwazdhvrWt2SnLtIpW1iIk70cGQubxUN-rq,a4BQhi2ZArkYWoJ3RxlAvYtFcjw1HyGzGrN,d88feccf-ba01-4a8e-89da-563175875dea,a9ee0d44-66d1-424a-9b8c-938c2ce1ce89,Test@123,PASS
a20a3714-0e39-4d1d-9275-919de74f3007,cspperf_user20405@cspperf.com,00a291e5-e699-40a3-94ba-fc80b697f486:313762c9-19e1-473c-bbf2-975e9567e028,cspperf_user20405@cspperf.com,_hrV1Zvhy8PqXJpd2THhfnkvupDHnRlwnM3JrhARtsTwm7l35TlErYimVmcP35oS,a4BQhi2ZArkYWoJ3RxlAvYtFcjw1HyGzGrN,d88feccf-ba01-4a8e-89da-563175875dea,a9ee0d44-66d1-424a-9b8c-938c2ce1ce89,Test@123,PASS
a20a3714-0e39-4d1d-9275-919de74f3007,cspperf_user20408@cspperf.com,00a291e5-e699-40a3-94ba-fc80b697f486:30b74851-b7d2-489c-b0ca-d7d08f392ffc,cspperf_user20408@cspperf.com,40RlmEg_qWkFcmaPLSRU6Sq_T_I1ejPWml9H8n6Pdf2pxk8i-MPCwnCHWE4dtaEJ,a4BQhi2ZArkYWoJ3RxlAvYtFcjw1HyGzGrN,d88feccf-ba01-4a8e-89da-563175875dea,a9ee0d44-66d1-424a-9b8c-938c2ce1ce89,Test@123,PASS
a20a3714-0e39-4d1d-9275-919de74f3007,cspperf_user20406@cspperf.com,00a291e5-e699-40a3-94ba-fc80b697f486:78a23bdc-5be3-4dca-a356-b94362c33d33,cspperf_user20406@cspperf.com,i5t1xPyV2r6z9zGz7kAjVafnL9s9S_nyeiH6h_fbkW9Ag9-tQUsbUjhX0__bMeRM,a4BQhi2ZArkYWoJ3RxlAvYtFcjw1HyGzGrN,d88feccf-ba01-4a8e-89da-563175875dea,a9ee0d44-66d1-424a-9b8c-938c2ce1ce89,Test@123,PASS
a20a3714-0e39-4d1d-9275-919de74f3007,cspperf_user20407@cspperf.com,00a291e5-e699-40a3-94ba-fc80b697f486:4421296b-729d-4968-b0d5-44d728e443de,cspperf_user20407@cspperf.com,6PxwDeKWKI6-n-1_awbB5b1cbf0Lj2G-OvyBDv-5inLsqTTOyCxbSDbvJE87OWKJ,a4BQhi2ZArkYWoJ3RxlAvYtFcjw1HyGzGrN,d88feccf-ba01-4a8e-89da-563175875dea,a9ee0d44-66d1-424a-9b8c-938c2ce1ce89,Test@123,PASS
a20a3714-0e39-4d1d-9275-919de74f3007,cspperf_user20409@cspperf.com,00a291e5-e699-40a3-94ba-fc80b697f486:f97a6e03-cdad-45ab-a620-2fe1223694c0,cspperf_user20409@cspperf.com,23rGmYILg5t_26TobjDco27-gBA1wl787_Fl79750RS8R8OHHRw5NG947FNRuhDc,a4BQhi2ZArkYWoJ3RxlAvYtFcjw1HyGzGrN,d88feccf-ba01-4a8e-89da-563175875dea,a9ee0d44-66d1-424a-9b8c-938c2ce1ce89,Test@123,PASS
a20a3714-0e39-4d1d-9275-919de74f3007,cspperf_user20411@cspperf.com,00a291e5-e699-40a3-94ba-fc80b697f486:85dd9bb3-fc26-435e-96f3-d9fff8a06a5f,cspperf_user20411@cspperf.com,XH56TCWG2Zx16EYUvluY5kV_hMHfuLJzRg4crZBWxcg7qn0WiNP7owHso8XGNoVg,a4BQhi2ZArkYWoJ3RxlAvYtFcjw1HyGzGrN,d88feccf-ba01-4a8e-89da-563175875dea,a9ee0d44-66d1-424a-9b8c-938c2ce1ce89,Test@123,PASS
a20a3714-0e39-4d1d-9275-919de74f3007,cspperf_user20414@cspperf.com,00a291e5-e699-40a3-94ba-fc80b697f486:8eced1d2-4e6d-47af-82f8-a8e3644c0f23,cspperf_user20414@cspperf.com,LXq2vKtORH6BFpQIN-3a2YOvVSWAd_T1mAenaozVblHaZ6TdMm_pmBEC5NlBkG8b,a4BQhi2ZArkYWoJ3RxlAvYtFcjw1HyGzGrN,d88feccf-ba01-4a8e-89da-563175875dea,a9ee0d44-66d1-424a-9b8c-938c2ce1ce89,Test@123,PASS
a20a3714-0e39-4d1d-9275-919de74f3007,cspperf_user20410@cspperf.com,00a291e5-e699-40a3-94ba-fc80b697f486:a6274d64-635b-42a5-9049-0f2315354b36,cspperf_user20410@cspperf.com,vJ82buDuL5yFntYffHEJVxweDeG4puMthi3MhV8039-ClIr6qQNJbU-sYnOOMuDu,a4BQhi2ZArkYWoJ3RxlAvYtFcjw1HyGzGrN,d88feccf-ba01-4a8e-89da-563175875dea,a9ee0d44-66d1-424a-9b8c-938c2ce1ce89,Test@123,PASS
a20a3714-0e39-4d1d-9275-919de74f3007,cspperf_user20412@cspperf.com,00a291e5-e699-40a3-94ba-fc80b697f486:6116d81c-1c8b-4053-8285-0c043e749a6b,cspperf_user20412@cspperf.com,RHlRJsAE2cTFmSngEOjFeTSdj3Vlau_LRCBXFk3LgBxq7jmT-dCLoXmBPfFui_PE,a4BQhi2ZArkYWoJ3RxlAvYtFcjw1HyGzGrN,d88feccf-ba01-4a8e-89da-563175875dea,a9ee0d44-66d1-424a-9b8c-938c2ce1ce89,Test@123,PASS
a20a3714-0e39-4d1d-9275-919de74f3007,cspperf_user20413@cspperf.com,00a291e5-e699-40a3-94ba-fc80b697f486:fcd031a7-afe2-401c-bb5c-1fc8099c11a5,cspperf_user20413@cspperf.com,qQVEPFSiXeoIm-DsUl7hkugGCs-v5OQsD289DhPnlqPCwfObld_vHMu43LvJw7WR,a4BQhi2ZArkYWoJ3RxlAvYtFcjw1HyGzGrN,d88feccf-ba01-4a8e-89da-563175875dea,a9ee0d44-66d1-424a-9b8c-938c2ce1ce89,Test@123,PASS
a20a3714-0e39-4d1d-9275-919de74f3007,cspperf_user20416@cspperf.com,00a291e5-e699-40a3-94ba-fc80b697f486:61aeeaf5-ddc1-4f7f-a247-a2b963aa8481,cspperf_user20416@cspperf.com,2ROu_QNFGq4knJ2bWT888NGpg75F6FbTzkFlXpzEPWGE1clPHmDKlsKFwyn08wwd,a4BQhi2ZArkYWoJ3RxlAvYtFcjw1HyGzGrN,d88feccf-ba01-4a8e-89da-563175875dea,a9ee0d44-66d1-424a-9b8c-938c2ce1ce89,Test@123,PASS
a20a3714-0e39-4d1d-9275-919de74f3007,cspperf_user20415@cspperf.com,00a291e5-e699-40a3-94ba-fc80b697f486:679b3515-ee50-41fa-9f54-5cb916581d60,cspperf_user20415@cspperf.com,6BhGPKbXlnc_uwCqBYdH5fVs8kk7ls7phLhHlvabA6rXgxJQnomJxKHRpVxr9ryR,a4BQhi2ZArkYWoJ3RxlAvYtFcjw1HyGzGrN,d88feccf-ba01-4a8e-89da-563175875dea,a9ee0d44-66d1-424a-9b8c-938c2ce1ce89,Test@123,PASS
a20a3714-0e39-4d1d-9275-919de74f3007,cspperf_user20419@cspperf.com,00a291e5-e699-40a3-94ba-fc80b697f486:cde637a3-b161-4900-92c8-c040a80ac552,cspperf_user20419@cspperf.com,wHbybR9bTC1mA0fimWRTSU08syLuhItG3pA83sWEh4gDYMv-HKigienhGWeEAFVY,a4BQhi2ZArkYWoJ3RxlAvYtFcjw1HyGzGrN,d88feccf-ba01-4a8e-89da-563175875dea,a9ee0d44-66d1-424a-9b8c-938c2ce1ce89,Test@123,PASS
a20a3714-0e39-4d1d-9275-919de74f3007,cspperf_user20417@cspperf.com,00a291e5-e699-40a3-94ba-fc80b697f486:0c1a50ba-a29f-4b33-b703-596daf66d370,cspperf_user20417@cspperf.com,N2dWwQ5GWmV42s8ZMZUYqnRnCpraWJCVQwrmyo7bPjKNXl7_SYjpwAap4XDx4t_f,a4BQhi2ZArkYWoJ3RxlAvYtFcjw1HyGzGrN,d88feccf-ba01-4a8e-89da-563175875dea,a9ee0d44-66d1-424a-9b8c-938c2ce1ce89,Test@123,PASS
a20a3714-0e39-4d1d-9275-919de74f3007,cspperf_user20421@cspperf.com,00a291e5-e699-40a3-94ba-fc80b697f486:6f0c1087-84f5-4509-b5c0-f716d79ca59c,cspperf_user20421@cspperf.com,dvL1cDfku-eD2CYmbrvi9wDDswm_yZghqCRgEuj6MHwBqCYjcPM-W-MvHuvmnUO7,a4BQhi2ZArkYWoJ3RxlAvYtFcjw1HyGzGrN,d88feccf-ba01-4a8e-89da-563175875dea,a9ee0d44-66d1-424a-9b8c-938c2ce1ce89,Test@123,PASS
a20a3714-0e39-4d1d-9275-919de74f3007,cspperf_user20422@cspperf.com,00a291e5-e699-40a3-94ba-fc80b697f486:59d9dacc-06f6-45eb-ac46-6979589a73f5,cspperf_user20422@cspperf.com,ZXq7yonU5abkyQno_iNocgg6OmPgECUipN4_O9qMk__uFbzRbKSWt8OcDZjL-Z6p,a4BQhi2ZArkYWoJ3RxlAvYtFcjw1HyGzGrN,d88feccf-ba01-4a8e-89da-563175875dea,a9ee0d44-66d1-424a-9b8c-938c2ce1ce89,Test@123,PASS
a20a3714-0e39-4d1d-9275-919de74f3007,cspperf_user20418@cspperf.com,00a291e5-e699-40a3-94ba-fc80b697f486:9331baed-eacc-4f23-b499-ec61c219fbd4,cspperf_user20418@cspperf.com,U2-TkjkqmMRXgJrLylyKnuehGpHKBEe5ZDZoQnt-GvLEb30daAyIyaka6Z0hVZRo,a4BQhi2ZArkYWoJ3RxlAvYtFcjw1HyGzGrN,d88feccf-ba01-4a8e-89da-563175875dea,a9ee0d44-66d1-424a-9b8c-938c2ce1ce89,Test@123,PASS
a20a3714-0e39-4d1d-9275-919de74f3007,cspperf_user20424@cspperf.com,00a291e5-e699-40a3-94ba-fc80b697f486:1e68f736-454a-4b6a-9953-4dceef7ceb1c,cspperf_user20424@cspperf.com,mRV8SN5FT-Oll05VWDPIj87UUoSYnCLLwcAj8iWD_chWxIj0rZMz2RUDKq-dO1Df,a4BQhi2ZArkYWoJ3RxlAvYtFcjw1HyGzGrN,d88feccf-ba01-4a8e-89da-563175875dea,a9ee0d44-66d1-424a-9b8c-938c2ce1ce89,Test@123,PASS
a20a3714-0e39-4d1d-9275-919de74f3007,cspperf_user20423@cspperf.com,00a291e5-e699-40a3-94ba-fc80b697f486:21b24882-a5f0-4399-b1fe-0f36e4251152,cspperf_user20423@cspperf.com,4IsMXjJNvlBsbz75wslTrwSH22UJ67_64yFO2oC-58QEstaqeUz2DEb_t0pdahVC,a4BQhi2ZArkYWoJ3RxlAvYtFcjw1HyGzGrN,d88feccf-ba01-4a8e-89da-563175875dea,a9ee0d44-66d1-424a-9b8c-938c2ce1ce89,Test@123,PASS
a20a3714-0e39-4d1d-9275-919de74f3007,cspperf_user20425@cspperf.com,00a291e5-e699-40a3-94ba-fc80b697f486:1388ce68-e67a-47ed-9e93-79f535ad091b,cspperf_user20425@cspperf.com,6GENt3tc7-C8mtoyoidgdBitBZ1aAZFrm1_DEcpDjJWD4Zj6Zob6mtffwOb2EjXz,a4BQhi2ZArkYWoJ3RxlAvYtFcjw1HyGzGrN,d88feccf-ba01-4a8e-89da-563175875dea,a9ee0d44-66d1-424a-9b8c-938c2ce1ce89,Test@123,PASS
a20a3714-0e39-4d1d-9275-919de74f3007,cspperf_user20420@cspperf.com,00a291e5-e699-40a3-94ba-fc80b697f486:ea7369ab-91ae-4293-837b-ff36ef52eeaf,cspperf_user20420@cspperf.com,j8tGae4Orl2Z4opAeRitY29F0FIY2W_SUoIgw7NtXq-K4Rpkmya5lP7_4yWWBCI3,a4BQhi2ZArkYWoJ3RxlAvYtFcjw1HyGzGrN,d88feccf-ba01-4a8e-89da-563175875dea,a9ee0d44-66d1-424a-9b8c-938c2ce1ce89,Test@123,PASS
a20a3714-0e39-4d1d-9275-919de74f3007,cspperf_user20429@cspperf.com,00a291e5-e699-40a3-94ba-fc80b697f486:27f5e637-404c-4879-bceb-4cd89b59528a,cspperf_user20429@cspperf.com,6TO50J3CGWoZ73LtRvUFG0zXQuE-uRVhyC61a8tupk3OD9EVFqzHygW8UFZLOMeI,a4BQhi2ZArkYWoJ3RxlAvYtFcjw1HyGzGrN,d88feccf-ba01-4a8e-89da-563175875dea,a9ee0d44-66d1-424a-9b8c-938c2ce1ce89,Test@123,PASS
a20a3714-0e39-4d1d-9275-919de74f3007,cspperf_user20426@cspperf.com,00a291e5-e699-40a3-94ba-fc80b697f486:3592cdd3-83df-44c1-8468-c82a1dcf8a6f,cspperf_user20426@cspperf.com,tDII5tKgmn6KJLD1-7Eu4wCt9jlmZSnx3SaBpTCaCMQ3BsTL-omHYTXGOkU9FfQa,a4BQhi2ZArkYWoJ3RxlAvYtFcjw1HyGzGrN,d88feccf-ba01-4a8e-89da-563175875dea,a9ee0d44-66d1-424a-9b8c-938c2ce1ce89,Test@123,PASS
a20a3714-0e39-4d1d-9275-919de74f3007,cspperf_user20430@cspperf.com,00a291e5-e699-40a3-94ba-fc80b697f486:ed962408-d254-4d59-877a-e8a1a28aefa8,cspperf_user20430@cspperf.com,TtTFF8dK04O5zMKybsnVKrkzUL12LU-AETxt8wyfDjwkLw5RIMdWJ0r5CcWawMqP,a4BQhi2ZArkYWoJ3RxlAvYtFcjw1HyGzGrN,d88feccf-ba01-4a8e-89da-563175875dea,a9ee0d44-66d1-424a-9b8c-938c2ce1ce89,Test@123,PASS
a20a3714-0e39-4d1d-9275-919de74f3007,cspperf_user20427@cspperf.com,00a291e5-e699-40a3-94ba-fc80b697f486:c59eda77-0b05-437d-9a98-e3b7dfdf347b,cspperf_user20427@cspperf.com,2sj8hjR5KnHeTXdvvUJe6RU_0tb4RoTnEq11GPAIWAfcwe8Wu2_zVW7td9xBM0_k,a4BQhi2ZArkYWoJ3RxlAvYtFcjw1HyGzGrN,d88feccf-ba01-4a8e-89da-563175875dea,a9ee0d44-66d1-424a-9b8c-938c2ce1ce89,Test@123,PASS
a20a3714-0e39-4d1d-9275-919de74f3007,cspperf_user20436@cspperf.com,00a291e5-e699-40a3-94ba-fc80b697f486:c2d76e4b-aabe-4582-92b1-21babf1573d8,cspperf_user20436@cspperf.com,Xubd6ak_7dGVEKiQJq0-dq0rEZviHylPjbhDOxjjzZ1sj8AuVB5QSwFSiPEdbBkw,a4BQhi2ZArkYWoJ3RxlAvYtFcjw1HyGzGrN,d88feccf-ba01-4a8e-89da-563175875dea,a9ee0d44-66d1-424a-9b8c-938c2ce1ce89,Test@123,PASS
a20a3714-0e39-4d1d-9275-919de74f3007,cspperf_user20431@cspperf.com,00a291e5-e699-40a3-94ba-fc80b697f486:63765bb2-e3a8-4f50-8836-0f0ba91a78b4,cspperf_user20431@cspperf.com,Wt-4gSqv0YADgB6eda7iRs3B8SasiMuADhHKRMq7Fhi8OYGnUMEH9gTFgYem0IeR,a4BQhi2ZArkYWoJ3RxlAvYtFcjw1HyGzGrN,d88feccf-ba01-4a8e-89da-563175875dea,a9ee0d44-66d1-424a-9b8c-938c2ce1ce89,Test@123,PASS
a20a3714-0e39-4d1d-9275-919de74f3007,cspperf_user20434@cspperf.com,00a291e5-e699-40a3-94ba-fc80b697f486:988997fb-6292-4414-a26a-a4826b50a56d,cspperf_user20434@cspperf.com,0NkBeiZ_cRf6NCofEkE9LC1UQKZY6RcMFvTnDaybbItO3JUd-lbJcB62f9p_QU4T,a4BQhi2ZArkYWoJ3RxlAvYtFcjw1HyGzGrN,d88feccf-ba01-4a8e-89da-563175875dea,a9ee0d44-66d1-424a-9b8c-938c2ce1ce89,Test@123,PASS
a20a3714-0e39-4d1d-9275-919de74f3007,cspperf_user20428@cspperf.com,00a291e5-e699-40a3-94ba-fc80b697f486:908c86e9-418a-48d5-be73-2d0e27909703,cspperf_user20428@cspperf.com,cjXtjtS7sQca5kqqvVTElOBfbuQeKSMzu_oCVAk9RQxLFXM8xAU2VFpD7lRSNfbi,a4BQhi2ZArkYWoJ3RxlAvYtFcjw1HyGzGrN,d88feccf-ba01-4a8e-89da-563175875dea,a9ee0d44-66d1-424a-9b8c-938c2ce1ce89,Test@123,PASS
a20a3714-0e39-4d1d-9275-919de74f3007,cspperf_user20435@cspperf.com,00a291e5-e699-40a3-94ba-fc80b697f486:b309786f-59fa-4bd9-9ec9-359f7a0986bc,cspperf_user20435@cspperf.com,S-_SU8sXOxlPnDOPMe6mvlZW5W5g6qmjRV1PrpLWw4wGo1gthi3fmryH9CkXFTnx,a4BQhi2ZArkYWoJ3RxlAvYtFcjw1HyGzGrN,d88feccf-ba01-4a8e-89da-563175875dea,a9ee0d44-66d1-424a-9b8c-938c2ce1ce89,Test@123,PASS
a20a3714-0e39-4d1d-9275-919de74f3007,cspperf_user20433@cspperf.com,00a291e5-e699-40a3-94ba-fc80b697f486:3a6e9c70-5218-4ce4-9684-bd51742aba66,cspperf_user20433@cspperf.com,fWndvKZwu96-CujCOOykZDz948SpE7rmTgzbx2UGF3Nb3AVCbUw_Y71AKAOTQZrD,a4BQhi2ZArkYWoJ3RxlAvYtFcjw1HyGzGrN,d88feccf-ba01-4a8e-89da-563175875dea,a9ee0d44-66d1-424a-9b8c-938c2ce1ce89,Test@123,PASS
a20a3714-0e39-4d1d-9275-919de74f3007,cspperf_user20432@cspperf.com,00a291e5-e699-40a3-94ba-fc80b697f486:cb714e7a-46f2-4439-b1cc-77d76fd9b447,cspperf_user20432@cspperf.com,3026IgyULvFoKro-mxgfOuv8wuO4Gj_yhX5Sqob1G6j5ja6DlNa9uGpHGAGpFrVA,a4BQhi2ZArkYWoJ3RxlAvYtFcjw1HyGzGrN,d88feccf-ba01-4a8e-89da-563175875dea,a9ee0d44-66d1-424a-9b8c-938c2ce1ce89,Test@123,PASS
a20a3714-0e39-4d1d-9275-919de74f3007,cspperf_user20440@cspperf.com,00a291e5-e699-40a3-94ba-fc80b697f486:e376fff3-1c28-4409-931e-4169b518a498,cspperf_user20440@cspperf.com,QB8MBGPXTtCvuiuWEFy0Z5nFE59SoD-glF8odZyz6A68na-RTTW_78JzCHtau7E6,a4BQhi2ZArkYWoJ3RxlAvYtFcjw1HyGzGrN,d88feccf-ba01-4a8e-89da-563175875dea,a9ee0d44-66d1-424a-9b8c-938c2ce1ce89,Test@123,PASS
a20a3714-0e39-4d1d-9275-919de74f3007,cspperf_user20441@cspperf.com,00a291e5-e699-40a3-94ba-fc80b697f486:9d5f4567-83df-415e-b5d4-60445fefa4fe,cspperf_user20441@cspperf.com,EJz5mOWcZFUSpaRRUeJY59j9nzqz0ZS3FF9lImiLuorr-qsYTpLdpf2yNjuipWy4,a4BQhi2ZArkYWoJ3RxlAvYtFcjw1HyGzGrN,d88feccf-ba01-4a8e-89da-563175875dea,a9ee0d44-66d1-424a-9b8c-938c2ce1ce89,Test@123,PASS
a20a3714-0e39-4d1d-9275-919de74f3007,cspperf_user20442@cspperf.com,00a291e5-e699-40a3-94ba-fc80b697f486:ea5d6f4c-5e10-4e04-acfa-74d28c011306,cspperf_user20442@cspperf.com,RSzRv2rByQoa7WvGWeoEDGs4nz1qpjWYMUq9MtTQzGWnUefbBlxWbizze94rtmIV,a4BQhi2ZArkYWoJ3RxlAvYtFcjw1HyGzGrN,d88feccf-ba01-4a8e-89da-563175875dea,a9ee0d44-66d1-424a-9b8c-938c2ce1ce89,Test@123,PASS
a20a3714-0e39-4d1d-9275-919de74f3007,cspperf_user20444@cspperf.com,00a291e5-e699-40a3-94ba-fc80b697f486:0eba6c6b-f18a-4603-9b71-3506bf5a4235,cspperf_user20444@cspperf.com,j9408AxBJB_mHSW2qmKJXHtrpTeQhx3-6Bk1gyoAAyX3znoBdxnwHSmPBSAtRFs5,a4BQhi2ZArkYWoJ3RxlAvYtFcjw1HyGzGrN,d88feccf-ba01-4a8e-89da-563175875dea,a9ee0d44-66d1-424a-9b8c-938c2ce1ce89,Test@123,PASS
a20a3714-0e39-4d1d-9275-919de74f3007,cspperf_user20437@cspperf.com,00a291e5-e699-40a3-94ba-fc80b697f486:97e9e4c0-bb1a-4931-8c5a-8e125c78df02,cspperf_user20437@cspperf.com,GLrhbz_R-eOekspxnZ8f98wOLy9ObYWcLy8eeIphbA1mm7h3P4w6s0r1sz2RbSLh,a4BQhi2ZArkYWoJ3RxlAvYtFcjw1HyGzGrN,d88feccf-ba01-4a8e-89da-563175875dea,a9ee0d44-66d1-424a-9b8c-938c2ce1ce89,Test@123,PASS
a20a3714-0e39-4d1d-9275-919de74f3007,cspperf_user20438@cspperf.com,00a291e5-e699-40a3-94ba-fc80b697f486:04596f77-45a1-42ed-b493-1cb4dea51f43,cspperf_user20438@cspperf.com,hLAZI8TFhEYPG1339EYfUk_VaKIsFZtqQub-CnXSoNis7X06PdkeOafub-hyX2mA,a4BQhi2ZArkYWoJ3RxlAvYtFcjw1HyGzGrN,d88feccf-ba01-4a8e-89da-563175875dea,a9ee0d44-66d1-424a-9b8c-938c2ce1ce89,Test@123,PASS
a20a3714-0e39-4d1d-9275-919de74f3007,cspperf_user20439@cspperf.com,00a291e5-e699-40a3-94ba-fc80b697f486:dace15dc-1001-4fd7-8fa8-d0b823072fcd,cspperf_user20439@cspperf.com,qYQtsxf4EY1rZg7ArzPD7IIJyw3sUQHeLpZ_bv7Bm6SQo7GQYBH-NniDxDKdEdFb,a4BQhi2ZArkYWoJ3RxlAvYtFcjw1HyGzGrN,d88feccf-ba01-4a8e-89da-563175875dea,a9ee0d44-66d1-424a-9b8c-938c2ce1ce89,Test@123,PASS
a20a3714-0e39-4d1d-9275-919de74f3007,cspperf_user20446@cspperf.com,00a291e5-e699-40a3-94ba-fc80b697f486:e54a14d0-27f8-4017-b48b-fd081987035b,cspperf_user20446@cspperf.com,8fg900HgRPh_LXfLFKtUU2SXDfY1ZLzHlWZFRqn4wsUY23xohHwi26YuZrCdso2K,a4BQhi2ZArkYWoJ3RxlAvYtFcjw1HyGzGrN,d88feccf-ba01-4a8e-89da-563175875dea,a9ee0d44-66d1-424a-9b8c-938c2ce1ce89,Test@123,PASS
a20a3714-0e39-4d1d-9275-919de74f3007,cspperf_user20445@cspperf.com,00a291e5-e699-40a3-94ba-fc80b697f486:d17070de-beab-4a4b-8a07-04799933c513,cspperf_user20445@cspperf.com,R0mpzHLQjgRld9vzGM3JZm0o7HMqEaBcUbUyTLmTN2dsNQxJdNtx1KvqeutSITZ0,a4BQhi2ZArkYWoJ3RxlAvYtFcjw1HyGzGrN,d88feccf-ba01-4a8e-89da-563175875dea,a9ee0d44-66d1-424a-9b8c-938c2ce1ce89,Test@123,PASS
a20a3714-0e39-4d1d-9275-919de74f3007,cspperf_user20447@cspperf.com,00a291e5-e699-40a3-94ba-fc80b697f486:ee96d50b-019e-4053-954d-b495a29ca581,cspperf_user20447@cspperf.com,Yxk6PADRtQ8zdGKCdeVzQwHx5PuGG6yp45tcgi2_fCc8AzC7yEZ0VqLS5r2VGysz,a4BQhi2ZArkYWoJ3RxlAvYtFcjw1HyGzGrN,d88feccf-ba01-4a8e-89da-563175875dea,a9ee0d44-66d1-424a-9b8c-938c2ce1ce89,Test@123,PASS
a20a3714-0e39-4d1d-9275-919de74f3007,cspperf_user20449@cspperf.com,00a291e5-e699-40a3-94ba-fc80b697f486:0a4ec8ec-f3a8-489d-b453-e2f5250bcd35,cspperf_user20449@cspperf.com,2_7vZLPzlMm3VU86ZIYBvvGeM4-xIazazROgOPr6rs9pznejbA-lHokZQNZ-qDT9,a4BQhi2ZArkYWoJ3RxlAvYtFcjw1HyGzGrN,d88feccf-ba01-4a8e-89da-563175875dea,a9ee0d44-66d1-424a-9b8c-938c2ce1ce89,Test@123,PASS
a20a3714-0e39-4d1d-9275-919de74f3007,cspperf_user20451@cspperf.com,00a291e5-e699-40a3-94ba-fc80b697f486:0520ef42-292a-49b3-b0f4-4a19b1c9b1dc,cspperf_user20451@cspperf.com,OzKN-V6H5BS80Xl19X4aa_OOLJHR-x9xkMy8ShZKrkr3taA8aY94AOnxuLzN4t0A,a4BQhi2ZArkYWoJ3RxlAvYtFcjw1HyGzGrN,d88feccf-ba01-4a8e-89da-563175875dea,a9ee0d44-66d1-424a-9b8c-938c2ce1ce89,Test@123,PASS
a20a3714-0e39-4d1d-9275-919de74f3007,cspperf_user20448@cspperf.com,00a291e5-e699-40a3-94ba-fc80b697f486:f2ebaa46-9f24-4d75-b041-d30a477c29f8,cspperf_user20448@cspperf.com,pMf9jXZ-5cut2GqWW7dKzac0aUYcLW6MMaL_iaLmfyq3GxJW_evBc2s8G2PhdOoo,a4BQhi2ZArkYWoJ3RxlAvYtFcjw1HyGzGrN,d88feccf-ba01-4a8e-89da-563175875dea,a9ee0d44-66d1-424a-9b8c-938c2ce1ce89,Test@123,PASS
a20a3714-0e39-4d1d-9275-919de74f3007,cspperf_user20450@cspperf.com,00a291e5-e699-40a3-94ba-fc80b697f486:ab8afca7-df70-478f-a9bb-aeb9227ff305,cspperf_user20450@cspperf.com,wd5ztKUSLVQ01gOuerOuHDy9wRP6yTU3xCTS8sXGLeW4DUK-mJDMYYN1uwHJDr0i,a4BQhi2ZArkYWoJ3RxlAvYtFcjw1HyGzGrN,d88feccf-ba01-4a8e-89da-563175875dea,a9ee0d44-66d1-424a-9b8c-938c2ce1ce89,Test@123,PASS
a20a3714-0e39-4d1d-9275-919de74f3007,cspperf_user20443@cspperf.com,00a291e5-e699-40a3-94ba-fc80b697f486:257bb60b-0bf8-4146-bc2e-a3df2e0f48e3,cspperf_user20443@cspperf.com,kSUzaoO9NSbXGD1zkbAOKv6UBdMrEBtQZPsP5vbUS7PxlmLFbhiIfItg03Z9W5AI,a4BQhi2ZArkYWoJ3RxlAvYtFcjw1HyGzGrN,d88feccf-ba01-4a8e-89da-563175875dea,a9ee0d44-66d1-424a-9b8c-938c2ce1ce89,Test@123,PASS
a20a3714-0e39-4d1d-9275-919de74f3007,cspperf_user20452@cspperf.com,00a291e5-e699-40a3-94ba-fc80b697f486:7f37a042-d05f-4ffd-acf5-f6e5d7d0cef0,cspperf_user20452@cspperf.com,Tr4znshWjagcVCBq1-jukQz0TW5zgHBsiv1-om8jBNCcxvghLN6L2gg5zjmUPLks,a4BQhi2ZArkYWoJ3RxlAvYtFcjw1HyGzGrN,d88feccf-ba01-4a8e-89da-563175875dea,a9ee0d44-66d1-424a-9b8c-938c2ce1ce89,Test@123,PASS
4a6b3f64-a745-463b-8c58-55fec2155143,cspperf_user20454@cspperf.com,00a291e5-e699-40a3-94ba-fc80b697f486:1d65db9e-2047-4d3c-84cd-5ac8a2b175ef,cspperf_user20454@cspperf.com,uSr1RtCa2OtILlElhagQL2j6IDVtYi8sCTcVX6ISr3bjACwdmk1etaplq__tCsNf,hZE0Bo0itTnqA0jSkV33CyPjesTTAyBeNrv,61a7a004-684b-4ef4-84dc-421db4dc9069,63cd4459-8222-4bbe-9add-bf7a276ad35f,Test@123,PASS
a20a3714-0e39-4d1d-9275-919de74f3007,cspperf_user20453@cspperf.com,00a291e5-e699-40a3-94ba-fc80b697f486:6e4208c5-1818-4a39-9216-2d4fc5837737,cspperf_user20453@cspperf.com,EjRZc56gUtPxQsa70zFQoHpYC4RA5vxkgyLG4oh-HMwku5ApBV5JeyX6RXA_y1Hl,a4BQhi2ZArkYWoJ3RxlAvYtFcjw1HyGzGrN,d88feccf-ba01-4a8e-89da-563175875dea,a9ee0d44-66d1-424a-9b8c-938c2ce1ce89,Test@123,PASS
4a6b3f64-a745-463b-8c58-55fec2155143,cspperf_user20455@cspperf.com,00a291e5-e699-40a3-94ba-fc80b697f486:e2aa7f92-405e-4e80-943b-7ec6a815cea8,cspperf_user20455@cspperf.com,3lHMH3VH2gJS2QLQfrC04LJmTDpmWDfyq8RkA3p78mOVNnzsQgmzKdatHcMy4yoY,hZE0Bo0itTnqA0jSkV33CyPjesTTAyBeNrv,61a7a004-684b-4ef4-84dc-421db4dc9069,63cd4459-8222-4bbe-9add-bf7a276ad35f,Test@123,PASS
4a6b3f64-a745-463b-8c58-55fec2155143,cspperf_user20460@cspperf.com,00a291e5-e699-40a3-94ba-fc80b697f486:0ff06034-d249-49d2-beec-9c93691bf152,cspperf_user20460@cspperf.com,s_6Aq4RXyyiIrh0GwBywk0qnoOzE7bj0Goxa4RbcQM6zNXoSHnDE-hIhuwgXlg8x,hZE0Bo0itTnqA0jSkV33CyPjesTTAyBeNrv,61a7a004-684b-4ef4-84dc-421db4dc9069,63cd4459-8222-4bbe-9add-bf7a276ad35f,Test@123,PASS
4a6b3f64-a745-463b-8c58-55fec2155143,cspperf_user20457@cspperf.com,00a291e5-e699-40a3-94ba-fc80b697f486:b1d69bdb-3532-455d-83e4-d38fc8fe49e6,cspperf_user20457@cspperf.com,DuP8AGsGihXkaMLad4dzlwTI4aeqFn1PF-KAf4qabolpAsr8o85ORUa74wkK_XR7,hZE0Bo0itTnqA0jSkV33CyPjesTTAyBeNrv,61a7a004-684b-4ef4-84dc-421db4dc9069,63cd4459-8222-4bbe-9add-bf7a276ad35f,Test@123,PASS
4a6b3f64-a745-463b-8c58-55fec2155143,cspperf_user20456@cspperf.com,00a291e5-e699-40a3-94ba-fc80b697f486:95edbcac-5e96-4347-8423-74a35e358f50,cspperf_user20456@cspperf.com,qoOwOd8jPiqhQ8L71m0vVG9yay_48en6hwN2_z2uFkLPikPyESbAEEafnSL-kfpX,hZE0Bo0itTnqA0jSkV33CyPjesTTAyBeNrv,61a7a004-684b-4ef4-84dc-421db4dc9069,63cd4459-8222-4bbe-9add-bf7a276ad35f,Test@123,PASS
4a6b3f64-a745-463b-8c58-55fec2155143,cspperf_user20458@cspperf.com,00a291e5-e699-40a3-94ba-fc80b697f486:f710df7a-b2a2-45cf-8147-8e5556bb7e57,cspperf_user20458@cspperf.com,nDhgyNQzOqLc6Gy-lh1df9kf0lF8EQWff4JJ-q5TvFcPBzIjzOaE0nrFIQzOVmcw,hZE0Bo0itTnqA0jSkV33CyPjesTTAyBeNrv,61a7a004-684b-4ef4-84dc-421db4dc9069,63cd4459-8222-4bbe-9add-bf7a276ad35f,Test@123,PASS
4a6b3f64-a745-463b-8c58-55fec2155143,cspperf_user20461@cspperf.com,00a291e5-e699-40a3-94ba-fc80b697f486:335a0175-d74a-4cab-9f43-02ad77f26892,cspperf_user20461@cspperf.com,_PUCCc0qkz5cNEkev9KtAkvb6HNZoB2zuQxckdnqk-TQdSiUTisTx6sb3SFxWlN4,hZE0Bo0itTnqA0jSkV33CyPjesTTAyBeNrv,61a7a004-684b-4ef4-84dc-421db4dc9069,63cd4459-8222-4bbe-9add-bf7a276ad35f,Test@123,PASS
4a6b3f64-a745-463b-8c58-55fec2155143,cspperf_user20459@cspperf.com,00a291e5-e699-40a3-94ba-fc80b697f486:a957e2ef-3cef-4f30-b53b-3fc0e68398fa,cspperf_user20459@cspperf.com,Yl4yhgJbjE0IqpAJ0cmnPmu489_m1TOp0GXl5asZFBz3R-qCIwjtyNvSvHwvgQFx,hZE0Bo0itTnqA0jSkV33CyPjesTTAyBeNrv,61a7a004-684b-4ef4-84dc-421db4dc9069,63cd4459-8222-4bbe-9add-bf7a276ad35f,Test@123,PASS
4a6b3f64-a745-463b-8c58-55fec2155143,cspperf_user20462@cspperf.com,00a291e5-e699-40a3-94ba-fc80b697f486:bba5cd3e-9471-4cd6-8bb1-58b438754281,cspperf_user20462@cspperf.com,2OdvC1sP3r3wTvGMC5VE_4IbFKZNkbiOqlWe3WIa6-1WnrC3D4N1jexQ4fj6jMy5,hZE0Bo0itTnqA0jSkV33CyPjesTTAyBeNrv,61a7a004-684b-4ef4-84dc-421db4dc9069,63cd4459-8222-4bbe-9add-bf7a276ad35f,Test@123,PASS
4a6b3f64-a745-463b-8c58-55fec2155143,cspperf_user20463@cspperf.com,00a291e5-e699-40a3-94ba-fc80b697f486:1e37f2f1-5442-45a8-96b4-a8b8f01bc3b5,cspperf_user20463@cspperf.com,4GDPBnCIZT_5lw1rFIydi2VSdtBqbpvi303LnY7BArpZmjEIB13BUCdGBO4EKqz2,hZE0Bo0itTnqA0jSkV33CyPjesTTAyBeNrv,61a7a004-684b-4ef4-84dc-421db4dc9069,63cd4459-8222-4bbe-9add-bf7a276ad35f,Test@123,PASS
4a6b3f64-a745-463b-8c58-55fec2155143,cspperf_user20464@cspperf.com,00a291e5-e699-40a3-94ba-fc80b697f486:08743223-e04c-466f-8aac-85f5047fb3a3,cspperf_user20464@cspperf.com,eauP0Wmrpk9tLg2U-ex-whLQpTR5ccayqoKCSkoj4qrrJNa32p8ChpKZaB0a6sD0,hZE0Bo0itTnqA0jSkV33CyPjesTTAyBeNrv,61a7a004-684b-4ef4-84dc-421db4dc9069,63cd4459-8222-4bbe-9add-bf7a276ad35f,Test@123,PASS
4a6b3f64-a745-463b-8c58-55fec2155143,cspperf_user20466@cspperf.com,00a291e5-e699-40a3-94ba-fc80b697f486:8f2c581f-899c-492e-a923-c4c2c4a3f4f1,cspperf_user20466@cspperf.com,C7eO7Mxbs3bLwIziv2GlfE8NaHrkYa1K7_Apo_67DdDjQ_MM-TCq4sY9g3WHnQBB,hZE0Bo0itTnqA0jSkV33CyPjesTTAyBeNrv,61a7a004-684b-4ef4-84dc-421db4dc9069,63cd4459-8222-4bbe-9add-bf7a276ad35f,Test@123,PASS
4a6b3f64-a745-463b-8c58-55fec2155143,cspperf_user20468@cspperf.com,00a291e5-e699-40a3-94ba-fc80b697f486:3737ad45-6721-41e8-a770-5edc76305442,cspperf_user20468@cspperf.com,pxc23ADevy4mnhaoibLOLd07ZEhYgS71dAuhikD5d-EejzdEj3fmRXjGRnwnhPaN,hZE0Bo0itTnqA0jSkV33CyPjesTTAyBeNrv,61a7a004-684b-4ef4-84dc-421db4dc9069,63cd4459-8222-4bbe-9add-bf7a276ad35f,Test@123,PASS
4a6b3f64-a745-463b-8c58-55fec2155143,cspperf_user20465@cspperf.com,00a291e5-e699-40a3-94ba-fc80b697f486:a82bde6a-5bfa-45b6-864a-75b4a128b65e,cspperf_user20465@cspperf.com,t0Kg4Z8qsVIps5lXUkrfi-3N7NMT-8HN3jOpQPCrR2RQlXv09Rre3W5r4-dQOIvt,hZE0Bo0itTnqA0jSkV33CyPjesTTAyBeNrv,61a7a004-684b-4ef4-84dc-421db4dc9069,63cd4459-8222-4bbe-9add-bf7a276ad35f,Test@123,PASS
4a6b3f64-a745-463b-8c58-55fec2155143,cspperf_user20470@cspperf.com,00a291e5-e699-40a3-94ba-fc80b697f486:2959cb80-ac15-4d68-aad6-f35316bf8505,cspperf_user20470@cspperf.com,kCd_nhQyIBOp5447rDH-0AAT_iBM5yt9SNOZ1y38oNyp0u6pxQLltsHZa5Ut8vIJ,hZE0Bo0itTnqA0jSkV33CyPjesTTAyBeNrv,61a7a004-684b-4ef4-84dc-421db4dc9069,63cd4459-8222-4bbe-9add-bf7a276ad35f,Test@123,PASS
4a6b3f64-a745-463b-8c58-55fec2155143,cspperf_user20471@cspperf.com,00a291e5-e699-40a3-94ba-fc80b697f486:0312394d-7718-4f26-a7e8-0d053fdb9d63,cspperf_user20471@cspperf.com,SvX4ntk42SzpGI-Cob3kBq78KuvarobMbZG4cOxJHaDJXyLf18TsR3sXJv1hVokH,hZE0Bo0itTnqA0jSkV33CyPjesTTAyBeNrv,61a7a004-684b-4ef4-84dc-421db4dc9069,63cd4459-8222-4bbe-9add-bf7a276ad35f,Test@123,PASS
4a6b3f64-a745-463b-8c58-55fec2155143,cspperf_user20469@cspperf.com,00a291e5-e699-40a3-94ba-fc80b697f486:201e2efa-3b26-43d4-b8b5-1b489df7461b,cspperf_user20469@cspperf.com,o4dvaTTB_v3ZVJDgXbdkDanT9GVDVaQnJP8pQMxhnUJYAyTLBbNVEigrRyE_FLy_,hZE0Bo0itTnqA0jSkV33CyPjesTTAyBeNrv,61a7a004-684b-4ef4-84dc-421db4dc9069,63cd4459-8222-4bbe-9add-bf7a276ad35f,Test@123,PASS
4a6b3f64-a745-463b-8c58-55fec2155143,cspperf_user20472@cspperf.com,00a291e5-e699-40a3-94ba-fc80b697f486:bf4da27c-84f7-4ccb-b52b-9158dbea4c30,cspperf_user20472@cspperf.com,DCdkiYMeNFT_S38aDBLISFkrj5EN87EE2H78JYzQXOn_EUUpLbKYNUbO0GV84PCu,hZE0Bo0itTnqA0jSkV33CyPjesTTAyBeNrv,61a7a004-684b-4ef4-84dc-421db4dc9069,63cd4459-8222-4bbe-9add-bf7a276ad35f,Test@123,PASS
4a6b3f64-a745-463b-8c58-55fec2155143,cspperf_user20473@cspperf.com,00a291e5-e699-40a3-94ba-fc80b697f486:e612d3ea-7454-4d46-8302-6d28384224d8,cspperf_user20473@cspperf.com,tmhQLDPZqrUj0uDdGNTtMO9UXvjVrL7OcSkPdtCOGMzNCo5Lo3HszabLyW4pYEwS,hZE0Bo0itTnqA0jSkV33CyPjesTTAyBeNrv,61a7a004-684b-4ef4-84dc-421db4dc9069,63cd4459-8222-4bbe-9add-bf7a276ad35f,Test@123,PASS
4a6b3f64-a745-463b-8c58-55fec2155143,cspperf_user20474@cspperf.com,00a291e5-e699-40a3-94ba-fc80b697f486:ec5cccc2-31a5-4037-8deb-ec6d02c2a1b0,cspperf_user20474@cspperf.com,gy28rzsgyeu1lo5a56mIpCUg9AKOrSFamoEGMYH6rdP-neddflfeo-Nz_1vB9C4z,hZE0Bo0itTnqA0jSkV33CyPjesTTAyBeNrv,61a7a004-684b-4ef4-84dc-421db4dc9069,63cd4459-8222-4bbe-9add-bf7a276ad35f,Test@123,PASS
4a6b3f64-a745-463b-8c58-55fec2155143,cspperf_user20476@cspperf.com,00a291e5-e699-40a3-94ba-fc80b697f486:2d46c04c-c253-4027-89f2-1619968df47e,cspperf_user20476@cspperf.com,6OzUoWGzUhcKS6OsBCsYfTXIr2w-dkTSr3fFe6DwlTav6ZC8CfBeA9qMfuvi3u7l,hZE0Bo0itTnqA0jSkV33CyPjesTTAyBeNrv,61a7a004-684b-4ef4-84dc-421db4dc9069,63cd4459-8222-4bbe-9add-bf7a276ad35f,Test@123,PASS
4a6b3f64-a745-463b-8c58-55fec2155143,cspperf_user20480@cspperf.com,00a291e5-e699-40a3-94ba-fc80b697f486:807e8826-8489-48ca-9064-2d347523ac04,cspperf_user20480@cspperf.com,LajsUF9jcFMJtWeXfpQlXR7ZCGPFKpGRLm9NIH7--EMMEaYUDircE6nWnHrMyLVr,hZE0Bo0itTnqA0jSkV33CyPjesTTAyBeNrv,61a7a004-684b-4ef4-84dc-421db4dc9069,63cd4459-8222-4bbe-9add-bf7a276ad35f,Test@123,PASS
4a6b3f64-a745-463b-8c58-55fec2155143,cspperf_user20475@cspperf.com,00a291e5-e699-40a3-94ba-fc80b697f486:a4b9671a-1d04-4c5e-ad80-ccb4001a926f,cspperf_user20475@cspperf.com,ai8UKX9vMhZaB6z-CcGtY6ks0m_vDCYmPhOjuLvU5n-jaXCJLH3CszsvY7y1It6A,hZE0Bo0itTnqA0jSkV33CyPjesTTAyBeNrv,61a7a004-684b-4ef4-84dc-421db4dc9069,63cd4459-8222-4bbe-9add-bf7a276ad35f,Test@123,PASS
4a6b3f64-a745-463b-8c58-55fec2155143,cspperf_user20481@cspperf.com,00a291e5-e699-40a3-94ba-fc80b697f486:ef9d957e-ec2c-4998-9b01-6140b39b7fdb,cspperf_user20481@cspperf.com,y2xHaq4LIOqwiDZVM22-75_ENA15kNb69r2RjRoiB-JYm8HAJmBZ7Fls_iHNUrVt,hZE0Bo0itTnqA0jSkV33CyPjesTTAyBeNrv,61a7a004-684b-4ef4-84dc-421db4dc9069,63cd4459-8222-4bbe-9add-bf7a276ad35f,Test@123,PASS
4a6b3f64-a745-463b-8c58-55fec2155143,cspperf_user20477@cspperf.com,00a291e5-e699-40a3-94ba-fc80b697f486:2d640e01-c641-4726-bd5d-f73bb2e51a90,cspperf_user20477@cspperf.com,bzX4vC8UG5b68iNiiOo22uUNegNSP6lhfRdpK8Qua3sr9yqpNJRQRnAU1gENmSO0,hZE0Bo0itTnqA0jSkV33CyPjesTTAyBeNrv,61a7a004-684b-4ef4-84dc-421db4dc9069,63cd4459-8222-4bbe-9add-bf7a276ad35f,Test@123,PASS
4a6b3f64-a745-463b-8c58-55fec2155143,cspperf_user20485@cspperf.com,00a291e5-e699-40a3-94ba-fc80b697f486:4acbceaa-6de1-404c-8aac-5f6b69642532,cspperf_user20485@cspperf.com,Vca4-aN9R-1GN-n5lWdAiAAPjp-OblRDJDO6cimoResDZGP-81FOwYF4f6NQuWcp,hZE0Bo0itTnqA0jSkV33CyPjesTTAyBeNrv,61a7a004-684b-4ef4-84dc-421db4dc9069,63cd4459-8222-4bbe-9add-bf7a276ad35f,Test@123,PASS
4a6b3f64-a745-463b-8c58-55fec2155143,cspperf_user20486@cspperf.com,00a291e5-e699-40a3-94ba-fc80b697f486:0f1ba593-27d5-4d33-8ac0-9c5773cceafe,cspperf_user20486@cspperf.com,BZNUrCyO1TE_g7Tzi-3X-BYSDsCLmJlnnWQN51_O-bbMdOVkokC_pFc5UB58Trjs,hZE0Bo0itTnqA0jSkV33CyPjesTTAyBeNrv,61a7a004-684b-4ef4-84dc-421db4dc9069,63cd4459-8222-4bbe-9add-bf7a276ad35f,Test@123,PASS
4a6b3f64-a745-463b-8c58-55fec2155143,cspperf_user20482@cspperf.com,00a291e5-e699-40a3-94ba-fc80b697f486:fd026d6b-856c-41ad-8de9-18eac8c07893,cspperf_user20482@cspperf.com,jR8dWoshiAEs2XLe4e6Kn6jjPQ4Lz8MBoK9kCRUe-UrYy1S9lI20nnFTBnrxir9d,hZE0Bo0itTnqA0jSkV33CyPjesTTAyBeNrv,61a7a004-684b-4ef4-84dc-421db4dc9069,63cd4459-8222-4bbe-9add-bf7a276ad35f,Test@123,PASS
4a6b3f64-a745-463b-8c58-55fec2155143,cspperf_user20479@cspperf.com,00a291e5-e699-40a3-94ba-fc80b697f486:f5539af2-41c5-4368-8bad-8b866ee08e20,cspperf_user20479@cspperf.com,QTTatPdZxMTRl_qocteCdYdcUlxlAYwwXirdvmKGrwbxsn29pH_meyVfhHfTMD67,hZE0Bo0itTnqA0jSkV33CyPjesTTAyBeNrv,61a7a004-684b-4ef4-84dc-421db4dc9069,63cd4459-8222-4bbe-9add-bf7a276ad35f,Test@123,PASS
4a6b3f64-a745-463b-8c58-55fec2155143,cspperf_user20478@cspperf.com,00a291e5-e699-40a3-94ba-fc80b697f486:b38971aa-8565-4b65-9027-bf20791dec4d,cspperf_user20478@cspperf.com,zOswYqb0DtkfOIhF4cOoQjDspLpyPKQvrETOoQ-GIstLPfS_h5rm7jAMfh_X4XiP,hZE0Bo0itTnqA0jSkV33CyPjesTTAyBeNrv,61a7a004-684b-4ef4-84dc-421db4dc9069,63cd4459-8222-4bbe-9add-bf7a276ad35f,Test@123,PASS
4a6b3f64-a745-463b-8c58-55fec2155143,cspperf_user20483@cspperf.com,00a291e5-e699-40a3-94ba-fc80b697f486:5159b7ad-0fdd-48cd-9775-834b3de9508d,cspperf_user20483@cspperf.com,SjDLF21kfbFsc5Zr0IMchdYEUjHCJBOS4ZwQ9HZMhDcsDwCm_Ygnbq1dk9B0InLx,hZE0Bo0itTnqA0jSkV33CyPjesTTAyBeNrv,61a7a004-684b-4ef4-84dc-421db4dc9069,63cd4459-8222-4bbe-9add-bf7a276ad35f,Test@123,PASS
4a6b3f64-a745-463b-8c58-55fec2155143,cspperf_user20487@cspperf.com,00a291e5-e699-40a3-94ba-fc80b697f486:aaa64ee9-2ae1-4d65-a419-7ff4b6c00de0,cspperf_user20487@cspperf.com,u9HHFnDCEtU-map3rbpuGwvlo_4YRNay8-1BCrlus3rWSFdjNimC886t9bmu9lDo,hZE0Bo0itTnqA0jSkV33CyPjesTTAyBeNrv,61a7a004-684b-4ef4-84dc-421db4dc9069,63cd4459-8222-4bbe-9add-bf7a276ad35f,Test@123,PASS
4a6b3f64-a745-463b-8c58-55fec2155143,cspperf_user20491@cspperf.com,00a291e5-e699-40a3-94ba-fc80b697f486:21ed0684-435b-44f7-965a-73d95a019c72,cspperf_user20491@cspperf.com,2IvBB_y_XfQsjaSMr83Vf0m9bd4wy_nXjiZLAdtO_N-3XtXhjCDCioESDXPKm1sn,hZE0Bo0itTnqA0jSkV33CyPjesTTAyBeNrv,61a7a004-684b-4ef4-84dc-421db4dc9069,63cd4459-8222-4bbe-9add-bf7a276ad35f,Test@123,PASS
4a6b3f64-a745-463b-8c58-55fec2155143,cspperf_user20492@cspperf.com,00a291e5-e699-40a3-94ba-fc80b697f486:b2913475-6f31-431f-ada2-f046a4bd83c1,cspperf_user20492@cspperf.com,cfvxw6LvPtn4xAOdSX0O_PqcEZON2fdc1j3-7tj0c5oHpKvkd-zgmDzE-PErR4TH,hZE0Bo0itTnqA0jSkV33CyPjesTTAyBeNrv,61a7a004-684b-4ef4-84dc-421db4dc9069,63cd4459-8222-4bbe-9add-bf7a276ad35f,Test@123,PASS
4a6b3f64-a745-463b-8c58-55fec2155143,cspperf_user20490@cspperf.com,00a291e5-e699-40a3-94ba-fc80b697f486:ec5c9e81-42ab-403f-aae4-4e1e0d7a1756,cspperf_user20490@cspperf.com,1pMkKguwx_4CUCtzHktaPBYx_W4m2A2uAsTahkv3BUcBMzHF5h7shMTVth7K0l5b,hZE0Bo0itTnqA0jSkV33CyPjesTTAyBeNrv,61a7a004-684b-4ef4-84dc-421db4dc9069,63cd4459-8222-4bbe-9add-bf7a276ad35f,Test@123,PASS
4a6b3f64-a745-463b-8c58-55fec2155143,cspperf_user20494@cspperf.com,00a291e5-e699-40a3-94ba-fc80b697f486:81820204-9561-42ac-8852-31b1b7fb9855,cspperf_user20494@cspperf.com,0YVsTsrL_Fz2I2SjezXc07NY1KJae5xst84bgSiL8Wv575n2p8_63xNWwd6-hH_q,hZE0Bo0itTnqA0jSkV33CyPjesTTAyBeNrv,61a7a004-684b-4ef4-84dc-421db4dc9069,63cd4459-8222-4bbe-9add-bf7a276ad35f,Test@123,PASS
4a6b3f64-a745-463b-8c58-55fec2155143,cspperf_user20495@cspperf.com,00a291e5-e699-40a3-94ba-fc80b697f486:469220d6-60aa-4c2d-adc4-615d066402c1,cspperf_user20495@cspperf.com,Hzy43a9b8fbCi-nYfWQW99k2rVy2Fm7fGe7a8HMAe76dvFFr5QvccJf7Su16Ered,hZE0Bo0itTnqA0jSkV33CyPjesTTAyBeNrv,61a7a004-684b-4ef4-84dc-421db4dc9069,63cd4459-8222-4bbe-9add-bf7a276ad35f,Test@123,PASS
4a6b3f64-a745-463b-8c58-55fec2155143,cspperf_user20489@cspperf.com,00a291e5-e699-40a3-94ba-fc80b697f486:033755a3-3728-4f46-8d52-28e1bededd92,cspperf_user20489@cspperf.com,ldYMSDYwqMw2dOr_esRDCpLPpI2sG_cVxoJgq7P4A2DUGb607VdesN1Q30uCkaG0,hZE0Bo0itTnqA0jSkV33CyPjesTTAyBeNrv,61a7a004-684b-4ef4-84dc-421db4dc9069,63cd4459-8222-4bbe-9add-bf7a276ad35f,Test@123,PASS
4a6b3f64-a745-463b-8c58-55fec2155143,cspperf_user20467@cspperf.com,00a291e5-e699-40a3-94ba-fc80b697f486:415c66f3-f7e5-42e7-a9ee-71a51ab2f389,cspperf_user20467@cspperf.com,e8FijCdbucrqWdVf24xhOBaDbAyzIP7bf8OAUApmwQD8HFDTezMsYEIhJ2Pxith_,hZE0Bo0itTnqA0jSkV33CyPjesTTAyBeNrv,61a7a004-684b-4ef4-84dc-421db4dc9069,63cd4459-8222-4bbe-9add-bf7a276ad35f,Test@123,PASS
4a6b3f64-a745-463b-8c58-55fec2155143,cspperf_user20493@cspperf.com,00a291e5-e699-40a3-94ba-fc80b697f486:1f48f723-1542-4b22-85d9-541f2cccfbdb,cspperf_user20493@cspperf.com,IYV8WlIQM9qhtRDf2GXlilW-pv9a77l1hCKKfiCChZ-hQ9rU3wor5Y_LYUUc1R8y,hZE0Bo0itTnqA0jSkV33CyPjesTTAyBeNrv,61a7a004-684b-4ef4-84dc-421db4dc9069,63cd4459-8222-4bbe-9add-bf7a276ad35f,Test@123,PASS
4a6b3f64-a745-463b-8c58-55fec2155143,cspperf_user20498@cspperf.com,00a291e5-e699-40a3-94ba-fc80b697f486:6b539af9-22e8-4f76-a05e-0231deb09150,cspperf_user20498@cspperf.com,Ecr7WXIfYFCQm1UFjtkq5CSwc84i7lBFeoPOt-Y25MfmD2fxdJldwq7Wym4VTtNI,hZE0Bo0itTnqA0jSkV33CyPjesTTAyBeNrv,61a7a004-684b-4ef4-84dc-421db4dc9069,63cd4459-8222-4bbe-9add-bf7a276ad35f,Test@123,PASS
4a6b3f64-a745-463b-8c58-55fec2155143,cspperf_user20502@cspperf.com,00a291e5-e699-40a3-94ba-fc80b697f486:b04a60d4-90b4-43c1-b275-66e0ee4d4bdd,cspperf_user20502@cspperf.com,Tt5LjodeHCxjcnDN-F0i04ruu3va6tNcesPj_jk91gEeqmQ0-Aql-ToslmQg1WYL,hZE0Bo0itTnqA0jSkV33CyPjesTTAyBeNrv,61a7a004-684b-4ef4-84dc-421db4dc9069,63cd4459-8222-4bbe-9add-bf7a276ad35f,Test@123,PASS
4a6b3f64-a745-463b-8c58-55fec2155143,cspperf_user20499@cspperf.com,00a291e5-e699-40a3-94ba-fc80b697f486:7ebe0d93-17ab-423f-91c4-5bce8811364a,cspperf_user20499@cspperf.com,PwMe-Fag6hNG7-YYSWH_Zfk6kG_tM1MCllzCjRE6_EbGo3dGiZLcPWdjCvwYnpE5,hZE0Bo0itTnqA0jSkV33CyPjesTTAyBeNrv,61a7a004-684b-4ef4-84dc-421db4dc9069,63cd4459-8222-4bbe-9add-bf7a276ad35f,Test@123,PASS
4a6b3f64-a745-463b-8c58-55fec2155143,cspperf_user20501@cspperf.com,00a291e5-e699-40a3-94ba-fc80b697f486:9983d9ce-6ebb-44c2-998a-e1b413b8ead0,cspperf_user20501@cspperf.com,rxe2CpJ6Ryn81mZfbFEVY_3_6H_xnX4tq2yh4k0fmAObDlNpZjf4E-C28zMtRmJr,hZE0Bo0itTnqA0jSkV33CyPjesTTAyBeNrv,61a7a004-684b-4ef4-84dc-421db4dc9069,63cd4459-8222-4bbe-9add-bf7a276ad35f,Test@123,PASS
4a6b3f64-a745-463b-8c58-55fec2155143,cspperf_user20497@cspperf.com,00a291e5-e699-40a3-94ba-fc80b697f486:384a7f9c-f5b0-4c88-9ce6-a8247364765c,cspperf_user20497@cspperf.com,AZseU4djDjwkQWTyPHEPnoDzRpSo5SG5Yxb015E_e3ZAjcUjt807eXu4V3I0yiMU,hZE0Bo0itTnqA0jSkV33CyPjesTTAyBeNrv,61a7a004-684b-4ef4-84dc-421db4dc9069,63cd4459-8222-4bbe-9add-bf7a276ad35f,Test@123,PASS
6ef64936-32d3-4096-96a0-383dd8464644,cspperf_user20506@cspperf.com,00a291e5-e699-40a3-94ba-fc80b697f486:256d41ce-b678-4141-82af-b6d7a9e1021e,cspperf_user20506@cspperf.com,2mv42aQHS9v68ObKV5d7ba5SxZfer56AJ_lVIvXceo10TO2MqhgAAc0RyVqlUuVo,XWh01teeufOsbQ5Y75dnloCIbT3WLIq1QtL,63623f21-0c7e-479d-8d2b-da902cc6d9a4,d3da2d99-25f7-4216-b900-d97205b0b283,Test@123,PASS
4a6b3f64-a745-463b-8c58-55fec2155143,cspperf_user20503@cspperf.com,00a291e5-e699-40a3-94ba-fc80b697f486:64d29c51-c560-424f-b8dd-32572811b8d1,cspperf_user20503@cspperf.com,whPKGdtPP3y7Svx7VMALtztFP_4Lzqsb80KQwoDzcAOXNRzmZtaDj_oUFmSpX1YT,hZE0Bo0itTnqA0jSkV33CyPjesTTAyBeNrv,61a7a004-684b-4ef4-84dc-421db4dc9069,63cd4459-8222-4bbe-9add-bf7a276ad35f,Test@123,PASS
4a6b3f64-a745-463b-8c58-55fec2155143,cspperf_user20500@cspperf.com,00a291e5-e699-40a3-94ba-fc80b697f486:a7e5f3cf-e673-44b7-8bf4-459a8211ac78,cspperf_user20500@cspperf.com,LP_5Chh8eD6wuYot56rlQLuTVHTQsQoMiKUtoJsCTFSlj1lKZwIetUhYw6VEB-SR,hZE0Bo0itTnqA0jSkV33CyPjesTTAyBeNrv,61a7a004-684b-4ef4-84dc-421db4dc9069,63cd4459-8222-4bbe-9add-bf7a276ad35f,Test@123,PASS
4a6b3f64-a745-463b-8c58-55fec2155143,cspperf_user20496@cspperf.com,00a291e5-e699-40a3-94ba-fc80b697f486:1dffe524-fb16-4088-bf0e-f815b154b44f,cspperf_user20496@cspperf.com,nF3HUraJgEuvEFlqTwn8xieuwRTr6axnSkJ4yzMZpX2FjSbokrwzrbpdsMA5_dM8,hZE0Bo0itTnqA0jSkV33CyPjesTTAyBeNrv,61a7a004-684b-4ef4-84dc-421db4dc9069,63cd4459-8222-4bbe-9add-bf7a276ad35f,Test@123,PASS
6ef64936-32d3-4096-96a0-383dd8464644,cspperf_user20505@cspperf.com,00a291e5-e699-40a3-94ba-fc80b697f486:3aaf1cb1-bfe4-4dae-9378-da0e734048ac,cspperf_user20505@cspperf.com,04p8TrP4FKq2zO5_imJkUUMwNvcc4axKAjYPh_NujuprHLnIVbaLnNYuJSWw_0mh,XWh01teeufOsbQ5Y75dnloCIbT3WLIq1QtL,63623f21-0c7e-479d-8d2b-da902cc6d9a4,d3da2d99-25f7-4216-b900-d97205b0b283,Test@123,PASS
4a6b3f64-a745-463b-8c58-55fec2155143,cspperf_user20488@cspperf.com,00a291e5-e699-40a3-94ba-fc80b697f486:dbca0487-09d7-457a-b321-f87ea8703528,cspperf_user20488@cspperf.com,gGlUD0G28F5G_q91TtudDbPNkMTviBug6GWTHpKqaj3zJIMuqSFcPRtB0nqlA1fR,hZE0Bo0itTnqA0jSkV33CyPjesTTAyBeNrv,61a7a004-684b-4ef4-84dc-421db4dc9069,63cd4459-8222-4bbe-9add-bf7a276ad35f,Test@123,PASS
4a6b3f64-a745-463b-8c58-55fec2155143,cspperf_user20484@cspperf.com,00a291e5-e699-40a3-94ba-fc80b697f486:1cdf6b71-0bbe-4d82-abce-62336336d57b,cspperf_user20484@cspperf.com,bFM5qtZQpbojfyyKy9ZlZOOV8JQGiHnw0TlDwpsWfobED0lYocZYcVJEoZz9oZmf,hZE0Bo0itTnqA0jSkV33CyPjesTTAyBeNrv,61a7a004-684b-4ef4-84dc-421db4dc9069,63cd4459-8222-4bbe-9add-bf7a276ad35f,Test@123,PASS
6ef64936-32d3-4096-96a0-383dd8464644,cspperf_user20507@cspperf.com,00a291e5-e699-40a3-94ba-fc80b697f486:82bc2144-bc0e-489b-a864-a4defb00ad9e,cspperf_user20507@cspperf.com,I4nMbPjC9RFi9YIZiLSLXjY3RFlieRgBAmOHkcY_RKeA_MIFFLMRILbATSZWvFw3,XWh01teeufOsbQ5Y75dnloCIbT3WLIq1QtL,63623f21-0c7e-479d-8d2b-da902cc6d9a4,d3da2d99-25f7-4216-b900-d97205b0b283,Test@123,PASS
6ef64936-32d3-4096-96a0-383dd8464644,cspperf_user20510@cspperf.com,00a291e5-e699-40a3-94ba-fc80b697f486:7cb84dd1-9011-45f2-b70b-f7bbd4e8fb62,cspperf_user20510@cspperf.com,dKHMKgjGUdf07_2vcyMYpel7R9aLd1t9apNmoHvjM6Vy3sbexmLxHi66vlVl1R-v,XWh01teeufOsbQ5Y75dnloCIbT3WLIq1QtL,63623f21-0c7e-479d-8d2b-da902cc6d9a4,d3da2d99-25f7-4216-b900-d97205b0b283,Test@123,PASS
6ef64936-32d3-4096-96a0-383dd8464644,cspperf_user20508@cspperf.com,00a291e5-e699-40a3-94ba-fc80b697f486:e5c235ee-9b6a-4a27-a87f-0513823ea8d8,cspperf_user20508@cspperf.com,9N9Jpac5UBx8iHS1RPPfbN7Jp_s2NN3vSlZ96SO8v_qVLbVqMNaqQcxwv9MXWfpz,XWh01teeufOsbQ5Y75dnloCIbT3WLIq1QtL,63623f21-0c7e-479d-8d2b-da902cc6d9a4,d3da2d99-25f7-4216-b900-d97205b0b283,Test@123,PASS
6ef64936-32d3-4096-96a0-383dd8464644,cspperf_user20504@cspperf.com,00a291e5-e699-40a3-94ba-fc80b697f486:4c37663e-0dac-48d0-97c0-3826fc4af589,cspperf_user20504@cspperf.com,ZE6zHDyO6XIQJzNbJQ8C6chA2GRnEeK1NQJ_0NwAH51EouK3Pe210031ANmV8U_y,XWh01teeufOsbQ5Y75dnloCIbT3WLIq1QtL,63623f21-0c7e-479d-8d2b-da902cc6d9a4,d3da2d99-25f7-4216-b900-d97205b0b283,Test@123,PASS
6ef64936-32d3-4096-96a0-383dd8464644,cspperf_user20511@cspperf.com,00a291e5-e699-40a3-94ba-fc80b697f486:27cc4b8b-5851-4d30-8412-4636d1e03045,cspperf_user20511@cspperf.com,gUGfHOotl9iLSWWCDGjOLkB6zsP0VFSROyjrfa9rGX-XkgulU0S463sD0Usyfv-S,XWh01teeufOsbQ5Y75dnloCIbT3WLIq1QtL,63623f21-0c7e-479d-8d2b-da902cc6d9a4,d3da2d99-25f7-4216-b900-d97205b0b283,Test@123,PASS
6ef64936-32d3-4096-96a0-383dd8464644,cspperf_user20509@cspperf.com,00a291e5-e699-40a3-94ba-fc80b697f486:f194bde3-0f65-4dde-a8ca-008529b50dc1,cspperf_user20509@cspperf.com,NgKHbNxzC7eNGfOc8hGgzWRY_jsJM7IGczj96Ednn1BEcNECndx3zwHyCRkdgmgn,XWh01teeufOsbQ5Y75dnloCIbT3WLIq1QtL,63623f21-0c7e-479d-8d2b-da902cc6d9a4,d3da2d99-25f7-4216-b900-d97205b0b283,Test@123,PASS
6ef64936-32d3-4096-96a0-383dd8464644,cspperf_user20513@cspperf.com,00a291e5-e699-40a3-94ba-fc80b697f486:568f5855-b84e-433c-b2c6-13d9a2214d3d,cspperf_user20513@cspperf.com,fxXfyfkoYrPFq_KkzmcklMozKhgXKHP9ddwTYUxX58M7BbvnNKZ-P8tvtRSA-3HN,XWh01teeufOsbQ5Y75dnloCIbT3WLIq1QtL,63623f21-0c7e-479d-8d2b-da902cc6d9a4,d3da2d99-25f7-4216-b900-d97205b0b283,Test@123,PASS
6ef64936-32d3-4096-96a0-383dd8464644,cspperf_user20512@cspperf.com,00a291e5-e699-40a3-94ba-fc80b697f486:fb888550-b347-4d2d-9d67-4bce69df326b,cspperf_user20512@cspperf.com,wozxOajWew2bsGJ5qXJuuH7KYFLbg8Ku0aIVquT6l-F19sKRMUdmzQ9VW5rW24Se,XWh01teeufOsbQ5Y75dnloCIbT3WLIq1QtL,63623f21-0c7e-479d-8d2b-da902cc6d9a4,d3da2d99-25f7-4216-b900-d97205b0b283,Test@123,PASS
6ef64936-32d3-4096-96a0-383dd8464644,cspperf_user20515@cspperf.com,00a291e5-e699-40a3-94ba-fc80b697f486:5b08dd80-692d-4117-ae7d-c38de8ded5e3,cspperf_user20515@cspperf.com,NU1CRek8ZC2H4xVBdc5gIdu4DDhdt1nsSsMrXnFbPDkQ4Y6Da2WsttIb8AW8zsk0,XWh01teeufOsbQ5Y75dnloCIbT3WLIq1QtL,63623f21-0c7e-479d-8d2b-da902cc6d9a4,d3da2d99-25f7-4216-b900-d97205b0b283,Test@123,PASS
6ef64936-32d3-4096-96a0-383dd8464644,cspperf_user20518@cspperf.com,00a291e5-e699-40a3-94ba-fc80b697f486:c40a084c-fa48-4347-b3e4-b1b6b4f380a8,cspperf_user20518@cspperf.com,vDA9_N6XR14WR1ViQMUG-VK8OUs5nQcQfs2wOIBH-xaUztXqW5m9IFFZ5nI2l8B8,XWh01teeufOsbQ5Y75dnloCIbT3WLIq1QtL,63623f21-0c7e-479d-8d2b-da902cc6d9a4,d3da2d99-25f7-4216-b900-d97205b0b283,Test@123,PASS
6ef64936-32d3-4096-96a0-383dd8464644,cspperf_user20519@cspperf.com,00a291e5-e699-40a3-94ba-fc80b697f486:56e0713a-484c-4d72-853b-20ffeed3cd07,cspperf_user20519@cspperf.com,RMTvsXkbPl5YmJD6JOri9vKDUAae8WAgVV6CmZuQYEbsLSivdI9_pTi1OkstsGRv,XWh01teeufOsbQ5Y75dnloCIbT3WLIq1QtL,63623f21-0c7e-479d-8d2b-da902cc6d9a4,d3da2d99-25f7-4216-b900-d97205b0b283,Test@123,PASS
6ef64936-32d3-4096-96a0-383dd8464644,cspperf_user20517@cspperf.com,00a291e5-e699-40a3-94ba-fc80b697f486:ce4a0a11-da37-4dec-a273-e451bc561eca,cspperf_user20517@cspperf.com,nkymts-6m-Rz9iFKYWo1LSYezgDG6X4HaSm3fVh-hfeiIBI0FJbrEMDhK4RuBXaF,XWh01teeufOsbQ5Y75dnloCIbT3WLIq1QtL,63623f21-0c7e-479d-8d2b-da902cc6d9a4,d3da2d99-25f7-4216-b900-d97205b0b283,Test@123,PASS
6ef64936-32d3-4096-96a0-383dd8464644,cspperf_user20514@cspperf.com,00a291e5-e699-40a3-94ba-fc80b697f486:29a98587-7959-443d-a761-dd8816604657,cspperf_user20514@cspperf.com,ghooHjkGVWzon6TRdTsU8ySkWiQ2g5tWgogvfrckTkI91m75JhVoXasIbxIggiyn,XWh01teeufOsbQ5Y75dnloCIbT3WLIq1QtL,63623f21-0c7e-479d-8d2b-da902cc6d9a4,d3da2d99-25f7-4216-b900-d97205b0b283,Test@123,PASS
6ef64936-32d3-4096-96a0-383dd8464644,cspperf_user20516@cspperf.com,00a291e5-e699-40a3-94ba-fc80b697f486:42bbcbdf-af5b-4bb8-971c-51e50676f6ad,cspperf_user20516@cspperf.com,l5CPnZFWCP034HuUYs4i-eKsQ-wUTkZ45uQ3MFYUtlIwoRH_EcMPh0YhipmeaCsY,XWh01teeufOsbQ5Y75dnloCIbT3WLIq1QtL,63623f21-0c7e-479d-8d2b-da902cc6d9a4,d3da2d99-25f7-4216-b900-d97205b0b283,Test@123,PASS
6ef64936-32d3-4096-96a0-383dd8464644,cspperf_user20521@cspperf.com,00a291e5-e699-40a3-94ba-fc80b697f486:763a8ef3-6f2d-4a3d-a3b5-68c86d4ee575,cspperf_user20521@cspperf.com,BpxPtrV47cTqVb_i9BMF-zkNY4YDecAnpNWasC3tP7stTbjAIZ7GlYRiGZ7V-okd,XWh01teeufOsbQ5Y75dnloCIbT3WLIq1QtL,63623f21-0c7e-479d-8d2b-da902cc6d9a4,d3da2d99-25f7-4216-b900-d97205b0b283,Test@123,PASS
6ef64936-32d3-4096-96a0-383dd8464644,cspperf_user20520@cspperf.com,00a291e5-e699-40a3-94ba-fc80b697f486:38085222-a6d4-4882-aeef-b3f84df9c814,cspperf_user20520@cspperf.com,BhaCs2di5JhpELQ7gbNFb5ETMGUhrAz2Li1Zz9QJ0vawd9ev1pAysZvpv-yr5Fxj,XWh01teeufOsbQ5Y75dnloCIbT3WLIq1QtL,63623f21-0c7e-479d-8d2b-da902cc6d9a4,d3da2d99-25f7-4216-b900-d97205b0b283,Test@123,PASS
6ef64936-32d3-4096-96a0-383dd8464644,cspperf_user20522@cspperf.com,00a291e5-e699-40a3-94ba-fc80b697f486:3987bd79-bf84-43aa-b32c-b199408b71c0,cspperf_user20522@cspperf.com,p82i9MNCQ1FLlB7TXbu0opZ2WsxhLAu7zI04hvEqAOaxfwz0xVFUlMk6I6IRW9c9,XWh01teeufOsbQ5Y75dnloCIbT3WLIq1QtL,63623f21-0c7e-479d-8d2b-da902cc6d9a4,d3da2d99-25f7-4216-b900-d97205b0b283,Test@123,PASS
6ef64936-32d3-4096-96a0-383dd8464644,cspperf_user20533@cspperf.com,00a291e5-e699-40a3-94ba-fc80b697f486:012e08f8-bdef-45c8-9403-008e8f9ec20c,cspperf_user20533@cspperf.com,brwHJB68zzIXEmUBIJ48MJ4KgcC-oDxy1_AFtQ_79OGccSwqZB0c58Zf499QEXtv,XWh01teeufOsbQ5Y75dnloCIbT3WLIq1QtL,63623f21-0c7e-479d-8d2b-da902cc6d9a4,d3da2d99-25f7-4216-b900-d97205b0b283,Test@123,PASS
6ef64936-32d3-4096-96a0-383dd8464644,cspperf_user20523@cspperf.com,00a291e5-e699-40a3-94ba-fc80b697f486:6a4954cb-fe51-4c98-a2b3-3eaa8b8ec1f9,cspperf_user20523@cspperf.com,9Vi1QDVo6GaN5jisKtTChXhJ0VeXh9Jf1MihNx1MX1fUUrcTlTYBrs2jeq6ISXet,XWh01teeufOsbQ5Y75dnloCIbT3WLIq1QtL,63623f21-0c7e-479d-8d2b-da902cc6d9a4,d3da2d99-25f7-4216-b900-d97205b0b283,Test@123,PASS
6ef64936-32d3-4096-96a0-383dd8464644,cspperf_user20526@cspperf.com,00a291e5-e699-40a3-94ba-fc80b697f486:5fefc26d-f1d9-496e-94fe-372dc9ee6451,cspperf_user20526@cspperf.com,RqmJ6SFSQrupjCjZ-t-fdn4nJRBLwZpE5SQLXhbQS_WXTQKFLFfvHQpIZeWwF0Ak,XWh01teeufOsbQ5Y75dnloCIbT3WLIq1QtL,63623f21-0c7e-479d-8d2b-da902cc6d9a4,d3da2d99-25f7-4216-b900-d97205b0b283,Test@123,PASS
6ef64936-32d3-4096-96a0-383dd8464644,cspperf_user20527@cspperf.com,00a291e5-e699-40a3-94ba-fc80b697f486:916d75c1-9325-4968-890f-989b3891e020,cspperf_user20527@cspperf.com,0DuFW8-eDjdD_63mMoQJXVPy9GmM0jDgaRORensavp4wedvUBv0wlpMLRp7PBJDi,XWh01teeufOsbQ5Y75dnloCIbT3WLIq1QtL,63623f21-0c7e-479d-8d2b-da902cc6d9a4,d3da2d99-25f7-4216-b900-d97205b0b283,Test@123,PASS
6ef64936-32d3-4096-96a0-383dd8464644,cspperf_user20530@cspperf.com,00a291e5-e699-40a3-94ba-fc80b697f486:fc2a750c-cac5-4649-9fdd-669d00cb8ee4,cspperf_user20530@cspperf.com,zcPJ282rkU6x6SyfsqG08bvmkgIATcqQ1XJiFhJtGlGR6Toa48o04lybVp8KFZ1i,XWh01teeufOsbQ5Y75dnloCIbT3WLIq1QtL,63623f21-0c7e-479d-8d2b-da902cc6d9a4,d3da2d99-25f7-4216-b900-d97205b0b283,Test@123,PASS
6ef64936-32d3-4096-96a0-383dd8464644,cspperf_user20524@cspperf.com,00a291e5-e699-40a3-94ba-fc80b697f486:d0969abe-b963-4961-9ca8-e0e16f20fd71,cspperf_user20524@cspperf.com,XvTiIlwjt9ZZmPNohwyIMD-H4l0eale16PJfxxfF_Wp-DsDC3RA1n-CG-KTzH5_E,XWh01teeufOsbQ5Y75dnloCIbT3WLIq1QtL,63623f21-0c7e-479d-8d2b-da902cc6d9a4,d3da2d99-25f7-4216-b900-d97205b0b283,Test@123,PASS
6ef64936-32d3-4096-96a0-383dd8464644,cspperf_user20531@cspperf.com,00a291e5-e699-40a3-94ba-fc80b697f486:dad69a96-6453-415b-ab4f-bebf8080bbc6,cspperf_user20531@cspperf.com,EwrSwzm6_VIb20njEsvcHmIDTHxqeve4YUU38JcIitZil7PkUBAHSwy6D2mAaEme,XWh01teeufOsbQ5Y75dnloCIbT3WLIq1QtL,63623f21-0c7e-479d-8d2b-da902cc6d9a4,d3da2d99-25f7-4216-b900-d97205b0b283,Test@123,PASS
6ef64936-32d3-4096-96a0-383dd8464644,cspperf_user20529@cspperf.com,00a291e5-e699-40a3-94ba-fc80b697f486:148fc48c-1f52-4b6a-9b28-bbeb32d8b37e,cspperf_user20529@cspperf.com,RH0-1UgfT7JL3oNECNjOLtLijg3zL7SQukkqe72wIvTmCqOSBfpfs_Pl5FvefIXN,XWh01teeufOsbQ5Y75dnloCIbT3WLIq1QtL,63623f21-0c7e-479d-8d2b-da902cc6d9a4,d3da2d99-25f7-4216-b900-d97205b0b283,Test@123,PASS
6ef64936-32d3-4096-96a0-383dd8464644,cspperf_user20528@cspperf.com,00a291e5-e699-40a3-94ba-fc80b697f486:da67742c-1c4e-408d-af9d-7a0d95a78af9,cspperf_user20528@cspperf.com,6lMMsmtA0kRea21V9KVj-omx6Mqhupo4zzttLw5qWIg09usBe8qJJXDA37VMcUaM,XWh01teeufOsbQ5Y75dnloCIbT3WLIq1QtL,63623f21-0c7e-479d-8d2b-da902cc6d9a4,d3da2d99-25f7-4216-b900-d97205b0b283,Test@123,PASS
6ef64936-32d3-4096-96a0-383dd8464644,cspperf_user20534@cspperf.com,00a291e5-e699-40a3-94ba-fc80b697f486:0eddb554-51a5-4ba4-9116-dfa496960b3c,cspperf_user20534@cspperf.com,Z5-JMP2qnYwgD-PQ1AYwaUzzpkI9zSt7u96tz-iyggEv-39o_WwYKBX7xlYo3ajJ,XWh01teeufOsbQ5Y75dnloCIbT3WLIq1QtL,63623f21-0c7e-479d-8d2b-da902cc6d9a4,d3da2d99-25f7-4216-b900-d97205b0b283,Test@123,PASS
6ef64936-32d3-4096-96a0-383dd8464644,cspperf_user20532@cspperf.com,00a291e5-e699-40a3-94ba-fc80b697f486:e407969d-f8c6-426d-b45b-e4f738a35d3c,cspperf_user20532@cspperf.com,=-bwFr24K55j22fP99h0pdP7xZmej0oqxWMI4-Jvi-kg9YacwgaMpOPlfHsk9VMGs,XWh01teeufOsbQ5Y75dnloCIbT3WLIq1QtL,63623f21-0c7e-479d-8d2b-da902cc6d9a4,d3da2d99-25f7-4216-b900-d97205b0b283,Test@123,PASS
6ef64936-32d3-4096-96a0-383dd8464644,cspperf_user20537@cspperf.com,00a291e5-e699-40a3-94ba-fc80b697f486:da41413d-0037-4bc5-a1a1-37444a4154b2,cspperf_user20537@cspperf.com,vYHrHiWtXxVo5iTdRjZz9CRXTOYRSqelmIa-Vs7n53LpEzR9Dl45tOQ1YvxPrFTJ,XWh01teeufOsbQ5Y75dnloCIbT3WLIq1QtL,63623f21-0c7e-479d-8d2b-da902cc6d9a4,d3da2d99-25f7-4216-b900-d97205b0b283,Test@123,PASS
6ef64936-32d3-4096-96a0-383dd8464644,cspperf_user20536@cspperf.com,00a291e5-e699-40a3-94ba-fc80b697f486:3d0ea3aa-e697-4e2d-92c3-49bb01fe61af,cspperf_user20536@cspperf.com,mnnQ-9f_Vgvkev8CHLbuV1F-rsmR5LNbNphQr6OvdzZ4ON-TTEGBx2Hh-xHS5-kR,XWh01teeufOsbQ5Y75dnloCIbT3WLIq1QtL,63623f21-0c7e-479d-8d2b-da902cc6d9a4,d3da2d99-25f7-4216-b900-d97205b0b283,Test@123,PASS
6ef64936-32d3-4096-96a0-383dd8464644,cspperf_user20525@cspperf.com,00a291e5-e699-40a3-94ba-fc80b697f486:2467c998-e4d4-4eb7-9b77-11002376f665,cspperf_user20525@cspperf.com,RXWEX3j9qRqkfiHxfChKeAj3eh2SUqmhw5F4x_lfNBB7BhrmRivucxtpbXWzJO_L,XWh01teeufOsbQ5Y75dnloCIbT3WLIq1QtL,63623f21-0c7e-479d-8d2b-da902cc6d9a4,d3da2d99-25f7-4216-b900-d97205b0b283,Test@123,PASS
6ef64936-32d3-4096-96a0-383dd8464644,cspperf_user20539@cspperf.com,00a291e5-e699-40a3-94ba-fc80b697f486:ce363d0a-321e-4e69-810e-942d47ef3e49,cspperf_user20539@cspperf.com,J4P360VTYWL6CrmntgvVUP2cLbw_GxkFMzB0Fa02lWAoWXGMYLZfToI82MfCXmC1,XWh01teeufOsbQ5Y75dnloCIbT3WLIq1QtL,63623f21-0c7e-479d-8d2b-da902cc6d9a4,d3da2d99-25f7-4216-b900-d97205b0b283,Test@123,PASS
6ef64936-32d3-4096-96a0-383dd8464644,cspperf_user20538@cspperf.com,00a291e5-e699-40a3-94ba-fc80b697f486:0723e8d9-bb49-4da7-a366-b234308fdcbd,cspperf_user20538@cspperf.com,0B9v43TDPqMHhg0XMcQOAIHJKJMB2Uso8ARd5uiMCccFnXEJulP30j1IMUX0gXuB,XWh01teeufOsbQ5Y75dnloCIbT3WLIq1QtL,63623f21-0c7e-479d-8d2b-da902cc6d9a4,d3da2d99-25f7-4216-b900-d97205b0b283,Test@123,PASS
6ef64936-32d3-4096-96a0-383dd8464644,cspperf_user20544@cspperf.com,00a291e5-e699-40a3-94ba-fc80b697f486:ce4b9604-636b-42b3-b3ae-4d78653b060f,cspperf_user20544@cspperf.com,G5eD2xob7QClM8Av-2WA-KPQSQmcYtuWwioCb83fUt0mJbit6EhzhaswctnFRfi1,XWh01teeufOsbQ5Y75dnloCIbT3WLIq1QtL,63623f21-0c7e-479d-8d2b-da902cc6d9a4,d3da2d99-25f7-4216-b900-d97205b0b283,Test@123,PASS
6ef64936-32d3-4096-96a0-383dd8464644,cspperf_user20540@cspperf.com,00a291e5-e699-40a3-94ba-fc80b697f486:316e94ec-a8af-445a-a410-02c57c05c3cf,cspperf_user20540@cspperf.com,Tl25g11NXsAwmA8i7GAa5FQY4ZG-qGDzbPAbqBD9TW0D00m51h2pSkAF_oafGXoq,XWh01teeufOsbQ5Y75dnloCIbT3WLIq1QtL,63623f21-0c7e-479d-8d2b-da902cc6d9a4,d3da2d99-25f7-4216-b900-d97205b0b283,Test@123,PASS
6ef64936-32d3-4096-96a0-383dd8464644,cspperf_user20535@cspperf.com,00a291e5-e699-40a3-94ba-fc80b697f486:36b82acc-d796-4e15-8874-959c6699303f,cspperf_user20535@cspperf.com,wAfkxtukRl8hrlbcTYUxXh6SPUe09_hh55xq41tgTo7Y-xN09WXgQk0X9Hhe_q7-,XWh01teeufOsbQ5Y75dnloCIbT3WLIq1QtL,63623f21-0c7e-479d-8d2b-da902cc6d9a4,d3da2d99-25f7-4216-b900-d97205b0b283,Test@123,PASS
6ef64936-32d3-4096-96a0-383dd8464644,cspperf_user20542@cspperf.com,00a291e5-e699-40a3-94ba-fc80b697f486:fe062393-07b5-43a0-8890-7fc7557def70,cspperf_user20542@cspperf.com,hP-g66gA5nO12NZKFjtdpG7GfrXh2zsIpT0yqVbTZlXfaIfvRRqcLQuVQjxlnOdw,XWh01teeufOsbQ5Y75dnloCIbT3WLIq1QtL,63623f21-0c7e-479d-8d2b-da902cc6d9a4,d3da2d99-25f7-4216-b900-d97205b0b283,Test@123,PASS
6ef64936-32d3-4096-96a0-383dd8464644,cspperf_user20546@cspperf.com,00a291e5-e699-40a3-94ba-fc80b697f486:4335807b-91ac-44e0-9d73-ac29edc86b49,cspperf_user20546@cspperf.com,Y3nBpG_QuS7u0m9wRug2gsFL3dsHOoM28nrxgLu5iQ2pvmHQ9wVgvOxyNq274aRL,XWh01teeufOsbQ5Y75dnloCIbT3WLIq1QtL,63623f21-0c7e-479d-8d2b-da902cc6d9a4,d3da2d99-25f7-4216-b900-d97205b0b283,Test@123,PASS
6ef64936-32d3-4096-96a0-383dd8464644,cspperf_user20541@cspperf.com,00a291e5-e699-40a3-94ba-fc80b697f486:a76c5a6e-afdd-40b2-90cf-3025df510d7d,cspperf_user20541@cspperf.com,V8sn-B_ofm6MjlE5DvDi-LH45udLDFyyxg-hbttgOokntsiGWG_T68s-U2rokDcv,XWh01teeufOsbQ5Y75dnloCIbT3WLIq1QtL,63623f21-0c7e-479d-8d2b-da902cc6d9a4,d3da2d99-25f7-4216-b900-d97205b0b283,Test@123,PASS
6ef64936-32d3-4096-96a0-383dd8464644,cspperf_user20543@cspperf.com,00a291e5-e699-40a3-94ba-fc80b697f486:28d528f9-5b80-45d8-b379-b56eed0a6985,cspperf_user20543@cspperf.com,NF4dsQ7C0dwusvfdw1gY_5pKGgDiWM_hI8fIc7CcPVAKY8wra6F8R6Jvfw2APIRR,XWh01teeufOsbQ5Y75dnloCIbT3WLIq1QtL,63623f21-0c7e-479d-8d2b-da902cc6d9a4,d3da2d99-25f7-4216-b900-d97205b0b283,Test@123,PASS
6ef64936-32d3-4096-96a0-383dd8464644,cspperf_user20547@cspperf.com,00a291e5-e699-40a3-94ba-fc80b697f486:fa1c60ca-0be0-4f48-80f6-6db26b3eb9f4,cspperf_user20547@cspperf.com,1UHb4I99S99JlPCtYvzDIfRKWZnwA8x-RLf53TJs586X4jVcbDgKJ0NhQfECjBJN,XWh01teeufOsbQ5Y75dnloCIbT3WLIq1QtL,63623f21-0c7e-479d-8d2b-da902cc6d9a4,d3da2d99-25f7-4216-b900-d97205b0b283,Test@123,PASS
6ef64936-32d3-4096-96a0-383dd8464644,cspperf_user20550@cspperf.com,00a291e5-e699-40a3-94ba-fc80b697f486:3d30b3a6-b423-4a11-8ee1-df48da38650a,cspperf_user20550@cspperf.com,c-2_BfAa6zlO_jYAnVLvMwPcJqdnsce6SABv4JyNa7qrdncJeNvyDfmfuwsa2OGH,XWh01teeufOsbQ5Y75dnloCIbT3WLIq1QtL,63623f21-0c7e-479d-8d2b-da902cc6d9a4,d3da2d99-25f7-4216-b900-d97205b0b283,Test@123,PASS
6ef64936-32d3-4096-96a0-383dd8464644,cspperf_user20545@cspperf.com,00a291e5-e699-40a3-94ba-fc80b697f486:e0152c08-771e-481a-b264-f6989c99fa32,cspperf_user20545@cspperf.com,QR9HTYh74jtTTW1JmpwwLkS3HWanEAC1rrv5wfGLmMXZBKFDaUaM-itQcdjNe0TG,XWh01teeufOsbQ5Y75dnloCIbT3WLIq1QtL,63623f21-0c7e-479d-8d2b-da902cc6d9a4,d3da2d99-25f7-4216-b900-d97205b0b283,Test@123,PASS
6ef64936-32d3-4096-96a0-383dd8464644,cspperf_user20551@cspperf.com,00a291e5-e699-40a3-94ba-fc80b697f486:03de502c-d57f-4d94-818d-74a0a0b5ec93,cspperf_user20551@cspperf.com,5H_46QUcR2HrKVGHsLnAkssPy-vQIXDHe0shgpacb61QT_scFIz2CA54PJVoF4gS,XWh01teeufOsbQ5Y75dnloCIbT3WLIq1QtL,63623f21-0c7e-479d-8d2b-da902cc6d9a4,d3da2d99-25f7-4216-b900-d97205b0b283,Test@123,PASS
6ef64936-32d3-4096-96a0-383dd8464644,cspperf_user20549@cspperf.com,00a291e5-e699-40a3-94ba-fc80b697f486:f534aeff-6bd6-4e6b-98e8-aca4839c55ad,cspperf_user20549@cspperf.com,IQm0nWtwEzU85_MSGs_4TP13RFQAwlaeq1FccTxoW6MrN-vC-llHme2i5Cfk44nt,XWh01teeufOsbQ5Y75dnloCIbT3WLIq1QtL,63623f21-0c7e-479d-8d2b-da902cc6d9a4,d3da2d99-25f7-4216-b900-d97205b0b283,Test@123,PASS
6ef64936-32d3-4096-96a0-383dd8464644,cspperf_user20552@cspperf.com,00a291e5-e699-40a3-94ba-fc80b697f486:ea0a9951-49b2-492d-9447-06c316de4958,cspperf_user20552@cspperf.com,wBxnGfqacZ5NAkVYIHhS0ANIZrzGGpWWPm8jX7cuA48dBIifVfj0PmyFm9NcOKJF,XWh01teeufOsbQ5Y75dnloCIbT3WLIq1QtL,63623f21-0c7e-479d-8d2b-da902cc6d9a4,d3da2d99-25f7-4216-b900-d97205b0b283,Test@123,PASS
6ef64936-32d3-4096-96a0-383dd8464644,cspperf_user20548@cspperf.com,00a291e5-e699-40a3-94ba-fc80b697f486:9a6fd5a4-71c9-4791-9811-39dcdd93d94f,cspperf_user20548@cspperf.com,bNYvoaQJapOYfE6-iBbFYXfS7GvTzEm810SwkxDjSIIyGO1KMzEeW4-B1bSRNeqk,XWh01teeufOsbQ5Y75dnloCIbT3WLIq1QtL,63623f21-0c7e-479d-8d2b-da902cc6d9a4,d3da2d99-25f7-4216-b900-d97205b0b283,Test@123,PASS
0afa1758-69c0-433c-ac81-f0b2007c86ae,cspperf_user20559@cspperf.com,00a291e5-e699-40a3-94ba-fc80b697f486:8bb37c2f-8665-4ac0-aeb9-e12c7f8d2408,cspperf_user20559@cspperf.com,HuVmePOsVrroC2OKz_ZsBvFb8yX53_V7KBJXDTjEyUUHOAnEva1pawL87Xw4HMyX,C8UCcJpGTKiYWkJeyppFBp8KeYaqhxnhBu7,edcdaab3-908c-4a6c-9405-410dc1f96afe,5dd0c7fd-b80b-4829-a3ae-2d366238ff0e,Test@123,PASS
6ef64936-32d3-4096-96a0-383dd8464644,cspperf_user20553@cspperf.com,00a291e5-e699-40a3-94ba-fc80b697f486:3e7916e0-7f85-4db2-b833-dce553a26b15,cspperf_user20553@cspperf.com,wJ4SGjSJVz1w9mbWxxkWXLoRHo6-lOIg8x_Hp8KCKc7jvEvDM9XjtsE5LxdfuG0y,XWh01teeufOsbQ5Y75dnloCIbT3WLIq1QtL,63623f21-0c7e-479d-8d2b-da902cc6d9a4,d3da2d99-25f7-4216-b900-d97205b0b283,Test@123,PASS
0afa1758-69c0-433c-ac81-f0b2007c86ae,cspperf_user20561@cspperf.com,00a291e5-e699-40a3-94ba-fc80b697f486:27202b75-534e-4166-9147-3f8438a1b938,cspperf_user20561@cspperf.com,mlfzIEYPa9wrqT-8Wxw2EQasfdfwQEhRAKEtb_55XKfMgATW8LogcZH5BG7utAPY,C8UCcJpGTKiYWkJeyppFBp8KeYaqhxnhBu7,edcdaab3-908c-4a6c-9405-410dc1f96afe,5dd0c7fd-b80b-4829-a3ae-2d366238ff0e,Test@123,PASS
0afa1758-69c0-433c-ac81-f0b2007c86ae,cspperf_user20557@cspperf.com,00a291e5-e699-40a3-94ba-fc80b697f486:3171ba03-3644-44df-886b-d8627cc966b1,cspperf_user20557@cspperf.com,uVDvUrQBmifmDgE1I-f619YgsLYfa0_7HlED5WqDLn_2a1g2FyHjiLrDcrdTpxPs,C8UCcJpGTKiYWkJeyppFBp8KeYaqhxnhBu7,edcdaab3-908c-4a6c-9405-410dc1f96afe,5dd0c7fd-b80b-4829-a3ae-2d366238ff0e,Test@123,PASS
0afa1758-69c0-433c-ac81-f0b2007c86ae,cspperf_user20558@cspperf.com,00a291e5-e699-40a3-94ba-fc80b697f486:184de0ef-f83c-46f3-88d9-cc3498f58f31,cspperf_user20558@cspperf.com,fDSA_E_Wf-Ij0upUxsR4QAVmwteNhLYl_GnCx09QiUPIXwEucirPwvHzatrJHP2t,C8UCcJpGTKiYWkJeyppFBp8KeYaqhxnhBu7,edcdaab3-908c-4a6c-9405-410dc1f96afe,5dd0c7fd-b80b-4829-a3ae-2d366238ff0e,Test@123,PASS
0afa1758-69c0-433c-ac81-f0b2007c86ae,cspperf_user20556@cspperf.com,00a291e5-e699-40a3-94ba-fc80b697f486:b17020d3-2832-4e90-8ffa-30869c27d389,cspperf_user20556@cspperf.com,FjRHvTSejg3sFDwrnxwtyHsyNKfnkk0sPI_avPmHXI4DDJN-S-uIMBjgEhcAzqoE,C8UCcJpGTKiYWkJeyppFBp8KeYaqhxnhBu7,edcdaab3-908c-4a6c-9405-410dc1f96afe,5dd0c7fd-b80b-4829-a3ae-2d366238ff0e,Test@123,PASS
0afa1758-69c0-433c-ac81-f0b2007c86ae,cspperf_user20560@cspperf.com,00a291e5-e699-40a3-94ba-fc80b697f486:dc927b05-f607-4611-b044-16441f55930d,cspperf_user20560@cspperf.com,qpgDwiY5dahY0xP8URcAgv8d-v0BTPA0J28INblmnFvRx7Ee6DBXO2-keq1b_yT1,C8UCcJpGTKiYWkJeyppFBp8KeYaqhxnhBu7,edcdaab3-908c-4a6c-9405-410dc1f96afe,5dd0c7fd-b80b-4829-a3ae-2d366238ff0e,Test@123,PASS
0afa1758-69c0-433c-ac81-f0b2007c86ae,cspperf_user20554@cspperf.com,00a291e5-e699-40a3-94ba-fc80b697f486:75c1b759-6cee-4f4e-b8e1-e888fc5a2d83,cspperf_user20554@cspperf.com,RWMGP3yCuv5823n-YG6Z_ho4lz9xcAAqdnBJvAewf1MObvzm19Muw5zmV8joY6FF,C8UCcJpGTKiYWkJeyppFBp8KeYaqhxnhBu7,edcdaab3-908c-4a6c-9405-410dc1f96afe,5dd0c7fd-b80b-4829-a3ae-2d366238ff0e,Test@123,PASS
0afa1758-69c0-433c-ac81-f0b2007c86ae,cspperf_user20564@cspperf.com,00a291e5-e699-40a3-94ba-fc80b697f486:2fa18e26-d6c6-474f-830a-2ee458d91083,cspperf_user20564@cspperf.com,c474S4AFH-F5tCdZ0y0jEr55ueXaXNdOX15YI5DU3pxXS_nXMHOLo4I15XK9BWSb,C8UCcJpGTKiYWkJeyppFBp8KeYaqhxnhBu7,edcdaab3-908c-4a6c-9405-410dc1f96afe,5dd0c7fd-b80b-4829-a3ae-2d366238ff0e,Test@123,PASS
0afa1758-69c0-433c-ac81-f0b2007c86ae,cspperf_user20563@cspperf.com,00a291e5-e699-40a3-94ba-fc80b697f486:d304260a-2847-4f02-96ee-270f025de2c5,cspperf_user20563@cspperf.com,z1H-rSlDhA62NkNP-9jSQSA6ilkwLqdgq1P-CX5HtyJEyWrCg5_g4dt86yRzXZlg,C8UCcJpGTKiYWkJeyppFBp8KeYaqhxnhBu7,edcdaab3-908c-4a6c-9405-410dc1f96afe,5dd0c7fd-b80b-4829-a3ae-2d366238ff0e,Test@123,PASS
0afa1758-69c0-433c-ac81-f0b2007c86ae,cspperf_user20555@cspperf.com,00a291e5-e699-40a3-94ba-fc80b697f486:f768b4ee-f0c9-4d9c-82e7-5356515042e1,cspperf_user20555@cspperf.com,8FDUjYS1RRlpD6GyNhJdiOE8GESPSGOjM0d2c-ffmEDfG6qo3jUK4vxqe7F9SuyR,C8UCcJpGTKiYWkJeyppFBp8KeYaqhxnhBu7,edcdaab3-908c-4a6c-9405-410dc1f96afe,5dd0c7fd-b80b-4829-a3ae-2d366238ff0e,Test@123,PASS
0afa1758-69c0-433c-ac81-f0b2007c86ae,cspperf_user20565@cspperf.com,00a291e5-e699-40a3-94ba-fc80b697f486:93be3c44-8755-4972-878e-56c739743003,cspperf_user20565@cspperf.com,uVd2NumjBHl3Yd_IWIHX_Hl7X3RJcoabEo-8mkt9aII6z4ZgIp7mByGw9_N8pEE8,C8UCcJpGTKiYWkJeyppFBp8KeYaqhxnhBu7,edcdaab3-908c-4a6c-9405-410dc1f96afe,5dd0c7fd-b80b-4829-a3ae-2d366238ff0e,Test@123,PASS
0afa1758-69c0-433c-ac81-f0b2007c86ae,cspperf_user20562@cspperf.com,00a291e5-e699-40a3-94ba-fc80b697f486:81cddaf4-f23b-4e69-9b84-d378f693d639,cspperf_user20562@cspperf.com,hOuDBxSo3ze1zBK7QAaRkcqqf7WXjMY8jG_bMoytLxEY9bGRN3UMNP_E7RWoZWjz,C8UCcJpGTKiYWkJeyppFBp8KeYaqhxnhBu7,edcdaab3-908c-4a6c-9405-410dc1f96afe,5dd0c7fd-b80b-4829-a3ae-2d366238ff0e,Test@123,PASS
0afa1758-69c0-433c-ac81-f0b2007c86ae,cspperf_user20566@cspperf.com,00a291e5-e699-40a3-94ba-fc80b697f486:8d5654c1-4830-4918-9957-394311ef59cb,cspperf_user20566@cspperf.com,Kdy1_1JgmESCrPBVx0_bWC0Vml5WmRByO1AaPzA_6evmN_WdEkZJ3vNstRuxB3Pj,C8UCcJpGTKiYWkJeyppFBp8KeYaqhxnhBu7,edcdaab3-908c-4a6c-9405-410dc1f96afe,5dd0c7fd-b80b-4829-a3ae-2d366238ff0e,Test@123,PASS
0afa1758-69c0-433c-ac81-f0b2007c86ae,cspperf_user20574@cspperf.com,00a291e5-e699-40a3-94ba-fc80b697f486:f3ace475-1f22-488d-ac1b-81a7eb249612,cspperf_user20574@cspperf.com,Hqz98bpq8r0tXKTe319Bg5Iaednd53EOMagldfq9jKd0Y-IwaGijNnOvNBS2ZHgB,C8UCcJpGTKiYWkJeyppFBp8KeYaqhxnhBu7,edcdaab3-908c-4a6c-9405-410dc1f96afe,5dd0c7fd-b80b-4829-a3ae-2d366238ff0e,Test@123,PASS
0afa1758-69c0-433c-ac81-f0b2007c86ae,cspperf_user20567@cspperf.com,00a291e5-e699-40a3-94ba-fc80b697f486:802a5f62-1acc-4c5b-a866-f16f3458f75f,cspperf_user20567@cspperf.com,oxesCnaf6YCN4pQXzws0QRJ-9LmymNtZoOWSBvkGI9mr4hXSiz3vKT5t_K0ErD9M,C8UCcJpGTKiYWkJeyppFBp8KeYaqhxnhBu7,edcdaab3-908c-4a6c-9405-410dc1f96afe,5dd0c7fd-b80b-4829-a3ae-2d366238ff0e,Test@123,PASS
0afa1758-69c0-433c-ac81-f0b2007c86ae,cspperf_user20572@cspperf.com,00a291e5-e699-40a3-94ba-fc80b697f486:a2c5a059-c4c3-4edb-9ffc-44a28aa31cae,cspperf_user20572@cspperf.com,F252UXueMRQm9voMWE31wZMJPcd-fEkE_HVMSTsxisqgm2o_4tqfaGjnjKEQr9EX,C8UCcJpGTKiYWkJeyppFBp8KeYaqhxnhBu7,edcdaab3-908c-4a6c-9405-410dc1f96afe,5dd0c7fd-b80b-4829-a3ae-2d366238ff0e,Test@123,PASS
0afa1758-69c0-433c-ac81-f0b2007c86ae,cspperf_user20571@cspperf.com,00a291e5-e699-40a3-94ba-fc80b697f486:bf966975-4eb5-4527-b105-1c897eaf7204,cspperf_user20571@cspperf.com,1XSEMn3rzLweUKb80RqfON_M1LGAZnlExoQsc6iMP1k6rMT6I6mEaBi-muoahOre,C8UCcJpGTKiYWkJeyppFBp8KeYaqhxnhBu7,edcdaab3-908c-4a6c-9405-410dc1f96afe,5dd0c7fd-b80b-4829-a3ae-2d366238ff0e,Test@123,PASS
0afa1758-69c0-433c-ac81-f0b2007c86ae,cspperf_user20577@cspperf.com,00a291e5-e699-40a3-94ba-fc80b697f486:921dfa50-7aff-419c-a0a3-ee2531160121,cspperf_user20577@cspperf.com,B9X-cRrkqL55GvgFnlQNeNKtO_JibcJTIZCn9Auay-KkGTNc75qpatSW1_zfT8Ym,C8UCcJpGTKiYWkJeyppFBp8KeYaqhxnhBu7,edcdaab3-908c-4a6c-9405-410dc1f96afe,5dd0c7fd-b80b-4829-a3ae-2d366238ff0e,Test@123,PASS
0afa1758-69c0-433c-ac81-f0b2007c86ae,cspperf_user20579@cspperf.com,00a291e5-e699-40a3-94ba-fc80b697f486:e6fb4417-59aa-4f60-ab0f-40170008b8aa,cspperf_user20579@cspperf.com,3lejMr-EG8RV0b_A5aT4-Z0r4sZH4QMXj_OW7B86CGHpYw86RABZm9zb9Loxoxn7,C8UCcJpGTKiYWkJeyppFBp8KeYaqhxnhBu7,edcdaab3-908c-4a6c-9405-410dc1f96afe,5dd0c7fd-b80b-4829-a3ae-2d366238ff0e,Test@123,PASS
0afa1758-69c0-433c-ac81-f0b2007c86ae,cspperf_user20580@cspperf.com,00a291e5-e699-40a3-94ba-fc80b697f486:c95b34f0-cb6e-49a6-a147-a0e8f7b664be,cspperf_user20580@cspperf.com,kBDMTsN9XyZ9pl-HGwqsGLAoWCRgdGgCgGwWDeb_nOjFyfHtSA4HxSh3wjR5S8zW,C8UCcJpGTKiYWkJeyppFBp8KeYaqhxnhBu7,edcdaab3-908c-4a6c-9405-410dc1f96afe,5dd0c7fd-b80b-4829-a3ae-2d366238ff0e,Test@123,PASS
0afa1758-69c0-433c-ac81-f0b2007c86ae,cspperf_user20575@cspperf.com,00a291e5-e699-40a3-94ba-fc80b697f486:d89da5ad-a8a1-4d90-b896-6b7e22061c0c,cspperf_user20575@cspperf.com,7fSKMEAgaBhYOUq5mhfOazdwsYsZTCBxgw2aXQzU014Wp96uG3e70KfKpVduUqT0,C8UCcJpGTKiYWkJeyppFBp8KeYaqhxnhBu7,edcdaab3-908c-4a6c-9405-410dc1f96afe,5dd0c7fd-b80b-4829-a3ae-2d366238ff0e,Test@123,PASS
0afa1758-69c0-433c-ac81-f0b2007c86ae,cspperf_user20582@cspperf.com,00a291e5-e699-40a3-94ba-fc80b697f486:86298121-8ecc-4038-aec3-80d1f2b45cb3,cspperf_user20582@cspperf.com,pElLnZX_UEkSnRAocHtKutum7nr8qd9RBQ5B1mo3sO26SsByxNUmaKj3tSwH2i4e,C8UCcJpGTKiYWkJeyppFBp8KeYaqhxnhBu7,edcdaab3-908c-4a6c-9405-410dc1f96afe,5dd0c7fd-b80b-4829-a3ae-2d366238ff0e,Test@123,PASS
0afa1758-69c0-433c-ac81-f0b2007c86ae,cspperf_user20581@cspperf.com,00a291e5-e699-40a3-94ba-fc80b697f486:8e3125ff-489b-4d15-91ca-fb282ebc348f,cspperf_user20581@cspperf.com,uLfFwXN3lBkYV8YOwmS5NK7w8Htl_plaIFstrBeo5JGPpZ-iwwFAqD83Gbx9fR1K,C8UCcJpGTKiYWkJeyppFBp8KeYaqhxnhBu7,edcdaab3-908c-4a6c-9405-410dc1f96afe,5dd0c7fd-b80b-4829-a3ae-2d366238ff0e,Test@123,PASS
0afa1758-69c0-433c-ac81-f0b2007c86ae,cspperf_user20578@cspperf.com,00a291e5-e699-40a3-94ba-fc80b697f486:9b2033e0-674e-4048-9635-c063cb3751f3,cspperf_user20578@cspperf.com,NrcNzq9CnHpIwm2LEvWCn_57XvoN9IVJ9ZWWzTexs1olye3BpoS64clUK_n7vZnS,C8UCcJpGTKiYWkJeyppFBp8KeYaqhxnhBu7,edcdaab3-908c-4a6c-9405-410dc1f96afe,5dd0c7fd-b80b-4829-a3ae-2d366238ff0e,Test@123,PASS
0afa1758-69c0-433c-ac81-f0b2007c86ae,cspperf_user20576@cspperf.com,00a291e5-e699-40a3-94ba-fc80b697f486:92199ef6-0807-405f-b186-af117a1afa28,cspperf_user20576@cspperf.com,ewOqI4fHsfSzSXRmdvhwXb5o8Qfblw-d5QX0IrqMy74daQfPycHUrkebMZiETlLC,C8UCcJpGTKiYWkJeyppFBp8KeYaqhxnhBu7,edcdaab3-908c-4a6c-9405-410dc1f96afe,5dd0c7fd-b80b-4829-a3ae-2d366238ff0e,Test@123,PASS
0afa1758-69c0-433c-ac81-f0b2007c86ae,cspperf_user20569@cspperf.com,00a291e5-e699-40a3-94ba-fc80b697f486:118d56d8-2972-400d-bd66-534ff586667b,cspperf_user20569@cspperf.com,-2uphLOv38bAggCPU2lEJPnXz-Q153cTOr4tCod6EGYoDP_Vi-LrLiQgntUA0xeg,C8UCcJpGTKiYWkJeyppFBp8KeYaqhxnhBu7,edcdaab3-908c-4a6c-9405-410dc1f96afe,5dd0c7fd-b80b-4829-a3ae-2d366238ff0e,Test@123,PASS
0afa1758-69c0-433c-ac81-f0b2007c86ae,cspperf_user20570@cspperf.com,00a291e5-e699-40a3-94ba-fc80b697f486:abe6977b-e66f-41b9-b731-804beb6538a6,cspperf_user20570@cspperf.com,g2WI7xFzdSPnbiUfJPtI-yZGRUxYCdYEna4THkdjXtlNnWuUE79Dk6RFLtFsurkn,C8UCcJpGTKiYWkJeyppFBp8KeYaqhxnhBu7,edcdaab3-908c-4a6c-9405-410dc1f96afe,5dd0c7fd-b80b-4829-a3ae-2d366238ff0e,Test@123,PASS
0afa1758-69c0-433c-ac81-f0b2007c86ae,cspperf_user20568@cspperf.com,00a291e5-e699-40a3-94ba-fc80b697f486:7e8399c7-7637-44cf-8a88-634bb4c4eb47,cspperf_user20568@cspperf.com,SRTNLiijWz5iIrJWUOuSHyiuOKj6Yuv1iaQufQ3-IINN0JD6mgBFvIhu_gSlUNPF,C8UCcJpGTKiYWkJeyppFBp8KeYaqhxnhBu7,edcdaab3-908c-4a6c-9405-410dc1f96afe,5dd0c7fd-b80b-4829-a3ae-2d366238ff0e,Test@123,PASS
0afa1758-69c0-433c-ac81-f0b2007c86ae,cspperf_user20573@cspperf.com,00a291e5-e699-40a3-94ba-fc80b697f486:b7a42214-e6bd-4bc5-bf3c-9f56f0bf202f,cspperf_user20573@cspperf.com,N-ErwA2Og0VUDxG27Z4gts-fw8siYZheCTA_7vD4MBreRYV_PhtLBnn0rAnVMDIo,C8UCcJpGTKiYWkJeyppFBp8KeYaqhxnhBu7,edcdaab3-908c-4a6c-9405-410dc1f96afe,5dd0c7fd-b80b-4829-a3ae-2d366238ff0e,Test@123,PASS
0afa1758-69c0-433c-ac81-f0b2007c86ae,cspperf_user20586@cspperf.com,00a291e5-e699-40a3-94ba-fc80b697f486:90328a96-6976-4885-98b6-467317c2b771,cspperf_user20586@cspperf.com,NNJprArUvj5imYo3sqbUN2t1ieuvrjv8Ukw6MQSBfOdiDLYEWuvscvxlT7o4vwwN,C8UCcJpGTKiYWkJeyppFBp8KeYaqhxnhBu7,edcdaab3-908c-4a6c-9405-410dc1f96afe,5dd0c7fd-b80b-4829-a3ae-2d366238ff0e,Test@123,PASS
0afa1758-69c0-433c-ac81-f0b2007c86ae,cspperf_user20583@cspperf.com,00a291e5-e699-40a3-94ba-fc80b697f486:56195243-7f19-4287-92b3-c07528206628,cspperf_user20583@cspperf.com,3iHMPXu0HhFLtyXulY7-nh8fn1bEBBx-OOmdoE5Yftsp4UGLVY36ndJlFiW1DyxO,C8UCcJpGTKiYWkJeyppFBp8KeYaqhxnhBu7,edcdaab3-908c-4a6c-9405-410dc1f96afe,5dd0c7fd-b80b-4829-a3ae-2d366238ff0e,Test@123,PASS
0afa1758-69c0-433c-ac81-f0b2007c86ae,cspperf_user20584@cspperf.com,00a291e5-e699-40a3-94ba-fc80b697f486:cda91bd8-eebc-4e82-8ec6-d71bf61639f2,cspperf_user20584@cspperf.com,ixC1NBOyCGC1ZRVWCHT14j7PCZtjDIZ_StREv7PUpPCWPjOSL4u63SDn37W0p4KB,C8UCcJpGTKiYWkJeyppFBp8KeYaqhxnhBu7,edcdaab3-908c-4a6c-9405-410dc1f96afe,5dd0c7fd-b80b-4829-a3ae-2d366238ff0e,Test@123,PASS
0afa1758-69c0-433c-ac81-f0b2007c86ae,cspperf_user20585@cspperf.com,00a291e5-e699-40a3-94ba-fc80b697f486:c645f435-7706-41b6-a312-720b27446440,cspperf_user20585@cspperf.com,EC_pKGul4Lw_6AzKsFOxKAkHmmax9CBGvGh1oWIJggUd6-m1ClaBHEqBWHuQMUI_,C8UCcJpGTKiYWkJeyppFBp8KeYaqhxnhBu7,edcdaab3-908c-4a6c-9405-410dc1f96afe,5dd0c7fd-b80b-4829-a3ae-2d366238ff0e,Test@123,PASS
0afa1758-69c0-433c-ac81-f0b2007c86ae,cspperf_user20588@cspperf.com,00a291e5-e699-40a3-94ba-fc80b697f486:93b1e457-e807-42c8-94ae-e908251d9b7f,cspperf_user20588@cspperf.com,m5xsHd-2P_tYyXhMRGRsipUoUYIukbZkK1OYgpb5stabTuyTp60mVKgJ323bq3tB,C8UCcJpGTKiYWkJeyppFBp8KeYaqhxnhBu7,edcdaab3-908c-4a6c-9405-410dc1f96afe,5dd0c7fd-b80b-4829-a3ae-2d366238ff0e,Test@123,PASS
0afa1758-69c0-433c-ac81-f0b2007c86ae,cspperf_user20589@cspperf.com,00a291e5-e699-40a3-94ba-fc80b697f486:239c6ed1-2f04-4ed3-8419-b2df135544a4,cspperf_user20589@cspperf.com,r52TjUJA8nmYydjauYnMYB0niwaSrzdaxbaTsXA3UZXTci284iya3IgpWT4OEMOG,C8UCcJpGTKiYWkJeyppFBp8KeYaqhxnhBu7,edcdaab3-908c-4a6c-9405-410dc1f96afe,5dd0c7fd-b80b-4829-a3ae-2d366238ff0e,Test@123,PASS
0afa1758-69c0-433c-ac81-f0b2007c86ae,cspperf_user20591@cspperf.com,00a291e5-e699-40a3-94ba-fc80b697f486:f2ae7ce8-b250-465a-8180-b7260b2d7fe3,cspperf_user20591@cspperf.com,YSnSRq2VMLIxg5a9TlSKOgspPttS8QrQ_Rji2seQmPAdBfLSKneaB1zDtbb1tHtM,C8UCcJpGTKiYWkJeyppFBp8KeYaqhxnhBu7,edcdaab3-908c-4a6c-9405-410dc1f96afe,5dd0c7fd-b80b-4829-a3ae-2d366238ff0e,Test@123,PASS
0afa1758-69c0-433c-ac81-f0b2007c86ae,cspperf_user20587@cspperf.com,00a291e5-e699-40a3-94ba-fc80b697f486:83758742-ab52-4470-b979-cf66cc23a266,cspperf_user20587@cspperf.com,EMe-n2EclOJvMKolwayn0nS7coSqsiUh5k4243tbHtM6SLzEscfd4bD_-BPRChPp,C8UCcJpGTKiYWkJeyppFBp8KeYaqhxnhBu7,edcdaab3-908c-4a6c-9405-410dc1f96afe,5dd0c7fd-b80b-4829-a3ae-2d366238ff0e,Test@123,PASS
0afa1758-69c0-433c-ac81-f0b2007c86ae,cspperf_user20590@cspperf.com,00a291e5-e699-40a3-94ba-fc80b697f486:a13f7136-970a-4397-9d75-33fce9e53a34,cspperf_user20590@cspperf.com,-1knryovUtrxQC6BXyvYy7u1e1PzJG1T4Gx1FYIq4M1Da53S4Coawv9Fk76Xw_TX,C8UCcJpGTKiYWkJeyppFBp8KeYaqhxnhBu7,edcdaab3-908c-4a6c-9405-410dc1f96afe,5dd0c7fd-b80b-4829-a3ae-2d366238ff0e,Test@123,PASS
0afa1758-69c0-433c-ac81-f0b2007c86ae,cspperf_user20593@cspperf.com,00a291e5-e699-40a3-94ba-fc80b697f486:98b57a34-d494-43c0-abef-9db846715019,cspperf_user20593@cspperf.com,AQvFug74tI7f0Qq2rqgDN1XG36Dn34EE6Ic0Q68bPzsN-ozqpFJbuduAbtqz6HTN,C8UCcJpGTKiYWkJeyppFBp8KeYaqhxnhBu7,edcdaab3-908c-4a6c-9405-410dc1f96afe,5dd0c7fd-b80b-4829-a3ae-2d366238ff0e,Test@123,PASS
0afa1758-69c0-433c-ac81-f0b2007c86ae,cspperf_user20592@cspperf.com,00a291e5-e699-40a3-94ba-fc80b697f486:5e715b20-c61b-4c69-bf7a-7c086092832e,cspperf_user20592@cspperf.com,tMxwexPG-wu2fyW1XXSUoubyxMCuVIW9h4n59Ln7-N64vjdzhiY5ZNSWETHE0rmS,C8UCcJpGTKiYWkJeyppFBp8KeYaqhxnhBu7,edcdaab3-908c-4a6c-9405-410dc1f96afe,5dd0c7fd-b80b-4829-a3ae-2d366238ff0e,Test@123,PASS
0afa1758-69c0-433c-ac81-f0b2007c86ae,cspperf_user20597@cspperf.com,00a291e5-e699-40a3-94ba-fc80b697f486:aec37087-9ee7-4ed7-8422-4e4a87940724,cspperf_user20597@cspperf.com,by1W0MPpwqg69LgW6ZdY4Lx-ao6I77tSe3FoQkHjGQrTOF1Tdle4JjP3XpWc151L,C8UCcJpGTKiYWkJeyppFBp8KeYaqhxnhBu7,edcdaab3-908c-4a6c-9405-410dc1f96afe,5dd0c7fd-b80b-4829-a3ae-2d366238ff0e,Test@123,PASS
0afa1758-69c0-433c-ac81-f0b2007c86ae,cspperf_user20601@cspperf.com,00a291e5-e699-40a3-94ba-fc80b697f486:4f8f1941-9674-4b96-ab0e-9082d2713889,cspperf_user20601@cspperf.com,xLz9MhdewpBRP2uUEe6T4RKjgHQXOk1RcU8AiOYXHiVs3VtIs99iDGVbmwO9ZnEC,C8UCcJpGTKiYWkJeyppFBp8KeYaqhxnhBu7,edcdaab3-908c-4a6c-9405-410dc1f96afe,5dd0c7fd-b80b-4829-a3ae-2d366238ff0e,Test@123,PASS
0afa1758-69c0-433c-ac81-f0b2007c86ae,cspperf_user20596@cspperf.com,00a291e5-e699-40a3-94ba-fc80b697f486:b799177a-db11-452f-8508-57466e9bd106,cspperf_user20596@cspperf.com,ACnmCBg6eG7kwFU0hKjPFu1uVO5jALtgGlLrBhdceEB0dW1IU6VtLvyqqmW8_nT5,C8UCcJpGTKiYWkJeyppFBp8KeYaqhxnhBu7,edcdaab3-908c-4a6c-9405-410dc1f96afe,5dd0c7fd-b80b-4829-a3ae-2d366238ff0e,Test@123,PASS
0afa1758-69c0-433c-ac81-f0b2007c86ae,cspperf_user20600@cspperf.com,00a291e5-e699-40a3-94ba-fc80b697f486:84688623-53c3-4d41-b6b7-0bdf96fed30b,cspperf_user20600@cspperf.com,mXDIgDyWIOI0YFwfBvNu3OKrlMDEqAgBL2poZs4-tvy-FCE5AN0ZsILWVDFFoVBd,C8UCcJpGTKiYWkJeyppFBp8KeYaqhxnhBu7,edcdaab3-908c-4a6c-9405-410dc1f96afe,5dd0c7fd-b80b-4829-a3ae-2d366238ff0e,Test@123,PASS
0afa1758-69c0-433c-ac81-f0b2007c86ae,cspperf_user20602@cspperf.com,00a291e5-e699-40a3-94ba-fc80b697f486:7c0bca57-5515-479d-b516-8e6427d7953d,cspperf_user20602@cspperf.com,ei2u51GfZDp11bOMLW92BEqZubZYgllWaXnAQTghRMr2gXKxeRDEoWC6_nSBfyjL,C8UCcJpGTKiYWkJeyppFBp8KeYaqhxnhBu7,edcdaab3-908c-4a6c-9405-410dc1f96afe,5dd0c7fd-b80b-4829-a3ae-2d366238ff0e,Test@123,PASS
5a944a31-95c9-4d89-a946-4993a7413d9f,cspperf_user20604@cspperf.com,00a291e5-e699-40a3-94ba-fc80b697f486:c801cf1d-180b-44ba-b632-59d6c4da45b4,cspperf_user20604@cspperf.com,=-RY4usvLCz7T-SPg5jT_LoQc29PNwq8LNv9AkZAnggpHNJzk8axDSZ5qFf8gf3Z7,4OHtWRDmZiWmg76QQTGpXVmYsZQvMfyxlAT,3a700ed2-9b0c-4fff-a078-1ea22c90f324,98e8e872-1692-4c39-ada5-acebbbdddc04,Test@123,PASS
0afa1758-69c0-433c-ac81-f0b2007c86ae,cspperf_user20595@cspperf.com,00a291e5-e699-40a3-94ba-fc80b697f486:c0bfea8b-645e-4c81-a6f9-b43cbc511b3f,cspperf_user20595@cspperf.com,OCmqnt1HKiaMbJnOYAoK8_ExQ5aKtSQ5M-YPBhJLYfSJerZQxwOC0GYUXFfvnlnd,C8UCcJpGTKiYWkJeyppFBp8KeYaqhxnhBu7,edcdaab3-908c-4a6c-9405-410dc1f96afe,5dd0c7fd-b80b-4829-a3ae-2d366238ff0e,Test@123,PASS
0afa1758-69c0-433c-ac81-f0b2007c86ae,cspperf_user20599@cspperf.com,00a291e5-e699-40a3-94ba-fc80b697f486:457e111b-4bd3-44fc-9e82-3e5e3350873d,cspperf_user20599@cspperf.com,lX6GAjaOLF53QyG1mLYsJS-R95vEgLTi4nJqljQ5v39n5p_w8dD3NO-g6yBYs_Bj,C8UCcJpGTKiYWkJeyppFBp8KeYaqhxnhBu7,edcdaab3-908c-4a6c-9405-410dc1f96afe,5dd0c7fd-b80b-4829-a3ae-2d366238ff0e,Test@123,PASS
5a944a31-95c9-4d89-a946-4993a7413d9f,cspperf_user20608@cspperf.com,00a291e5-e699-40a3-94ba-fc80b697f486:ed49b5d5-54a3-45af-8c9e-3b0ce4adac3a,cspperf_user20608@cspperf.com,HJCtmvis5ErXFLgwVQMHDXXQ4D4RJGMfLgTdRfFhfoAyEU2RbutOpKvaQkD-4Zum,4OHtWRDmZiWmg76QQTGpXVmYsZQvMfyxlAT,3a700ed2-9b0c-4fff-a078-1ea22c90f324,98e8e872-1692-4c39-ada5-acebbbdddc04,Test@123,PASS
5a944a31-95c9-4d89-a946-4993a7413d9f,cspperf_user20606@cspperf.com,00a291e5-e699-40a3-94ba-fc80b697f486:6cc2367e-45c1-45b4-a953-a4540db32c92,cspperf_user20606@cspperf.com,onAt6-h6dyCU9Mm7c_kviDHTSzHXKc5pumlqVwXaBa1zYZ7zCdDaoLzAakEMco42,4OHtWRDmZiWmg76QQTGpXVmYsZQvMfyxlAT,3a700ed2-9b0c-4fff-a078-1ea22c90f324,98e8e872-1692-4c39-ada5-acebbbdddc04,Test@123,PASS
0afa1758-69c0-433c-ac81-f0b2007c86ae,cspperf_user20598@cspperf.com,00a291e5-e699-40a3-94ba-fc80b697f486:6e140828-96a9-4624-843f-0fba3d8e80ba,cspperf_user20598@cspperf.com,X_Cl3Jv054XbvyMh375qGmQLxoVD0CwDxGh-uMkD_Z1Fxbwu_6JmfQUDk3D2o0H3,C8UCcJpGTKiYWkJeyppFBp8KeYaqhxnhBu7,edcdaab3-908c-4a6c-9405-410dc1f96afe,5dd0c7fd-b80b-4829-a3ae-2d366238ff0e,Test@123,PASS
5a944a31-95c9-4d89-a946-4993a7413d9f,cspperf_user20605@cspperf.com,00a291e5-e699-40a3-94ba-fc80b697f486:a0048c0d-8391-4c34-a954-95fb9e12af83,cspperf_user20605@cspperf.com,NLJz76M3j3hJekxE7CPrnuYE-gWE02ES48VRsM0CoalDFLoJXmdn-5ZkmlSbqwQR,4OHtWRDmZiWmg76QQTGpXVmYsZQvMfyxlAT,3a700ed2-9b0c-4fff-a078-1ea22c90f324,98e8e872-1692-4c39-ada5-acebbbdddc04,Test@123,PASS
0afa1758-69c0-433c-ac81-f0b2007c86ae,cspperf_user20594@cspperf.com,00a291e5-e699-40a3-94ba-fc80b697f486:b8da90d5-c1de-4fe8-a11d-bd2ff280587d,cspperf_user20594@cspperf.com,Woi_v09SgPHCdrJJZflTyic-N2f8qIWC2MvgdkfbOjUsWE54ZbWRszemib78tlZC,C8UCcJpGTKiYWkJeyppFBp8KeYaqhxnhBu7,edcdaab3-908c-4a6c-9405-410dc1f96afe,5dd0c7fd-b80b-4829-a3ae-2d366238ff0e,Test@123,PASS
5a944a31-95c9-4d89-a946-4993a7413d9f,cspperf_user20607@cspperf.com,00a291e5-e699-40a3-94ba-fc80b697f486:a7c369f0-5634-4910-84bd-818807f0ac01,cspperf_user20607@cspperf.com,HCAX_ptSL0PSvZTmwxm_Yui9kTtYjdljgqXRz13UTfUa76B5A7oJiH1999kaJoq6,4OHtWRDmZiWmg76QQTGpXVmYsZQvMfyxlAT,3a700ed2-9b0c-4fff-a078-1ea22c90f324,98e8e872-1692-4c39-ada5-acebbbdddc04,Test@123,PASS
0afa1758-69c0-433c-ac81-f0b2007c86ae,cspperf_user20603@cspperf.com,00a291e5-e699-40a3-94ba-fc80b697f486:eabd7e31-fd15-4426-b48d-901a7a3bbce6,cspperf_user20603@cspperf.com,5WgSkgYQdjOy0pTVdGYT7AdvNeAsP6Qb-U1VvxZH51fgTaxHuelQdXbPG6t26Fas,C8UCcJpGTKiYWkJeyppFBp8KeYaqhxnhBu7,edcdaab3-908c-4a6c-9405-410dc1f96afe,5dd0c7fd-b80b-4829-a3ae-2d366238ff0e,Test@123,PASS
5a944a31-95c9-4d89-a946-4993a7413d9f,cspperf_user20610@cspperf.com,00a291e5-e699-40a3-94ba-fc80b697f486:3b331e3e-78b8-47be-9c67-e11c78120367,cspperf_user20610@cspperf.com,CC-9eea0vsZvZy_ayrqUq_ol32X2NH5OYEOK_0e0aje813aJgOAZQyuEJsr8jXLy,4OHtWRDmZiWmg76QQTGpXVmYsZQvMfyxlAT,3a700ed2-9b0c-4fff-a078-1ea22c90f324,98e8e872-1692-4c39-ada5-acebbbdddc04,Test@123,PASS
5a944a31-95c9-4d89-a946-4993a7413d9f,cspperf_user20609@cspperf.com,00a291e5-e699-40a3-94ba-fc80b697f486:3d8e72cd-93e1-4cce-b5b5-51abfdf30962,cspperf_user20609@cspperf.com,V5uOPPdMtbeUBCSwvtNF2dVMYIoL2yZdIX8SKpBrRCdesJm_ZFQRMTzVesoyFuNB,4OHtWRDmZiWmg76QQTGpXVmYsZQvMfyxlAT,3a700ed2-9b0c-4fff-a078-1ea22c90f324,98e8e872-1692-4c39-ada5-acebbbdddc04,Test@123,PASS
5a944a31-95c9-4d89-a946-4993a7413d9f,cspperf_user20612@cspperf.com,00a291e5-e699-40a3-94ba-fc80b697f486:8c2f0b4e-0a7a-4d2e-bbe6-97651f4d09bb,cspperf_user20612@cspperf.com,NbF_LWCmY540MiUiItzB6c67mdB1GUT4C-np5el1pu8MSsBRMwtsGvJNNApytSGI,4OHtWRDmZiWmg76QQTGpXVmYsZQvMfyxlAT,3a700ed2-9b0c-4fff-a078-1ea22c90f324,98e8e872-1692-4c39-ada5-acebbbdddc04,Test@123,PASS
5a944a31-95c9-4d89-a946-4993a7413d9f,cspperf_user20611@cspperf.com,00a291e5-e699-40a3-94ba-fc80b697f486:1a11478a-af81-48ba-b55e-e2a3b64ea20d,cspperf_user20611@cspperf.com,5fE_GAUdBlwYO46sBxGaCvb6uq2lTHQTBBPFMXe_mWWRaFW7z_TqnU9rTVLUqJ2o,4OHtWRDmZiWmg76QQTGpXVmYsZQvMfyxlAT,3a700ed2-9b0c-4fff-a078-1ea22c90f324,98e8e872-1692-4c39-ada5-acebbbdddc04,Test@123,PASS
5a944a31-95c9-4d89-a946-4993a7413d9f,cspperf_user20617@cspperf.com,00a291e5-e699-40a3-94ba-fc80b697f486:84a33dda-9d02-4ee3-b262-0df4e0bf1b52,cspperf_user20617@cspperf.com,2vueawAh7LOE3scLB28izZnqZ411mLuZLR_-N5XTGV3aJrofrzXyBEY509_s9y2g,4OHtWRDmZiWmg76QQTGpXVmYsZQvMfyxlAT,3a700ed2-9b0c-4fff-a078-1ea22c90f324,98e8e872-1692-4c39-ada5-acebbbdddc04,Test@123,PASS
5a944a31-95c9-4d89-a946-4993a7413d9f,cspperf_user20613@cspperf.com,00a291e5-e699-40a3-94ba-fc80b697f486:28e771c4-d633-4d07-a38f-6b2db703d27a,cspperf_user20613@cspperf.com,8Y9IWw1yJF_5LHuZeWwneN5bmJAN7Z_nJWsKK5EOrux0hfditOSQpc2hq5EP_VYJ,4OHtWRDmZiWmg76QQTGpXVmYsZQvMfyxlAT,3a700ed2-9b0c-4fff-a078-1ea22c90f324,98e8e872-1692-4c39-ada5-acebbbdddc04,Test@123,PASS
5a944a31-95c9-4d89-a946-4993a7413d9f,cspperf_user20621@cspperf.com,00a291e5-e699-40a3-94ba-fc80b697f486:fd4dc17e-73bb-475b-9824-edc830ae73ab,cspperf_user20621@cspperf.com,wIXeXDe8tQa7FsS3_ZMRexJCmhDgYKAftUTxW12k21gWiD4RIlATZXmPg4i7cGkE,4OHtWRDmZiWmg76QQTGpXVmYsZQvMfyxlAT,3a700ed2-9b0c-4fff-a078-1ea22c90f324,98e8e872-1692-4c39-ada5-acebbbdddc04,Test@123,PASS
5a944a31-95c9-4d89-a946-4993a7413d9f,cspperf_user20623@cspperf.com,00a291e5-e699-40a3-94ba-fc80b697f486:047c1e19-cb6c-4f57-95bf-0345658d6764,cspperf_user20623@cspperf.com,PcoBISdcmnBn1W6oBQ6gbPUEVBfSGg2W2sM9UN5LibUeOczKl0RPQscxXY-5kNoz,4OHtWRDmZiWmg76QQTGpXVmYsZQvMfyxlAT,3a700ed2-9b0c-4fff-a078-1ea22c90f324,98e8e872-1692-4c39-ada5-acebbbdddc04,Test@123,PASS
5a944a31-95c9-4d89-a946-4993a7413d9f,cspperf_user20615@cspperf.com,00a291e5-e699-40a3-94ba-fc80b697f486:167498b2-27aa-4240-be4b-8e7f9c57547e,cspperf_user20615@cspperf.com,w362XBjrm6fkxbJNaV-08etji7o-sOYhCCG28VFs6GKjmzVaavEApw7_K1SxAWU_,4OHtWRDmZiWmg76QQTGpXVmYsZQvMfyxlAT,3a700ed2-9b0c-4fff-a078-1ea22c90f324,98e8e872-1692-4c39-ada5-acebbbdddc04,Test@123,PASS
5a944a31-95c9-4d89-a946-4993a7413d9f,cspperf_user20622@cspperf.com,00a291e5-e699-40a3-94ba-fc80b697f486:08cf92e9-82cf-43d1-a331-073877a0b09c,cspperf_user20622@cspperf.com,nGjLYk8GQw92xezBGHSS3T7Zoqq_GDAj0S3Er_DrUxaEktEX86MY6LEWY4TCyKRx,4OHtWRDmZiWmg76QQTGpXVmYsZQvMfyxlAT,3a700ed2-9b0c-4fff-a078-1ea22c90f324,98e8e872-1692-4c39-ada5-acebbbdddc04,Test@123,PASS
5a944a31-95c9-4d89-a946-4993a7413d9f,cspperf_user20616@cspperf.com,00a291e5-e699-40a3-94ba-fc80b697f486:1980f168-c014-4ba7-88d3-a847a884c659,cspperf_user20616@cspperf.com,q72e1JU5q9jJqQQ129kXEWeHe61sgHzw77SZTxTTWjwb_zHEXFBOoXpPgV-77rgU,4OHtWRDmZiWmg76QQTGpXVmYsZQvMfyxlAT,3a700ed2-9b0c-4fff-a078-1ea22c90f324,98e8e872-1692-4c39-ada5-acebbbdddc04,Test@123,PASS
5a944a31-95c9-4d89-a946-4993a7413d9f,cspperf_user20618@cspperf.com,00a291e5-e699-40a3-94ba-fc80b697f486:694a7528-82f8-420d-8ce8-3b8476c7f9c4,cspperf_user20618@cspperf.com,t7tvYUTKtVtuCboYjIzF8XfJ8VLu4wqSZOb6HMKYoLzHhlHyQVsL08S6EpQVPKxQ,4OHtWRDmZiWmg76QQTGpXVmYsZQvMfyxlAT,3a700ed2-9b0c-4fff-a078-1ea22c90f324,98e8e872-1692-4c39-ada5-acebbbdddc04,Test@123,PASS
5a944a31-95c9-4d89-a946-4993a7413d9f,cspperf_user20614@cspperf.com,00a291e5-e699-40a3-94ba-fc80b697f486:de3b9278-c6ee-4534-b94b-2817888fc891,cspperf_user20614@cspperf.com,zQJ74gS6TrMuoZWfVgv-9UNcVWGC6btieT73wAZv333hdChyALyqkZSae2ufMGC2,4OHtWRDmZiWmg76QQTGpXVmYsZQvMfyxlAT,3a700ed2-9b0c-4fff-a078-1ea22c90f324,98e8e872-1692-4c39-ada5-acebbbdddc04,Test@123,PASS
5a944a31-95c9-4d89-a946-4993a7413d9f,cspperf_user20624@cspperf.com,00a291e5-e699-40a3-94ba-fc80b697f486:d595f163-3be7-48f0-a15f-f699e172d718,cspperf_user20624@cspperf.com,oWV8506n2y3bNAaBjrc1rqHq5htcR3mOnklcuPB0PT-FUqFnXVdb8BtxZjGfSdbu,4OHtWRDmZiWmg76QQTGpXVmYsZQvMfyxlAT,3a700ed2-9b0c-4fff-a078-1ea22c90f324,98e8e872-1692-4c39-ada5-acebbbdddc04,Test@123,PASS
5a944a31-95c9-4d89-a946-4993a7413d9f,cspperf_user20625@cspperf.com,00a291e5-e699-40a3-94ba-fc80b697f486:8aa4cdc7-1bad-4e4a-a077-5c5cf82181a1,cspperf_user20625@cspperf.com,9tfClMw_3eUE2R79_JZDppYZVZvVHx02NNjn4bSm1BuhYTmr26KVGCnblhWN0vUR,4OHtWRDmZiWmg76QQTGpXVmYsZQvMfyxlAT,3a700ed2-9b0c-4fff-a078-1ea22c90f324,98e8e872-1692-4c39-ada5-acebbbdddc04,Test@123,PASS
5a944a31-95c9-4d89-a946-4993a7413d9f,cspperf_user20620@cspperf.com,00a291e5-e699-40a3-94ba-fc80b697f486:45a6dc15-d2b2-40fe-8f14-a86685dfff84,cspperf_user20620@cspperf.com,wNs_OfQoE77cZNPTRFTDvmU36o7DWvlMLXIiqijURDbN9ZZYUDKeGsdYK_PNRDRc,4OHtWRDmZiWmg76QQTGpXVmYsZQvMfyxlAT,3a700ed2-9b0c-4fff-a078-1ea22c90f324,98e8e872-1692-4c39-ada5-acebbbdddc04,Test@123,PASS
5a944a31-95c9-4d89-a946-4993a7413d9f,cspperf_user20626@cspperf.com,00a291e5-e699-40a3-94ba-fc80b697f486:456a57f8-7632-4d28-afc1-e0021e1e9e7d,cspperf_user20626@cspperf.com,1OjygQDnBXclgBrc7KI83dNcjc9Zln-6HdszTZFx1UifpADW1Hjx0-qsgqiLE-jz,4OHtWRDmZiWmg76QQTGpXVmYsZQvMfyxlAT,3a700ed2-9b0c-4fff-a078-1ea22c90f324,98e8e872-1692-4c39-ada5-acebbbdddc04,Test@123,PASS
5a944a31-95c9-4d89-a946-4993a7413d9f,cspperf_user20619@cspperf.com,00a291e5-e699-40a3-94ba-fc80b697f486:e974821c-3707-4ef1-b8bc-837cff8b6754,cspperf_user20619@cspperf.com,ZtudIFoQemFPP8jRU8JunyhXu0b9ldJQPRtXDZjmaQJNRcHXzTHM4JOmCmBVRrE4,4OHtWRDmZiWmg76QQTGpXVmYsZQvMfyxlAT,3a700ed2-9b0c-4fff-a078-1ea22c90f324,98e8e872-1692-4c39-ada5-acebbbdddc04,Test@123,PASS
5a944a31-95c9-4d89-a946-4993a7413d9f,cspperf_user20628@cspperf.com,00a291e5-e699-40a3-94ba-fc80b697f486:5019e97d-85e6-457d-9b82-1b5be57b3ab9,cspperf_user20628@cspperf.com,t_kAGKNe9ec1XvzDCeViwHM6RXtVcT0f6ZIzMH0L0nBvxz9Yxrgge-U5UAVF9XJ7,4OHtWRDmZiWmg76QQTGpXVmYsZQvMfyxlAT,3a700ed2-9b0c-4fff-a078-1ea22c90f324,98e8e872-1692-4c39-ada5-acebbbdddc04,Test@123,PASS
5a944a31-95c9-4d89-a946-4993a7413d9f,cspperf_user20627@cspperf.com,00a291e5-e699-40a3-94ba-fc80b697f486:06ff5126-e9d5-405e-8d97-bf122a9892ed,cspperf_user20627@cspperf.com,zP2C2cw0BrY_lEHgU5nOw1AGtv4tswRt3Vo5qq4r_zAqB0W2A9j2sIkx5VsCoCLY,4OHtWRDmZiWmg76QQTGpXVmYsZQvMfyxlAT,3a700ed2-9b0c-4fff-a078-1ea22c90f324,98e8e872-1692-4c39-ada5-acebbbdddc04,Test@123,PASS
5a944a31-95c9-4d89-a946-4993a7413d9f,cspperf_user20629@cspperf.com,00a291e5-e699-40a3-94ba-fc80b697f486:782aac04-e3ad-440d-ae06-ec4c8ea5cc9b,cspperf_user20629@cspperf.com,WukktN3WZVNviXI7d5TLXk1e_qV3uGwy-AgFeKLpqRvCmAoHPBYXA5702Rhwq4Sz,4OHtWRDmZiWmg76QQTGpXVmYsZQvMfyxlAT,3a700ed2-9b0c-4fff-a078-1ea22c90f324,98e8e872-1692-4c39-ada5-acebbbdddc04,Test@123,PASS
5a944a31-95c9-4d89-a946-4993a7413d9f,cspperf_user20630@cspperf.com,00a291e5-e699-40a3-94ba-fc80b697f486:30789599-48a2-42d0-a6ba-540334cfe8b0,cspperf_user20630@cspperf.com,Te8wynYFzPr6BwWAFlgbGzXG8kcHABco5vH2-Km3LNhLyv71kvMMf-o4vYiPKspw,4OHtWRDmZiWmg76QQTGpXVmYsZQvMfyxlAT,3a700ed2-9b0c-4fff-a078-1ea22c90f324,98e8e872-1692-4c39-ada5-acebbbdddc04,Test@123,PASS
5a944a31-95c9-4d89-a946-4993a7413d9f,cspperf_user20631@cspperf.com,00a291e5-e699-40a3-94ba-fc80b697f486:a400eb42-70ad-40ad-a734-a854e91d3a10,cspperf_user20631@cspperf.com,Lun_r1sQNVm4uiLLx-pFDepGJxar4DP2orFl9rW3027yY474zVAC8JRFc97rkLHU,4OHtWRDmZiWmg76QQTGpXVmYsZQvMfyxlAT,3a700ed2-9b0c-4fff-a078-1ea22c90f324,98e8e872-1692-4c39-ada5-acebbbdddc04,Test@123,PASS
5a944a31-95c9-4d89-a946-4993a7413d9f,cspperf_user20632@cspperf.com,00a291e5-e699-40a3-94ba-fc80b697f486:36428c07-4358-42c9-a617-890dcc1a6caa,cspperf_user20632@cspperf.com,XarUTWm7W3I43DYiWeLlZWkR3jaxFBmd2oq_0Uu813bihNsFMFOUwbjPkrgrgjjI,4OHtWRDmZiWmg76QQTGpXVmYsZQvMfyxlAT,3a700ed2-9b0c-4fff-a078-1ea22c90f324,98e8e872-1692-4c39-ada5-acebbbdddc04,Test@123,PASS
5a944a31-95c9-4d89-a946-4993a7413d9f,cspperf_user20633@cspperf.com,00a291e5-e699-40a3-94ba-fc80b697f486:f1e19326-5483-4d80-a19e-a3af1e1f53fc,cspperf_user20633@cspperf.com,bdJupagvegsSqvCpwMa2USQjtutPle2j0xIwbmWVpOc-H7nSi0zwKCs58CNWBRJ9,4OHtWRDmZiWmg76QQTGpXVmYsZQvMfyxlAT,3a700ed2-9b0c-4fff-a078-1ea22c90f324,98e8e872-1692-4c39-ada5-acebbbdddc04,Test@123,PASS
5a944a31-95c9-4d89-a946-4993a7413d9f,cspperf_user20634@cspperf.com,00a291e5-e699-40a3-94ba-fc80b697f486:8d06dc8c-7380-4c46-99f9-584747866513,cspperf_user20634@cspperf.com,atemPVlcy8txZPZYjZU_Gs325gAJTIWVw9PVhw0xlQHenYxrDwnhGSa6lbVwns-H,4OHtWRDmZiWmg76QQTGpXVmYsZQvMfyxlAT,3a700ed2-9b0c-4fff-a078-1ea22c90f324,98e8e872-1692-4c39-ada5-acebbbdddc04,Test@123,PASS
5a944a31-95c9-4d89-a946-4993a7413d9f,cspperf_user20638@cspperf.com,00a291e5-e699-40a3-94ba-fc80b697f486:41e43847-0b15-423c-bd75-e8d08bdd2170,cspperf_user20638@cspperf.com,WKBDd4YW8037bnG6ElNH4sZz9wEt_6KDiHL52Udq7LXQdWtkpFw1meAcmY2v86TY,4OHtWRDmZiWmg76QQTGpXVmYsZQvMfyxlAT,3a700ed2-9b0c-4fff-a078-1ea22c90f324,98e8e872-1692-4c39-ada5-acebbbdddc04,Test@123,PASS
5a944a31-95c9-4d89-a946-4993a7413d9f,cspperf_user20636@cspperf.com,00a291e5-e699-40a3-94ba-fc80b697f486:1edd4026-21d3-4f07-b636-f7c19108beb6,cspperf_user20636@cspperf.com,UVATTi7s6edvqxyZJiFSDXSD58fvU_wqegQlI5PmzTN0w1DkCGITvRU_ZPFCxpTv,4OHtWRDmZiWmg76QQTGpXVmYsZQvMfyxlAT,3a700ed2-9b0c-4fff-a078-1ea22c90f324,98e8e872-1692-4c39-ada5-acebbbdddc04,Test@123,PASS
5a944a31-95c9-4d89-a946-4993a7413d9f,cspperf_user20635@cspperf.com,00a291e5-e699-40a3-94ba-fc80b697f486:7e4fa3ae-d8ed-4cef-ab4c-b2a91c8fd742,cspperf_user20635@cspperf.com,nkqmrZ34SbDCg0nQ0utq9-KUNO0QJajyAsNt32XxVXYvR2IGA_iRXRcQvqPWnu2g,4OHtWRDmZiWmg76QQTGpXVmYsZQvMfyxlAT,3a700ed2-9b0c-4fff-a078-1ea22c90f324,98e8e872-1692-4c39-ada5-acebbbdddc04,Test@123,PASS
5a944a31-95c9-4d89-a946-4993a7413d9f,cspperf_user20637@cspperf.com,00a291e5-e699-40a3-94ba-fc80b697f486:4eea647b-0d4a-445e-9a74-0660408f8764,cspperf_user20637@cspperf.com,vn07RP4BdR70b8ii1RwTl40D9yTWe5TyGkWP-SuzT5uHDIZBsXMyVcxzqhnkt73T,4OHtWRDmZiWmg76QQTGpXVmYsZQvMfyxlAT,3a700ed2-9b0c-4fff-a078-1ea22c90f324,98e8e872-1692-4c39-ada5-acebbbdddc04,Test@123,PASS
5a944a31-95c9-4d89-a946-4993a7413d9f,cspperf_user20639@cspperf.com,00a291e5-e699-40a3-94ba-fc80b697f486:8c75bc48-6942-43e2-9983-59c794434952,cspperf_user20639@cspperf.com,L3ZdEiic45W91LvHKrB45Gcwa99bdPlzmZFZ98oLFTiQGzL09k7zdPdNt36u3UaN,4OHtWRDmZiWmg76QQTGpXVmYsZQvMfyxlAT,3a700ed2-9b0c-4fff-a078-1ea22c90f324,98e8e872-1692-4c39-ada5-acebbbdddc04,Test@123,PASS
5a944a31-95c9-4d89-a946-4993a7413d9f,cspperf_user20640@cspperf.com,00a291e5-e699-40a3-94ba-fc80b697f486:73d023ff-f04f-4763-99c8-96b6b8c009b5,cspperf_user20640@cspperf.com,E0AIj02ZBE4muAfWwGmxCiuxlLqS6C4_2FrtKHh93-7t-UtKQcYTf8qsmGZUYsE2,4OHtWRDmZiWmg76QQTGpXVmYsZQvMfyxlAT,3a700ed2-9b0c-4fff-a078-1ea22c90f324,98e8e872-1692-4c39-ada5-acebbbdddc04,Test@123,PASS
5a944a31-95c9-4d89-a946-4993a7413d9f,cspperf_user20642@cspperf.com,00a291e5-e699-40a3-94ba-fc80b697f486:a6c28154-899e-497d-8000-043e23cc9350,cspperf_user20642@cspperf.com,fq6VQHblNXzSmx1WE9324PzIUclLM9Hee8Ae_I_F_9i-cxQDS5RWLbDTpbZnFN2C,4OHtWRDmZiWmg76QQTGpXVmYsZQvMfyxlAT,3a700ed2-9b0c-4fff-a078-1ea22c90f324,98e8e872-1692-4c39-ada5-acebbbdddc04,Test@123,PASS
5a944a31-95c9-4d89-a946-4993a7413d9f,cspperf_user20641@cspperf.com,00a291e5-e699-40a3-94ba-fc80b697f486:04e56f1e-c622-43ef-ae2d-5b40a550f72e,cspperf_user20641@cspperf.com,-jXqKuF5cKqzHP6X3E2ZCfQzbBbY_lLTsGk8L8OQj0fMR_n_7-2SAGRQyAftt7iR,4OHtWRDmZiWmg76QQTGpXVmYsZQvMfyxlAT,3a700ed2-9b0c-4fff-a078-1ea22c90f324,98e8e872-1692-4c39-ada5-acebbbdddc04,Test@123,PASS
5a944a31-95c9-4d89-a946-4993a7413d9f,cspperf_user20644@cspperf.com,00a291e5-e699-40a3-94ba-fc80b697f486:d8200e7b-58f5-4bf9-829c-498227b1ddf1,cspperf_user20644@cspperf.com,3hzZw9Nnr_WdY41jhP_Cw0dRTFvR57S4jKsN82woOCMjv5ilkuA634MXqXMpB4V2,4OHtWRDmZiWmg76QQTGpXVmYsZQvMfyxlAT,3a700ed2-9b0c-4fff-a078-1ea22c90f324,98e8e872-1692-4c39-ada5-acebbbdddc04,Test@123,PASS
5a944a31-95c9-4d89-a946-4993a7413d9f,cspperf_user20643@cspperf.com,00a291e5-e699-40a3-94ba-fc80b697f486:476b357c-a98c-4e1a-9f5d-673871fb3ac1,cspperf_user20643@cspperf.com,svBHk83FS_VPWT76kHKgbJgg-6bCBHr0qwX5BH8oWLYcaOBHXX_RZmeR_cBOBns4,4OHtWRDmZiWmg76QQTGpXVmYsZQvMfyxlAT,3a700ed2-9b0c-4fff-a078-1ea22c90f324,98e8e872-1692-4c39-ada5-acebbbdddc04,Test@123,PASS
5a944a31-95c9-4d89-a946-4993a7413d9f,cspperf_user20648@cspperf.com,00a291e5-e699-40a3-94ba-fc80b697f486:b510449b-fab0-4fae-981c-53480b21da52,cspperf_user20648@cspperf.com,=-Cmdw0L7TFyqPdfKyrwDIqzVir_4Loy_tStiKQm_NkAe2S6jZMPYIgu4l6uKSbEM,4OHtWRDmZiWmg76QQTGpXVmYsZQvMfyxlAT,3a700ed2-9b0c-4fff-a078-1ea22c90f324,98e8e872-1692-4c39-ada5-acebbbdddc04,Test@123,PASS
5a944a31-95c9-4d89-a946-4993a7413d9f,cspperf_user20645@cspperf.com,00a291e5-e699-40a3-94ba-fc80b697f486:06c46603-cd5d-4b99-a7e9-18655ffde0a4,cspperf_user20645@cspperf.com,MiJbwdvr0ygauqFCVeVqF6qJkvRQHoMb0ylg7Oq9pG28wtxvQxhyiIFViA8Rg7OV,4OHtWRDmZiWmg76QQTGpXVmYsZQvMfyxlAT,3a700ed2-9b0c-4fff-a078-1ea22c90f324,98e8e872-1692-4c39-ada5-acebbbdddc04,Test@123,PASS
5a944a31-95c9-4d89-a946-4993a7413d9f,cspperf_user20647@cspperf.com,00a291e5-e699-40a3-94ba-fc80b697f486:e4d5301a-d348-48c0-81f1-f608ef3e1efb,cspperf_user20647@cspperf.com,JiSmROR-2O2HlIse7GSsV12oX7z6GEEtEsCdfY--7uG3uTdSIuQeBa2VlN6_uH1o,4OHtWRDmZiWmg76QQTGpXVmYsZQvMfyxlAT,3a700ed2-9b0c-4fff-a078-1ea22c90f324,98e8e872-1692-4c39-ada5-acebbbdddc04,Test@123,PASS
5a944a31-95c9-4d89-a946-4993a7413d9f,cspperf_user20649@cspperf.com,00a291e5-e699-40a3-94ba-fc80b697f486:4fa02a7e-6336-497c-bfab-c860f16c3ba5,cspperf_user20649@cspperf.com,qW_HTjZ08TAo0SBpzzosqig9K57c_-noCfo0CHY73R5SN5uheI16_ABk8V1pmZ5Y,4OHtWRDmZiWmg76QQTGpXVmYsZQvMfyxlAT,3a700ed2-9b0c-4fff-a078-1ea22c90f324,98e8e872-1692-4c39-ada5-acebbbdddc04,Test@123,PASS
5a944a31-95c9-4d89-a946-4993a7413d9f,cspperf_user20651@cspperf.com,00a291e5-e699-40a3-94ba-fc80b697f486:803e4584-d452-4614-9fb5-5aecf9f636f5,cspperf_user20651@cspperf.com,Tm_C5bY4gvWDNN9h-ss1r162dtRYaatua-HDheOCfg5W03axedyL1KRz0sEyzfb7,4OHtWRDmZiWmg76QQTGpXVmYsZQvMfyxlAT,3a700ed2-9b0c-4fff-a078-1ea22c90f324,98e8e872-1692-4c39-ada5-acebbbdddc04,Test@123,PASS
5a944a31-95c9-4d89-a946-4993a7413d9f,cspperf_user20646@cspperf.com,00a291e5-e699-40a3-94ba-fc80b697f486:c064f8e0-d95e-4872-905f-b05338af684f,cspperf_user20646@cspperf.com,rySr7xoYU1UJMhIDAZmptNmHTRD5CyhAJOPGSAzLHqpMztF5JzZ9XHer_oy9c0U3,4OHtWRDmZiWmg76QQTGpXVmYsZQvMfyxlAT,3a700ed2-9b0c-4fff-a078-1ea22c90f324,98e8e872-1692-4c39-ada5-acebbbdddc04,Test@123,PASS
5a944a31-95c9-4d89-a946-4993a7413d9f,cspperf_user20652@cspperf.com,00a291e5-e699-40a3-94ba-fc80b697f486:67475a3f-7710-49d6-9280-1ac0ad2d3d7b,cspperf_user20652@cspperf.com,HlV5lZjFQOmV-4osd_-awO_r7Hs9XIyCsnwNXdeAaRTK45BoD0U7nEYAzwC2xwLO,4OHtWRDmZiWmg76QQTGpXVmYsZQvMfyxlAT,3a700ed2-9b0c-4fff-a078-1ea22c90f324,98e8e872-1692-4c39-ada5-acebbbdddc04,Test@123,PASS
5a944a31-95c9-4d89-a946-4993a7413d9f,cspperf_user20650@cspperf.com,00a291e5-e699-40a3-94ba-fc80b697f486:660b3d0c-e948-4c49-9013-92b6cb01d44e,cspperf_user20650@cspperf.com,3k_qk7gkQoMJrUAbgnLYK_r7-ivpN0V7pQQe5-0DII-PJabp-dV1OigdmkyKOQNz,4OHtWRDmZiWmg76QQTGpXVmYsZQvMfyxlAT,3a700ed2-9b0c-4fff-a078-1ea22c90f324,98e8e872-1692-4c39-ada5-acebbbdddc04,Test@123,PASS
5b7fc145-01dd-4001-ac3e-2922817fb997,cspperf_user20655@cspperf.com,00a291e5-e699-40a3-94ba-fc80b697f486:3f77e4bd-7196-4488-8123-14bf78b4e497,cspperf_user20655@cspperf.com,W-rIphztoCNXvP2xe1Dd2wYR7IsnjTCuFbjKNJ4HjJ1TPe0YZDYM2mSYwfdJ_BPq,hhbhP8UsRUSwzPYllTdLouE5K7JVpJB2VHn,a57db0d6-c1fc-4544-a43f-4fae4ccff12f,f76c40c0-8f8d-4598-9223-28eabf3d1bce,Test@123,PASS
5a944a31-95c9-4d89-a946-4993a7413d9f,cspperf_user20653@cspperf.com,00a291e5-e699-40a3-94ba-fc80b697f486:43965d5e-2cae-4ede-809b-dae58b74bfc0,cspperf_user20653@cspperf.com,psSgTvlMoP9aGpEZ5UC0Wxna34sDkfS_ENpKnN_Ldeup20kyWm7Wp24bSQlcZkz_,4OHtWRDmZiWmg76QQTGpXVmYsZQvMfyxlAT,3a700ed2-9b0c-4fff-a078-1ea22c90f324,98e8e872-1692-4c39-ada5-acebbbdddc04,Test@123,PASS
5b7fc145-01dd-4001-ac3e-2922817fb997,cspperf_user20657@cspperf.com,00a291e5-e699-40a3-94ba-fc80b697f486:6b5b2cbf-e0c0-4030-a5c1-c724a45409c1,cspperf_user20657@cspperf.com,XHyM1VZFvSOVimMK5DSge-Zgxj_uJTKeOcFJO0ZzoyQUyXtSgbGhfS6IBqpg3s8J,hhbhP8UsRUSwzPYllTdLouE5K7JVpJB2VHn,a57db0d6-c1fc-4544-a43f-4fae4ccff12f,f76c40c0-8f8d-4598-9223-28eabf3d1bce,Test@123,PASS
5b7fc145-01dd-4001-ac3e-2922817fb997,cspperf_user20660@cspperf.com,00a291e5-e699-40a3-94ba-fc80b697f486:07e92869-67c5-4f13-b693-2918338fa535,cspperf_user20660@cspperf.com,3RLsB086T2Ge6K0-mbOpGcZP2aJ5gEFUuIh-RSUq0aVToQPUkMDGgfLJ5F1iI2Zu,hhbhP8UsRUSwzPYllTdLouE5K7JVpJB2VHn,a57db0d6-c1fc-4544-a43f-4fae4ccff12f,f76c40c0-8f8d-4598-9223-28eabf3d1bce,Test@123,PASS
5b7fc145-01dd-4001-ac3e-2922817fb997,cspperf_user20662@cspperf.com,00a291e5-e699-40a3-94ba-fc80b697f486:b964a84e-2c33-4229-a49e-43d6bca0054a,cspperf_user20662@cspperf.com,UZB1J1Lq9Uk9aLV0mdoFomOJweSggWNWILJSJFfu7rEnaK1DinqgHCDk_TpTwX-k,hhbhP8UsRUSwzPYllTdLouE5K7JVpJB2VHn,a57db0d6-c1fc-4544-a43f-4fae4ccff12f,f76c40c0-8f8d-4598-9223-28eabf3d1bce,Test@123,PASS
5b7fc145-01dd-4001-ac3e-2922817fb997,cspperf_user20654@cspperf.com,00a291e5-e699-40a3-94ba-fc80b697f486:757b5d35-6563-46e1-96a4-78abf8389a05,cspperf_user20654@cspperf.com,atkHdslU6Qa7x082ZuCxQciIHMrVQOkT3RXltbmb8DbhNpkDOZK7QPLW78Q766Rq,hhbhP8UsRUSwzPYllTdLouE5K7JVpJB2VHn,a57db0d6-c1fc-4544-a43f-4fae4ccff12f,f76c40c0-8f8d-4598-9223-28eabf3d1bce,Test@123,PASS
5b7fc145-01dd-4001-ac3e-2922817fb997,cspperf_user20663@cspperf.com,00a291e5-e699-40a3-94ba-fc80b697f486:bd22a671-116f-4ada-b3fe-2269d4bc269f,cspperf_user20663@cspperf.com,yjLAlhDZa4ymcy7LARMdmluX0mmGwWidfc9dy3bW2Sf5F7bGEjRZeuwjv7zBlpzB,hhbhP8UsRUSwzPYllTdLouE5K7JVpJB2VHn,a57db0d6-c1fc-4544-a43f-4fae4ccff12f,f76c40c0-8f8d-4598-9223-28eabf3d1bce,Test@123,PASS
5b7fc145-01dd-4001-ac3e-2922817fb997,cspperf_user20656@cspperf.com,00a291e5-e699-40a3-94ba-fc80b697f486:d865e39c-c3f8-49fd-82ff-fa09e529288b,cspperf_user20656@cspperf.com,A3VgYdGr0leOBaZpEkPqSX_OT0qx4ceiqogcp5u_M_snqQ_ScgNJxsjZ5eQ9SuSp,hhbhP8UsRUSwzPYllTdLouE5K7JVpJB2VHn,a57db0d6-c1fc-4544-a43f-4fae4ccff12f,f76c40c0-8f8d-4598-9223-28eabf3d1bce,Test@123,PASS
5b7fc145-01dd-4001-ac3e-2922817fb997,cspperf_user20664@cspperf.com,00a291e5-e699-40a3-94ba-fc80b697f486:17d9b4ee-1958-46fc-ae55-998b6402db65,cspperf_user20664@cspperf.com,A4unFqG956cbCxGCvAgf6sFrHCqTHCEOpfzdxLVGrGe7f4kR7qKNS5HJJ1I0iWjF,hhbhP8UsRUSwzPYllTdLouE5K7JVpJB2VHn,a57db0d6-c1fc-4544-a43f-4fae4ccff12f,f76c40c0-8f8d-4598-9223-28eabf3d1bce,Test@123,PASS
5b7fc145-01dd-4001-ac3e-2922817fb997,cspperf_user20665@cspperf.com,00a291e5-e699-40a3-94ba-fc80b697f486:89955c60-3e2b-49a4-8b98-a66fbbcc9dd5,cspperf_user20665@cspperf.com,8qAdmfpOaWjewvx31H-MZorxetg3Kcpb_cx3blM2NBL5dNG8Tkr67c_oc3mH41aL,hhbhP8UsRUSwzPYllTdLouE5K7JVpJB2VHn,a57db0d6-c1fc-4544-a43f-4fae4ccff12f,f76c40c0-8f8d-4598-9223-28eabf3d1bce,Test@123,PASS
5b7fc145-01dd-4001-ac3e-2922817fb997,cspperf_user20659@cspperf.com,00a291e5-e699-40a3-94ba-fc80b697f486:a64b8952-e38c-4021-8830-a2635ecf531a,cspperf_user20659@cspperf.com,HExWF32cST5HHTPqmREiobUUmgl6h5TW9btzJbEjAxmIbCbC-OE47R9M63MFmuOQ,hhbhP8UsRUSwzPYllTdLouE5K7JVpJB2VHn,a57db0d6-c1fc-4544-a43f-4fae4ccff12f,f76c40c0-8f8d-4598-9223-28eabf3d1bce,Test@123,PASS
5b7fc145-01dd-4001-ac3e-2922817fb997,cspperf_user20661@cspperf.com,00a291e5-e699-40a3-94ba-fc80b697f486:0ec16f8b-038c-432d-9aad-46a1e932af92,cspperf_user20661@cspperf.com,HGxXpcYPVQX5V8cKzwyhyKLsMHrpGizOPiRWCCHiDZ0dU3xLCVcUVAIIaTyegVcY,hhbhP8UsRUSwzPYllTdLouE5K7JVpJB2VHn,a57db0d6-c1fc-4544-a43f-4fae4ccff12f,f76c40c0-8f8d-4598-9223-28eabf3d1bce,Test@123,PASS
5b7fc145-01dd-4001-ac3e-2922817fb997,cspperf_user20658@cspperf.com,00a291e5-e699-40a3-94ba-fc80b697f486:c94f53e8-fc29-4c68-ac36-82f6edd97b04,cspperf_user20658@cspperf.com,SgMfVsttX7_i4CyPK8sXDx11kQMzi65_ieDDxL39f9G4bcS42diCWONCVNp36XRn,hhbhP8UsRUSwzPYllTdLouE5K7JVpJB2VHn,a57db0d6-c1fc-4544-a43f-4fae4ccff12f,f76c40c0-8f8d-4598-9223-28eabf3d1bce,Test@123,PASS
5b7fc145-01dd-4001-ac3e-2922817fb997,cspperf_user20667@cspperf.com,00a291e5-e699-40a3-94ba-fc80b697f486:8cdc85b3-46f0-45fa-a085-e6e5209b6f4e,cspperf_user20667@cspperf.com,fTw9e6dux3eP-tlhv-_IZstrrWWJ34nZpMgoAfvUMlikxvM0XMi9k_RIPeGtF2XU,hhbhP8UsRUSwzPYllTdLouE5K7JVpJB2VHn,a57db0d6-c1fc-4544-a43f-4fae4ccff12f,f76c40c0-8f8d-4598-9223-28eabf3d1bce,Test@123,PASS
5b7fc145-01dd-4001-ac3e-2922817fb997,cspperf_user20668@cspperf.com,00a291e5-e699-40a3-94ba-fc80b697f486:effc1afa-1773-4f94-8be5-d7dff8bbe696,cspperf_user20668@cspperf.com,oCZYu5BrJ1_zE22vvzV13u0nn17XS87tPMkswq7_PCuRWt5_YYjMxEN1xj8mgAOr,hhbhP8UsRUSwzPYllTdLouE5K7JVpJB2VHn,a57db0d6-c1fc-4544-a43f-4fae4ccff12f,f76c40c0-8f8d-4598-9223-28eabf3d1bce,Test@123,PASS
5b7fc145-01dd-4001-ac3e-2922817fb997,cspperf_user20670@cspperf.com,00a291e5-e699-40a3-94ba-fc80b697f486:e18eadba-9d1f-4f45-86f8-0c906fb4a52f,cspperf_user20670@cspperf.com,vYtJYiyWkmCbHJnJtsp52PjMufxuBGollUXngIvty9gpdEluv6t_JVMh-E2rBG_9,hhbhP8UsRUSwzPYllTdLouE5K7JVpJB2VHn,a57db0d6-c1fc-4544-a43f-4fae4ccff12f,f76c40c0-8f8d-4598-9223-28eabf3d1bce,Test@123,PASS
5b7fc145-01dd-4001-ac3e-2922817fb997,cspperf_user20671@cspperf.com,00a291e5-e699-40a3-94ba-fc80b697f486:0018cc48-58c6-4696-9691-8a2ce7524198,cspperf_user20671@cspperf.com,tkkycMcg_jAEHFRZibqgYDEi2xsQOiYv2zfHpIAoBBKkf5fuM11jVNFdMy0xVgye,hhbhP8UsRUSwzPYllTdLouE5K7JVpJB2VHn,a57db0d6-c1fc-4544-a43f-4fae4ccff12f,f76c40c0-8f8d-4598-9223-28eabf3d1bce,Test@123,PASS
5b7fc145-01dd-4001-ac3e-2922817fb997,cspperf_user20669@cspperf.com,00a291e5-e699-40a3-94ba-fc80b697f486:12e8310f-59f1-41c8-ba4f-4bc5baabfa93,cspperf_user20669@cspperf.com,9ufzR-TttsBdTkWWFNg-vS58lM1PS_MeL8of7wgyyEKJtD0-Gx_rC9e98M2jMYwN,hhbhP8UsRUSwzPYllTdLouE5K7JVpJB2VHn,a57db0d6-c1fc-4544-a43f-4fae4ccff12f,f76c40c0-8f8d-4598-9223-28eabf3d1bce,Test@123,PASS
5b7fc145-01dd-4001-ac3e-2922817fb997,cspperf_user20672@cspperf.com,00a291e5-e699-40a3-94ba-fc80b697f486:a378b92a-43b7-49ed-b166-c4330cf64f96,cspperf_user20672@cspperf.com,XdprsnCRL0RAUGPBgJQ_25OiSABpMeGEDYVOe4JslLgvWcCPqEz8Z1wi4ux460BO,hhbhP8UsRUSwzPYllTdLouE5K7JVpJB2VHn,a57db0d6-c1fc-4544-a43f-4fae4ccff12f,f76c40c0-8f8d-4598-9223-28eabf3d1bce,Test@123,PASS
5b7fc145-01dd-4001-ac3e-2922817fb997,cspperf_user20674@cspperf.com,00a291e5-e699-40a3-94ba-fc80b697f486:05810026-f304-4e5f-b504-783b42e674c2,cspperf_user20674@cspperf.com,SQ9hXHUu17I0eNXZC5doT0bb3rzbOQCBquhOQpmGZpAFIZ6Ur-3wFg572trwlE02,hhbhP8UsRUSwzPYllTdLouE5K7JVpJB2VHn,a57db0d6-c1fc-4544-a43f-4fae4ccff12f,f76c40c0-8f8d-4598-9223-28eabf3d1bce,Test@123,PASS
5b7fc145-01dd-4001-ac3e-2922817fb997,cspperf_user20673@cspperf.com,00a291e5-e699-40a3-94ba-fc80b697f486:6c1a390c-3905-4786-acf8-5b994c0e3eb8,cspperf_user20673@cspperf.com,q9nlasOFPoPNJRgaPVhYU_EZjVE1T5stw5xU0ck5JmE-aoutmQc6P2xF4xRk2QoV,hhbhP8UsRUSwzPYllTdLouE5K7JVpJB2VHn,a57db0d6-c1fc-4544-a43f-4fae4ccff12f,f76c40c0-8f8d-4598-9223-28eabf3d1bce,Test@123,PASS
5b7fc145-01dd-4001-ac3e-2922817fb997,cspperf_user20666@cspperf.com,00a291e5-e699-40a3-94ba-fc80b697f486:3a256c32-6ea3-41a3-9a5b-0aa55300ce30,cspperf_user20666@cspperf.com,Rfc3JT-_JmdQMEoJrgYSwQybAzYPWGI_w-1jMFp-1kO50R1svw1ZPpP71Gr1tsj1,hhbhP8UsRUSwzPYllTdLouE5K7JVpJB2VHn,a57db0d6-c1fc-4544-a43f-4fae4ccff12f,f76c40c0-8f8d-4598-9223-28eabf3d1bce,Test@123,PASS
5b7fc145-01dd-4001-ac3e-2922817fb997,cspperf_user20675@cspperf.com,00a291e5-e699-40a3-94ba-fc80b697f486:cfab2bf1-35a1-4112-b13f-75cd9b90bd77,cspperf_user20675@cspperf.com,zfSX4oyLCYpNAuNKZKkjJKfaLVK8BeDq4R3vSgRLes6A9BISyWvNkvW5jyZGarVn,hhbhP8UsRUSwzPYllTdLouE5K7JVpJB2VHn,a57db0d6-c1fc-4544-a43f-4fae4ccff12f,f76c40c0-8f8d-4598-9223-28eabf3d1bce,Test@123,PASS
5b7fc145-01dd-4001-ac3e-2922817fb997,cspperf_user20676@cspperf.com,00a291e5-e699-40a3-94ba-fc80b697f486:dacb8eb6-5ad4-4956-9528-aaabaeb3aa55,cspperf_user20676@cspperf.com,agQchrk56XgJ6gs2M8qc3ieWZT4s9x8ov3_0FfDWFN8o90J13teDMbjrwaYXuibw,hhbhP8UsRUSwzPYllTdLouE5K7JVpJB2VHn,a57db0d6-c1fc-4544-a43f-4fae4ccff12f,f76c40c0-8f8d-4598-9223-28eabf3d1bce,Test@123,PASS
5b7fc145-01dd-4001-ac3e-2922817fb997,cspperf_user20680@cspperf.com,00a291e5-e699-40a3-94ba-fc80b697f486:bc4f0dbd-dfd9-47a7-b20a-093f94e2accb,cspperf_user20680@cspperf.com,FZTAhuyDr1XCiwAcawvTAapUdvpayg8LLBrrextoHF9UwhGrc90Th-3vNx08Qjpo,hhbhP8UsRUSwzPYllTdLouE5K7JVpJB2VHn,a57db0d6-c1fc-4544-a43f-4fae4ccff12f,f76c40c0-8f8d-4598-9223-28eabf3d1bce,Test@123,PASS
5b7fc145-01dd-4001-ac3e-2922817fb997,cspperf_user20678@cspperf.com,00a291e5-e699-40a3-94ba-fc80b697f486:9e18cad9-7967-41a8-881e-45f13691ae1e,cspperf_user20678@cspperf.com,XaLv6YuBpW39REsZZk8xa6SP-ZLhzoyh-fbX7OXoN9UjtdJWky3tYXrVcn0oPMu0,hhbhP8UsRUSwzPYllTdLouE5K7JVpJB2VHn,a57db0d6-c1fc-4544-a43f-4fae4ccff12f,f76c40c0-8f8d-4598-9223-28eabf3d1bce,Test@123,PASS
5b7fc145-01dd-4001-ac3e-2922817fb997,cspperf_user20677@cspperf.com,00a291e5-e699-40a3-94ba-fc80b697f486:7fe95adb-fc48-4b98-bdef-81f007891401,cspperf_user20677@cspperf.com,aQVvj2rPwN6lH6HlC7bKIVoPPj1zoOc_JvN4SpBphAh3Fr0BzizOBc5NIrWYSWI0,hhbhP8UsRUSwzPYllTdLouE5K7JVpJB2VHn,a57db0d6-c1fc-4544-a43f-4fae4ccff12f,f76c40c0-8f8d-4598-9223-28eabf3d1bce,Test@123,PASS
5b7fc145-01dd-4001-ac3e-2922817fb997,cspperf_user20679@cspperf.com,00a291e5-e699-40a3-94ba-fc80b697f486:ecaf8602-424b-4a30-a52c-54a14d3484b8,cspperf_user20679@cspperf.com,89e-KFg7K-5lYmDM9lKhob_1OzsoqHyb2kaJHBwEItewVBp81cMvZXu0bXa2AWDh,hhbhP8UsRUSwzPYllTdLouE5K7JVpJB2VHn,a57db0d6-c1fc-4544-a43f-4fae4ccff12f,f76c40c0-8f8d-4598-9223-28eabf3d1bce,Test@123,PASS
5b7fc145-01dd-4001-ac3e-2922817fb997,cspperf_user20681@cspperf.com,00a291e5-e699-40a3-94ba-fc80b697f486:fd7a4adb-24a7-4743-a7f7-8e7ea1312968,cspperf_user20681@cspperf.com,7lmZgyZORGujWp_VUDj6EEKPTepenWxoaDlgmjsCu8SHeYsf8_HsGYPMVgDHZhf8,hhbhP8UsRUSwzPYllTdLouE5K7JVpJB2VHn,a57db0d6-c1fc-4544-a43f-4fae4ccff12f,f76c40c0-8f8d-4598-9223-28eabf3d1bce,Test@123,PASS
5b7fc145-01dd-4001-ac3e-2922817fb997,cspperf_user20684@cspperf.com,00a291e5-e699-40a3-94ba-fc80b697f486:286a3e41-37ee-4a10-aef3-a5d3209ae95c,cspperf_user20684@cspperf.com,zZV6vCAAGhEfMVzK43Q__ZBCla2Rf1gmlv0TyvpmIqOnRkcKNnnlnoleLzxkXfwr,hhbhP8UsRUSwzPYllTdLouE5K7JVpJB2VHn,a57db0d6-c1fc-4544-a43f-4fae4ccff12f,f76c40c0-8f8d-4598-9223-28eabf3d1bce,Test@123,PASS
5b7fc145-01dd-4001-ac3e-2922817fb997,cspperf_user20683@cspperf.com,00a291e5-e699-40a3-94ba-fc80b697f486:e9b392ee-6556-4e08-9ee7-9829a3226fcf,cspperf_user20683@cspperf.com,FAkpmREk8nlDgEDyIPiIh9Pocodkbeoav3Kl2ZEQXPJYL7Gr0gXTWFotg1hPYCv_,hhbhP8UsRUSwzPYllTdLouE5K7JVpJB2VHn,a57db0d6-c1fc-4544-a43f-4fae4ccff12f,f76c40c0-8f8d-4598-9223-28eabf3d1bce,Test@123,PASS
5b7fc145-01dd-4001-ac3e-2922817fb997,cspperf_user20682@cspperf.com,00a291e5-e699-40a3-94ba-fc80b697f486:5e9e579d-01c4-453a-b326-6e50782d6a19,cspperf_user20682@cspperf.com,WWnRGNV4AheNZdyqZ7Sez0mS9D3RQXdoVDXDUhWks-XimS2tQfm9HbpAZCm_GRGi,hhbhP8UsRUSwzPYllTdLouE5K7JVpJB2VHn,a57db0d6-c1fc-4544-a43f-4fae4ccff12f,f76c40c0-8f8d-4598-9223-28eabf3d1bce,Test@123,PASS
5b7fc145-01dd-4001-ac3e-2922817fb997,cspperf_user20685@cspperf.com,00a291e5-e699-40a3-94ba-fc80b697f486:52ee5c58-1d58-4e85-b1dd-bdec400973e7,cspperf_user20685@cspperf.com,h44nkmIIW01AAsDy_TBC5Ob7DVvUKhPnZH7iv6CNfa0BkrTZjAv2VRh4DaGqJ9fB,hhbhP8UsRUSwzPYllTdLouE5K7JVpJB2VHn,a57db0d6-c1fc-4544-a43f-4fae4ccff12f,f76c40c0-8f8d-4598-9223-28eabf3d1bce,Test@123,PASS
5b7fc145-01dd-4001-ac3e-2922817fb997,cspperf_user20686@cspperf.com,00a291e5-e699-40a3-94ba-fc80b697f486:2c22e77b-1dab-4bef-ad37-9fadb6f487f8,cspperf_user20686@cspperf.com,Im0LQcmk-CnG9lbhk-okz7f6C-ANckgkeNNWtOT6BhxtbB0E_psa99OZftpRLRKv,hhbhP8UsRUSwzPYllTdLouE5K7JVpJB2VHn,a57db0d6-c1fc-4544-a43f-4fae4ccff12f,f76c40c0-8f8d-4598-9223-28eabf3d1bce,Test@123,PASS
5b7fc145-01dd-4001-ac3e-2922817fb997,cspperf_user20687@cspperf.com,00a291e5-e699-40a3-94ba-fc80b697f486:825a7f62-46ec-45d0-9e38-33f6a4096b70,cspperf_user20687@cspperf.com,WLYNKkCWYCAAHuS7Ct6Av4g_9o37dPQZNZ_yAbIWaVQikP1rLLREteP3h6R16c1f,hhbhP8UsRUSwzPYllTdLouE5K7JVpJB2VHn,a57db0d6-c1fc-4544-a43f-4fae4ccff12f,f76c40c0-8f8d-4598-9223-28eabf3d1bce,Test@123,PASS
5b7fc145-01dd-4001-ac3e-2922817fb997,cspperf_user20688@cspperf.com,00a291e5-e699-40a3-94ba-fc80b697f486:896a0dff-5d35-4a4c-b043-554edd5a1e4e,cspperf_user20688@cspperf.com,L_zI-HKPsxg3mNC7SqHVqStV1AgWHMR5obljG4LgWpvPIra01M54axQx7z8fHyaY,hhbhP8UsRUSwzPYllTdLouE5K7JVpJB2VHn,a57db0d6-c1fc-4544-a43f-4fae4ccff12f,f76c40c0-8f8d-4598-9223-28eabf3d1bce,Test@123,PASS
5b7fc145-01dd-4001-ac3e-2922817fb997,cspperf_user20691@cspperf.com,00a291e5-e699-40a3-94ba-fc80b697f486:6eaf9876-b281-426d-88d5-6886694a776c,cspperf_user20691@cspperf.com,A5Xa7YO5_0icyjqtFPcg3o9v1YZdVaqLaEWRCMTx0t8GxdqI-vHXfyhRDydvTARm,hhbhP8UsRUSwzPYllTdLouE5K7JVpJB2VHn,a57db0d6-c1fc-4544-a43f-4fae4ccff12f,f76c40c0-8f8d-4598-9223-28eabf3d1bce,Test@123,PASS
5b7fc145-01dd-4001-ac3e-2922817fb997,cspperf_user20689@cspperf.com,00a291e5-e699-40a3-94ba-fc80b697f486:496ce4c0-83dc-4ed2-bb57-5e2a2cb643f7,cspperf_user20689@cspperf.com,mzQeEYf84BAqQXTCCPkdQmZb_brRMgmfX5Q_5XayAya0mLIfnowLmqZvPWtLZN2d,hhbhP8UsRUSwzPYllTdLouE5K7JVpJB2VHn,a57db0d6-c1fc-4544-a43f-4fae4ccff12f,f76c40c0-8f8d-4598-9223-28eabf3d1bce,Test@123,PASS
5b7fc145-01dd-4001-ac3e-2922817fb997,cspperf_user20690@cspperf.com,00a291e5-e699-40a3-94ba-fc80b697f486:18884d73-f002-453d-a4e8-21cf4e604ddf,cspperf_user20690@cspperf.com,tEa4h5ZY6KTlqMxPmDpBDmLGCl1QuZL10hWh05L5z1YbE8E3DK2YBkyKfkLTEsvG,hhbhP8UsRUSwzPYllTdLouE5K7JVpJB2VHn,a57db0d6-c1fc-4544-a43f-4fae4ccff12f,f76c40c0-8f8d-4598-9223-28eabf3d1bce,Test@123,PASS
5b7fc145-01dd-4001-ac3e-2922817fb997,cspperf_user20693@cspperf.com,00a291e5-e699-40a3-94ba-fc80b697f486:b8d05efc-b15f-4925-8037-15608b02ca57,cspperf_user20693@cspperf.com,RnmzFgaxJ-jXZ_tZXp_Ie3XnrZxOFnYSfSDpKv1_wQY0z_bwuPx6SNHHGUtY18Rv,hhbhP8UsRUSwzPYllTdLouE5K7JVpJB2VHn,a57db0d6-c1fc-4544-a43f-4fae4ccff12f,f76c40c0-8f8d-4598-9223-28eabf3d1bce,Test@123,PASS
5b7fc145-01dd-4001-ac3e-2922817fb997,cspperf_user20695@cspperf.com,00a291e5-e699-40a3-94ba-fc80b697f486:5e4b971c-de7f-4ac9-bcb3-7e49b9465b79,cspperf_user20695@cspperf.com,vu6NBQ9v_IwTsaoYF-5mHaC9OD2Mi1Zmh3BcnjHzIwpxpQXHE-jkPH1Q5wYwYY2a,hhbhP8UsRUSwzPYllTdLouE5K7JVpJB2VHn,a57db0d6-c1fc-4544-a43f-4fae4ccff12f,f76c40c0-8f8d-4598-9223-28eabf3d1bce,Test@123,PASS
5b7fc145-01dd-4001-ac3e-2922817fb997,cspperf_user20692@cspperf.com,00a291e5-e699-40a3-94ba-fc80b697f486:e5b9c931-d546-487a-a179-f940643c29fd,cspperf_user20692@cspperf.com,FF0fnlTmTUnYvgSlyet1-7yK82xYO_Qsx3yBY6HVSANmRMUnEoOG2RAyPh4TIfVh,hhbhP8UsRUSwzPYllTdLouE5K7JVpJB2VHn,a57db0d6-c1fc-4544-a43f-4fae4ccff12f,f76c40c0-8f8d-4598-9223-28eabf3d1bce,Test@123,PASS
5b7fc145-01dd-4001-ac3e-2922817fb997,cspperf_user20696@cspperf.com,00a291e5-e699-40a3-94ba-fc80b697f486:553a5c48-76f9-4f5e-aa50-443d6e4aafb4,cspperf_user20696@cspperf.com,fOF02BE-p2B47PiwW6qGMGvxuhQZU1nZrNdHeZ_9Yoisa9HjcVt2NKZgmSjfgS4R,hhbhP8UsRUSwzPYllTdLouE5K7JVpJB2VHn,a57db0d6-c1fc-4544-a43f-4fae4ccff12f,f76c40c0-8f8d-4598-9223-28eabf3d1bce,Test@123,PASS
5b7fc145-01dd-4001-ac3e-2922817fb997,cspperf_user20694@cspperf.com,00a291e5-e699-40a3-94ba-fc80b697f486:f38fdaec-8ac4-49db-8364-903fd0c5c2fb,cspperf_user20694@cspperf.com,BYG2sRcW5k56Le8rHMoripT-hpFDwQ3jTJDRAsUw3QglP02IYU7WJOnBCxvpRcJr,hhbhP8UsRUSwzPYllTdLouE5K7JVpJB2VHn,a57db0d6-c1fc-4544-a43f-4fae4ccff12f,f76c40c0-8f8d-4598-9223-28eabf3d1bce,Test@123,PASS
5b7fc145-01dd-4001-ac3e-2922817fb997,cspperf_user20699@cspperf.com,00a291e5-e699-40a3-94ba-fc80b697f486:a362896f-cd20-4db5-a573-757130f93299,cspperf_user20699@cspperf.com,atJsBTpNMU6isI8U2_832NZzlZFo7veSFMcfpmr0siW8obcHTn9-5rJo7W2lYw9M,hhbhP8UsRUSwzPYllTdLouE5K7JVpJB2VHn,a57db0d6-c1fc-4544-a43f-4fae4ccff12f,f76c40c0-8f8d-4598-9223-28eabf3d1bce,Test@123,PASS
5b7fc145-01dd-4001-ac3e-2922817fb997,cspperf_user20697@cspperf.com,00a291e5-e699-40a3-94ba-fc80b697f486:7c4200d6-c777-463e-a5a4-7a55a8f1671f,cspperf_user20697@cspperf.com,T4TGmZNXaqS-On5CkghlBYMMzMkB85_mfmiqcKYusCYxY8tgCzFq2mDD6KIZ4knn,hhbhP8UsRUSwzPYllTdLouE5K7JVpJB2VHn,a57db0d6-c1fc-4544-a43f-4fae4ccff12f,f76c40c0-8f8d-4598-9223-28eabf3d1bce,Test@123,PASS
5b7fc145-01dd-4001-ac3e-2922817fb997,cspperf_user20698@cspperf.com,00a291e5-e699-40a3-94ba-fc80b697f486:0cbfab6a-f2e1-4f1d-9ffa-41f4f709c9b9,cspperf_user20698@cspperf.com,sbeahXYXM8LIIjmTpi4dD9FOZIVhI0tkCjJj3urJZFFqtn4fpcNCzCB3hcTKchhF,hhbhP8UsRUSwzPYllTdLouE5K7JVpJB2VHn,a57db0d6-c1fc-4544-a43f-4fae4ccff12f,f76c40c0-8f8d-4598-9223-28eabf3d1bce,Test@123,PASS
5b7fc145-01dd-4001-ac3e-2922817fb997,cspperf_user20700@cspperf.com,00a291e5-e699-40a3-94ba-fc80b697f486:1f0a6e87-7deb-450a-a996-65a53dd1b16c,cspperf_user20700@cspperf.com,EDgmGTnTIQhTY6ERVnuo_4chTY8f-gdm4kIXofvyYA1coEBhI6jptpaE7xqYW05P,hhbhP8UsRUSwzPYllTdLouE5K7JVpJB2VHn,a57db0d6-c1fc-4544-a43f-4fae4ccff12f,f76c40c0-8f8d-4598-9223-28eabf3d1bce,Test@123,PASS
5b7fc145-01dd-4001-ac3e-2922817fb997,cspperf_user20703@cspperf.com,00a291e5-e699-40a3-94ba-fc80b697f486:3b495edc-ac79-4a2f-9689-e33f795f1c27,cspperf_user20703@cspperf.com,z3d7SR67SDlwg2_l_Fc5yNm392s1zWAz5xwthpphoK1cEcruoJgtzy_hgK2ROsyY,hhbhP8UsRUSwzPYllTdLouE5K7JVpJB2VHn,a57db0d6-c1fc-4544-a43f-4fae4ccff12f,f76c40c0-8f8d-4598-9223-28eabf3d1bce,Test@123,PASS
5b7fc145-01dd-4001-ac3e-2922817fb997,cspperf_user20701@cspperf.com,00a291e5-e699-40a3-94ba-fc80b697f486:b28aa4c4-aedb-4e11-9318-dc6a9a8f2c00,cspperf_user20701@cspperf.com,4QbqnECs67BvQpuqAb303MzCaLrqA_6w-yDHAm10vO8UhWj6rGad-0_LkfdfQsoj,hhbhP8UsRUSwzPYllTdLouE5K7JVpJB2VHn,a57db0d6-c1fc-4544-a43f-4fae4ccff12f,f76c40c0-8f8d-4598-9223-28eabf3d1bce,Test@123,PASS
b75f52e0-8b9f-4b61-8e5f-83e5fa6ccdcd,cspperf_user20704@cspperf.com,00a291e5-e699-40a3-94ba-fc80b697f486:cf9845bb-1899-47e8-b6cd-108261fee7a4,cspperf_user20704@cspperf.com,gM-u2SxwLaZbvcdKzQtkjrjbNwVf8qPFuoeJz7ZZAki0MYhG8wb0UfJRvSzs0CLj,j1JgW87W35qWYDFSKct54aRNQM6cPFOLkNy,e2b0f8b3-fcb1-44ee-8783-51b867841aa3,8d015631-821b-42f7-89da-27054766593a,Test@123,PASS
5b7fc145-01dd-4001-ac3e-2922817fb997,cspperf_user20702@cspperf.com,00a291e5-e699-40a3-94ba-fc80b697f486:1e302b6b-35c6-49ab-81c1-6ca1800edf82,cspperf_user20702@cspperf.com,_jIOtF-r8IYDWIpZf7DOMUchmLr4V1xEfg3wh1p-_3pWjr2iHTJa_u4hWuchnj_k,hhbhP8UsRUSwzPYllTdLouE5K7JVpJB2VHn,a57db0d6-c1fc-4544-a43f-4fae4ccff12f,f76c40c0-8f8d-4598-9223-28eabf3d1bce,Test@123,PASS
b75f52e0-8b9f-4b61-8e5f-83e5fa6ccdcd,cspperf_user20707@cspperf.com,00a291e5-e699-40a3-94ba-fc80b697f486:417bafea-abbc-46da-b52d-8c49def8d4c4,cspperf_user20707@cspperf.com,=-vkPn7hLaGgk4jrbqJ3lEV-sGcCq01a0qo0DAs1_aMKzl-kbIfdtGw9cJPnFC06m,j1JgW87W35qWYDFSKct54aRNQM6cPFOLkNy,e2b0f8b3-fcb1-44ee-8783-51b867841aa3,8d015631-821b-42f7-89da-27054766593a,Test@123,PASS
b75f52e0-8b9f-4b61-8e5f-83e5fa6ccdcd,cspperf_user20705@cspperf.com,00a291e5-e699-40a3-94ba-fc80b697f486:5934d7d7-7f6e-48d5-a9a0-40cbe2607913,cspperf_user20705@cspperf.com,5FezMh7Iiwms1KIrZk-976-uXYhkvrwFp25TKsKYvwBX3lEYE1ThPbDPWL1G4blz,j1JgW87W35qWYDFSKct54aRNQM6cPFOLkNy,e2b0f8b3-fcb1-44ee-8783-51b867841aa3,8d015631-821b-42f7-89da-27054766593a,Test@123,PASS
b75f52e0-8b9f-4b61-8e5f-83e5fa6ccdcd,cspperf_user20709@cspperf.com,00a291e5-e699-40a3-94ba-fc80b697f486:74aa42d1-1bf5-41a0-9787-684cc591dc0f,cspperf_user20709@cspperf.com,oNdkcGm9kIWuSXVQislYmcrHnPj4tUYIBwlgR_ZqvS-_-U3MNpXSBKukEhQUzU0D,j1JgW87W35qWYDFSKct54aRNQM6cPFOLkNy,e2b0f8b3-fcb1-44ee-8783-51b867841aa3,8d015631-821b-42f7-89da-27054766593a,Test@123,PASS
b75f52e0-8b9f-4b61-8e5f-83e5fa6ccdcd,cspperf_user20706@cspperf.com,00a291e5-e699-40a3-94ba-fc80b697f486:9e61d009-8f8c-45ca-8623-fdd12bfe3505,cspperf_user20706@cspperf.com,jA32mDGQyXxGjLZL39-esETP5ir544TvCbbnGQxN8mFxc_32XV-gJWZW8R5SJrkH,j1JgW87W35qWYDFSKct54aRNQM6cPFOLkNy,e2b0f8b3-fcb1-44ee-8783-51b867841aa3,8d015631-821b-42f7-89da-27054766593a,Test@123,PASS
b75f52e0-8b9f-4b61-8e5f-83e5fa6ccdcd,cspperf_user20711@cspperf.com,00a291e5-e699-40a3-94ba-fc80b697f486:a9200182-90d3-41e2-aee7-f300d3df9057,cspperf_user20711@cspperf.com,VJgL3iTYSihORbBWfsuDmWtbdKETtUSzNqM1rqQ-IBoCzp3tc2tkEfSpytctBvtb,j1JgW87W35qWYDFSKct54aRNQM6cPFOLkNy,e2b0f8b3-fcb1-44ee-8783-51b867841aa3,8d015631-821b-42f7-89da-27054766593a,Test@123,PASS
b75f52e0-8b9f-4b61-8e5f-83e5fa6ccdcd,cspperf_user20708@cspperf.com,00a291e5-e699-40a3-94ba-fc80b697f486:3e251daa-119a-41fe-bdb5-67e1b3bd3f86,cspperf_user20708@cspperf.com,nwPHIUy4azyuBGf87MCHECVnZ6OtvglTfIBFJZVyDnweaCHtM6fu-7t9dE2vNE7Q,j1JgW87W35qWYDFSKct54aRNQM6cPFOLkNy,e2b0f8b3-fcb1-44ee-8783-51b867841aa3,8d015631-821b-42f7-89da-27054766593a,Test@123,PASS
b75f52e0-8b9f-4b61-8e5f-83e5fa6ccdcd,cspperf_user20710@cspperf.com,00a291e5-e699-40a3-94ba-fc80b697f486:630bddb0-9cb9-48f7-9d39-a9957d1f7289,cspperf_user20710@cspperf.com,gU9NutY7yGeETd8MIqDYRyyQ_1VlcToFOmwoVSr5hzvY7lvDz6Kj9VNE72PH2XCR,j1JgW87W35qWYDFSKct54aRNQM6cPFOLkNy,e2b0f8b3-fcb1-44ee-8783-51b867841aa3,8d015631-821b-42f7-89da-27054766593a,Test@123,PASS
b75f52e0-8b9f-4b61-8e5f-83e5fa6ccdcd,cspperf_user20713@cspperf.com,00a291e5-e699-40a3-94ba-fc80b697f486:86f5fe89-2926-414f-9385-236ffd629c08,cspperf_user20713@cspperf.com,chmMnKd7btB6rYlBzsKrsw62NB94ZvN8E-7p7lDR74xrsqkqBchowt_qn8Od0HP6,j1JgW87W35qWYDFSKct54aRNQM6cPFOLkNy,e2b0f8b3-fcb1-44ee-8783-51b867841aa3,8d015631-821b-42f7-89da-27054766593a,Test@123,PASS
b75f52e0-8b9f-4b61-8e5f-83e5fa6ccdcd,cspperf_user20712@cspperf.com,00a291e5-e699-40a3-94ba-fc80b697f486:afa0a5c9-2e3a-4185-9143-09e7a0630962,cspperf_user20712@cspperf.com,M_aUlGcXbh3G_1u2fDYmz68sIc-W6umTWI1-4Fu9YMrhXM0ZA9TYySX0rnf0kmZ1,j1JgW87W35qWYDFSKct54aRNQM6cPFOLkNy,e2b0f8b3-fcb1-44ee-8783-51b867841aa3,8d015631-821b-42f7-89da-27054766593a,Test@123,PASS
b75f52e0-8b9f-4b61-8e5f-83e5fa6ccdcd,cspperf_user20715@cspperf.com,00a291e5-e699-40a3-94ba-fc80b697f486:7c5359a2-7a99-4896-86f2-e82f040c126c,cspperf_user20715@cspperf.com,e1pE98Ani0LIIK4M9BJvlbeX6wdvo2YwHjlurJeg8qFPtHKpddD-Z_SQar81czKY,j1JgW87W35qWYDFSKct54aRNQM6cPFOLkNy,e2b0f8b3-fcb1-44ee-8783-51b867841aa3,8d015631-821b-42f7-89da-27054766593a,Test@123,PASS
b75f52e0-8b9f-4b61-8e5f-83e5fa6ccdcd,cspperf_user20714@cspperf.com,00a291e5-e699-40a3-94ba-fc80b697f486:261ae3b5-90ee-42a3-8b94-ebdb416ad290,cspperf_user20714@cspperf.com,3s50P0w_G0TgyOVm7mnKoGcrC3WBQ69CAgqblm8f8I8BViZ_FF2GAP7Me36-rvW3,j1JgW87W35qWYDFSKct54aRNQM6cPFOLkNy,e2b0f8b3-fcb1-44ee-8783-51b867841aa3,8d015631-821b-42f7-89da-27054766593a,Test@123,PASS
b75f52e0-8b9f-4b61-8e5f-83e5fa6ccdcd,cspperf_user20718@cspperf.com,00a291e5-e699-40a3-94ba-fc80b697f486:f21c6cdf-e166-474b-a589-de13e85226d4,cspperf_user20718@cspperf.com,AFoThJIoTTm_VWfxLZLuXPdhk_g01bRcEH782kvmMoTOPHUsVuW7wiQU6x9fTxrU,j1JgW87W35qWYDFSKct54aRNQM6cPFOLkNy,e2b0f8b3-fcb1-44ee-8783-51b867841aa3,8d015631-821b-42f7-89da-27054766593a,Test@123,PASS
b75f52e0-8b9f-4b61-8e5f-83e5fa6ccdcd,cspperf_user20716@cspperf.com,00a291e5-e699-40a3-94ba-fc80b697f486:745266a5-bf03-4a75-ae8b-66950d4a03ed,cspperf_user20716@cspperf.com,Xoq9UEuaOodNY1kHF8NpjfV7Iah3vF6MG4lM4FH0EneL3hqkdQV2AQuKwGifWjih,j1JgW87W35qWYDFSKct54aRNQM6cPFOLkNy,e2b0f8b3-fcb1-44ee-8783-51b867841aa3,8d015631-821b-42f7-89da-27054766593a,Test@123,PASS
b75f52e0-8b9f-4b61-8e5f-83e5fa6ccdcd,cspperf_user20717@cspperf.com,00a291e5-e699-40a3-94ba-fc80b697f486:e03bd946-e820-4bdd-995e-61c7cd519b61,cspperf_user20717@cspperf.com,RArzx2hT-4fCKOgQ8sXZCO5wXUWmitJdW-XuPydg52zCKtDGSDTx-InmeLyH33c3,j1JgW87W35qWYDFSKct54aRNQM6cPFOLkNy,e2b0f8b3-fcb1-44ee-8783-51b867841aa3,8d015631-821b-42f7-89da-27054766593a,Test@123,PASS
b75f52e0-8b9f-4b61-8e5f-83e5fa6ccdcd,cspperf_user20719@cspperf.com,00a291e5-e699-40a3-94ba-fc80b697f486:5402af99-b092-4239-9151-1438b2763751,cspperf_user20719@cspperf.com,K4WB5qK_pjxvdP06ODjVUBvDw_wN8xYSCNgDlMIZMeX1j-IwV5z0fY7t4nTSCQCP,j1JgW87W35qWYDFSKct54aRNQM6cPFOLkNy,e2b0f8b3-fcb1-44ee-8783-51b867841aa3,8d015631-821b-42f7-89da-27054766593a,Test@123,PASS
b75f52e0-8b9f-4b61-8e5f-83e5fa6ccdcd,cspperf_user20720@cspperf.com,00a291e5-e699-40a3-94ba-fc80b697f486:4b3a4b11-c520-46a3-967e-9109a32855d5,cspperf_user20720@cspperf.com,9sanyf5h01xaTfLZs4OxZL-MqaOyZtcIP1SJBOj9JsVP4b5ViMctMHj7ePYia1-Z,j1JgW87W35qWYDFSKct54aRNQM6cPFOLkNy,e2b0f8b3-fcb1-44ee-8783-51b867841aa3,8d015631-821b-42f7-89da-27054766593a,Test@123,PASS
b75f52e0-8b9f-4b61-8e5f-83e5fa6ccdcd,cspperf_user20723@cspperf.com,00a291e5-e699-40a3-94ba-fc80b697f486:4a8155be-5919-48f7-bdf5-c8d891c64d93,cspperf_user20723@cspperf.com,l9u4CNojFFPhswVDzKUYJ-PhuN_ocmDGhqJ43YhKQApG6I2ilvIIYKMrPqkafKKl,j1JgW87W35qWYDFSKct54aRNQM6cPFOLkNy,e2b0f8b3-fcb1-44ee-8783-51b867841aa3,8d015631-821b-42f7-89da-27054766593a,Test@123,PASS
b75f52e0-8b9f-4b61-8e5f-83e5fa6ccdcd,cspperf_user20721@cspperf.com,00a291e5-e699-40a3-94ba-fc80b697f486:a0ca7bc6-e616-4d2e-8784-457309fa71c9,cspperf_user20721@cspperf.com,XDz5oK8dvSZ2L2b8pWdyFKNmZloKOqRiTU6NaFNfHuOG__kDdNzC6hQDp0T9zIFU,j1JgW87W35qWYDFSKct54aRNQM6cPFOLkNy,e2b0f8b3-fcb1-44ee-8783-51b867841aa3,8d015631-821b-42f7-89da-27054766593a,Test@123,PASS
b75f52e0-8b9f-4b61-8e5f-83e5fa6ccdcd,cspperf_user20725@cspperf.com,00a291e5-e699-40a3-94ba-fc80b697f486:47e38045-a509-4db4-9dad-edc79413f164,cspperf_user20725@cspperf.com,c4hkTuz0nP11J635ZXx7OF9fPIfl5Z7ZAuv4FtHLAawsCy44F3JZQz6YpeN_rSoz,j1JgW87W35qWYDFSKct54aRNQM6cPFOLkNy,e2b0f8b3-fcb1-44ee-8783-51b867841aa3,8d015631-821b-42f7-89da-27054766593a,Test@123,PASS
b75f52e0-8b9f-4b61-8e5f-83e5fa6ccdcd,cspperf_user20722@cspperf.com,00a291e5-e699-40a3-94ba-fc80b697f486:70338726-f4af-49a7-8758-25c015b40a65,cspperf_user20722@cspperf.com,XBrc_5AYGvxQV9EsCzb6XYXE32c5rmWOoA4O3CD7pcQ50p9-B-YsW7V4urylOnsC,j1JgW87W35qWYDFSKct54aRNQM6cPFOLkNy,e2b0f8b3-fcb1-44ee-8783-51b867841aa3,8d015631-821b-42f7-89da-27054766593a,Test@123,PASS
b75f52e0-8b9f-4b61-8e5f-83e5fa6ccdcd,cspperf_user20724@cspperf.com,00a291e5-e699-40a3-94ba-fc80b697f486:a5494bfb-6ee2-4284-9587-4eac8c1f7f18,cspperf_user20724@cspperf.com,M9fbtHLSMj8welneblIWGCKCoLoAYoU1GTDSlKysy_zqLD1zOveGh_MqQhr0iHbS,j1JgW87W35qWYDFSKct54aRNQM6cPFOLkNy,e2b0f8b3-fcb1-44ee-8783-51b867841aa3,8d015631-821b-42f7-89da-27054766593a,Test@123,PASS
b75f52e0-8b9f-4b61-8e5f-83e5fa6ccdcd,cspperf_user20726@cspperf.com,00a291e5-e699-40a3-94ba-fc80b697f486:25c862ef-8be0-486f-b7e9-2c93e33ca495,cspperf_user20726@cspperf.com,kXHt9awLK-YlNetNaHo9bvX_NF368gdSj2Sx_fEamZJOqUqtc4wohmxWMeYlq38U,j1JgW87W35qWYDFSKct54aRNQM6cPFOLkNy,e2b0f8b3-fcb1-44ee-8783-51b867841aa3,8d015631-821b-42f7-89da-27054766593a,Test@123,PASS
b75f52e0-8b9f-4b61-8e5f-83e5fa6ccdcd,cspperf_user20727@cspperf.com,00a291e5-e699-40a3-94ba-fc80b697f486:8cac1de8-094e-446e-bcc2-be88edcbaa1b,cspperf_user20727@cspperf.com,SZ1monP302UbuVv4DcOyRk41r90RZIp-vPQOqxO9T9eh3vwVeB6p-Lj6W9h-hMSY,j1JgW87W35qWYDFSKct54aRNQM6cPFOLkNy,e2b0f8b3-fcb1-44ee-8783-51b867841aa3,8d015631-821b-42f7-89da-27054766593a,Test@123,PASS
b75f52e0-8b9f-4b61-8e5f-83e5fa6ccdcd,cspperf_user20728@cspperf.com,00a291e5-e699-40a3-94ba-fc80b697f486:9e40cce0-7b5a-473c-b051-8d377fa11c56,cspperf_user20728@cspperf.com,pM5R1jkpcVfx7ocWIl-K3qPxp4BEsF5P48b5WuY-mI-RFQqWqKhjqjBIpc2abyQI,j1JgW87W35qWYDFSKct54aRNQM6cPFOLkNy,e2b0f8b3-fcb1-44ee-8783-51b867841aa3,8d015631-821b-42f7-89da-27054766593a,Test@123,PASS
b75f52e0-8b9f-4b61-8e5f-83e5fa6ccdcd,cspperf_user20729@cspperf.com,00a291e5-e699-40a3-94ba-fc80b697f486:0df93849-862f-4ec4-b49e-c5db96f16032,cspperf_user20729@cspperf.com,TpLIqhS27uP3iB1WJxwsfqoP4MkZav-niGV931zuVKwYUTvHnCoqxolIrdoNsUMd,j1JgW87W35qWYDFSKct54aRNQM6cPFOLkNy,e2b0f8b3-fcb1-44ee-8783-51b867841aa3,8d015631-821b-42f7-89da-27054766593a,Test@123,PASS
b75f52e0-8b9f-4b61-8e5f-83e5fa6ccdcd,cspperf_user20730@cspperf.com,00a291e5-e699-40a3-94ba-fc80b697f486:ff4728ed-7dab-4a9d-9b55-aa5f5fa889b6,cspperf_user20730@cspperf.com,rkN1K0CZk5wBxGvtSUN1TVyhyhafEWsqg0lFK2MeYgDCKT24n4hS8WLbog4FlmIq,j1JgW87W35qWYDFSKct54aRNQM6cPFOLkNy,e2b0f8b3-fcb1-44ee-8783-51b867841aa3,8d015631-821b-42f7-89da-27054766593a,Test@123,PASS
b75f52e0-8b9f-4b61-8e5f-83e5fa6ccdcd,cspperf_user20731@cspperf.com,00a291e5-e699-40a3-94ba-fc80b697f486:92b56235-0791-4394-8691-00537bbd4233,cspperf_user20731@cspperf.com,gEjitlcTTNd3nocX3VID7G3LtRMMlVLDUQlKoUCOj35xNtgXe0uxT6wBru9KKc6K,j1JgW87W35qWYDFSKct54aRNQM6cPFOLkNy,e2b0f8b3-fcb1-44ee-8783-51b867841aa3,8d015631-821b-42f7-89da-27054766593a,Test@123,PASS
b75f52e0-8b9f-4b61-8e5f-83e5fa6ccdcd,cspperf_user20732@cspperf.com,00a291e5-e699-40a3-94ba-fc80b697f486:76313b60-5caa-4ea4-a4d9-46e101d58165,cspperf_user20732@cspperf.com,Azr4149RjjxTUf660jM1jGcG0763AMDhyZ5O8O-892Gb1z87lGnNRpgvN6vcobFO,j1JgW87W35qWYDFSKct54aRNQM6cPFOLkNy,e2b0f8b3-fcb1-44ee-8783-51b867841aa3,8d015631-821b-42f7-89da-27054766593a,Test@123,PASS
b75f52e0-8b9f-4b61-8e5f-83e5fa6ccdcd,cspperf_user20735@cspperf.com,00a291e5-e699-40a3-94ba-fc80b697f486:3a85dffa-f562-4fd4-bb36-15326a54a5fa,cspperf_user20735@cspperf.com,dNjB5T0ai49fenXt1vBL0shArEXw3aAVOv7e7MBvhnH6Jn3z5tBVVFfKsh0DUoLP,j1JgW87W35qWYDFSKct54aRNQM6cPFOLkNy,e2b0f8b3-fcb1-44ee-8783-51b867841aa3,8d015631-821b-42f7-89da-27054766593a,Test@123,PASS
b75f52e0-8b9f-4b61-8e5f-83e5fa6ccdcd,cspperf_user20734@cspperf.com,00a291e5-e699-40a3-94ba-fc80b697f486:c218a51c-2341-466f-94b3-a6b91a8e22c5,cspperf_user20734@cspperf.com,jZiLF1yfKHv_NoehFNgbZidFaKWT61k6wpbLqxTTwJ5NA_FDwjRNjz1bE2i3oFqZ,j1JgW87W35qWYDFSKct54aRNQM6cPFOLkNy,e2b0f8b3-fcb1-44ee-8783-51b867841aa3,8d015631-821b-42f7-89da-27054766593a,Test@123,PASS
b75f52e0-8b9f-4b61-8e5f-83e5fa6ccdcd,cspperf_user20733@cspperf.com,00a291e5-e699-40a3-94ba-fc80b697f486:e604ac00-9816-447e-b164-41ef9764293d,cspperf_user20733@cspperf.com,soP1hU7NDQFeE1wSBFu2Hrw1MA92jYDh0avLdtUL42sWxahshG3M2UXy-miXso_t,j1JgW87W35qWYDFSKct54aRNQM6cPFOLkNy,e2b0f8b3-fcb1-44ee-8783-51b867841aa3,8d015631-821b-42f7-89da-27054766593a,Test@123,PASS
b75f52e0-8b9f-4b61-8e5f-83e5fa6ccdcd,cspperf_user20737@cspperf.com,00a291e5-e699-40a3-94ba-fc80b697f486:3fa90024-0ec3-4fb3-831b-3bd79b182311,cspperf_user20737@cspperf.com,aGayCKeOQslhJHmMAN2wmikmEIRhxhImbxbhQ1aBpgsSsr2OFKcB-tQe1mzVk9Ee,j1JgW87W35qWYDFSKct54aRNQM6cPFOLkNy,e2b0f8b3-fcb1-44ee-8783-51b867841aa3,8d015631-821b-42f7-89da-27054766593a,Test@123,PASS
b75f52e0-8b9f-4b61-8e5f-83e5fa6ccdcd,cspperf_user20739@cspperf.com,00a291e5-e699-40a3-94ba-fc80b697f486:6f2a8c70-7f44-4e68-855a-3f3e8a202392,cspperf_user20739@cspperf.com,=-nHMnG8b1A8WHL36vKkRpqpoWXmmVvyEOan7gNI6FO-ov-avBpdVxJoXicDhqTVl,j1JgW87W35qWYDFSKct54aRNQM6cPFOLkNy,e2b0f8b3-fcb1-44ee-8783-51b867841aa3,8d015631-821b-42f7-89da-27054766593a,Test@123,PASS
b75f52e0-8b9f-4b61-8e5f-83e5fa6ccdcd,cspperf_user20738@cspperf.com,00a291e5-e699-40a3-94ba-fc80b697f486:11012f95-08d9-45e0-a888-15e686af1342,cspperf_user20738@cspperf.com,77tslAj8N6mlnlA_oqcdSqJEWHCtVE-bDYGCVKOlkPOpcZyiaPvqKrQZRsNf38C8,j1JgW87W35qWYDFSKct54aRNQM6cPFOLkNy,e2b0f8b3-fcb1-44ee-8783-51b867841aa3,8d015631-821b-42f7-89da-27054766593a,Test@123,PASS
b75f52e0-8b9f-4b61-8e5f-83e5fa6ccdcd,cspperf_user20736@cspperf.com,00a291e5-e699-40a3-94ba-fc80b697f486:ed7c32f7-b230-4171-ac9e-329500cefb38,cspperf_user20736@cspperf.com,n4704CxvaFv4j_8izBd7RX_HiyF1LeAPRCa2yhCDeP0ungiwNuUBSbExoSi2CF7Q,j1JgW87W35qWYDFSKct54aRNQM6cPFOLkNy,e2b0f8b3-fcb1-44ee-8783-51b867841aa3,8d015631-821b-42f7-89da-27054766593a,Test@123,PASS
b75f52e0-8b9f-4b61-8e5f-83e5fa6ccdcd,cspperf_user20740@cspperf.com,00a291e5-e699-40a3-94ba-fc80b697f486:69b51419-e4cc-445f-a1e8-875a8386ed31,cspperf_user20740@cspperf.com,mtzQE8qj4UZGvGflNnvcZAMcn4vDXSPnRgxsICmKdiHyyFQmPSdTv_xCKHcKwIRy,j1JgW87W35qWYDFSKct54aRNQM6cPFOLkNy,e2b0f8b3-fcb1-44ee-8783-51b867841aa3,8d015631-821b-42f7-89da-27054766593a,Test@123,PASS
b75f52e0-8b9f-4b61-8e5f-83e5fa6ccdcd,cspperf_user20741@cspperf.com,00a291e5-e699-40a3-94ba-fc80b697f486:c71cfa30-944c-42eb-ba9c-1a1a5df4da90,cspperf_user20741@cspperf.com,Rkw_e7vMmpWb3XyEb0os73i7jBNtgB9ITYA0-3GQxQtfov1tyG49L1ylwdGOb6cf,j1JgW87W35qWYDFSKct54aRNQM6cPFOLkNy,e2b0f8b3-fcb1-44ee-8783-51b867841aa3,8d015631-821b-42f7-89da-27054766593a,Test@123,PASS
b75f52e0-8b9f-4b61-8e5f-83e5fa6ccdcd,cspperf_user20744@cspperf.com,00a291e5-e699-40a3-94ba-fc80b697f486:fca82601-054d-4df0-b395-bca65873dae8,cspperf_user20744@cspperf.com,FCuqbTwf3uXwt2bEHDdiXS8-Js59ajJtYpUKBNLjV9l_Sr3jSDJPnHxT0Wa5cZkJ,j1JgW87W35qWYDFSKct54aRNQM6cPFOLkNy,e2b0f8b3-fcb1-44ee-8783-51b867841aa3,8d015631-821b-42f7-89da-27054766593a,Test@123,PASS
b75f52e0-8b9f-4b61-8e5f-83e5fa6ccdcd,cspperf_user20742@cspperf.com,00a291e5-e699-40a3-94ba-fc80b697f486:76e98f1e-c1ab-44ea-a08a-d5de5224e11b,cspperf_user20742@cspperf.com,Xjdx2NxU73BPl6gUg4d3zmwqKUA5-RuazqqVgkI8uD8jyTEjCUUFHoHFs9nvWCrY,j1JgW87W35qWYDFSKct54aRNQM6cPFOLkNy,e2b0f8b3-fcb1-44ee-8783-51b867841aa3,8d015631-821b-42f7-89da-27054766593a,Test@123,PASS
b75f52e0-8b9f-4b61-8e5f-83e5fa6ccdcd,cspperf_user20743@cspperf.com,00a291e5-e699-40a3-94ba-fc80b697f486:17328cfe-b4aa-4cf5-ab46-84e3af7ef510,cspperf_user20743@cspperf.com,ss5ARD3_fKeD40Mmh6Gki_NgyXXBID2yHPohhehiFEXRLzc-tUUu4n2TEA5KjpTb,j1JgW87W35qWYDFSKct54aRNQM6cPFOLkNy,e2b0f8b3-fcb1-44ee-8783-51b867841aa3,8d015631-821b-42f7-89da-27054766593a,Test@123,PASS
b75f52e0-8b9f-4b61-8e5f-83e5fa6ccdcd,cspperf_user20745@cspperf.com,00a291e5-e699-40a3-94ba-fc80b697f486:884e4c10-6067-41aa-bbd5-4a62a31a7fb7,cspperf_user20745@cspperf.com,W2oetXqRS02DOdCDUl3QqV4lxBVr0bIkN0iMx9Fv8ovObOtd8ENSegiiAnMXc4U8,j1JgW87W35qWYDFSKct54aRNQM6cPFOLkNy,e2b0f8b3-fcb1-44ee-8783-51b867841aa3,8d015631-821b-42f7-89da-27054766593a,Test@123,PASS
b75f52e0-8b9f-4b61-8e5f-83e5fa6ccdcd,cspperf_user20746@cspperf.com,00a291e5-e699-40a3-94ba-fc80b697f486:c668fd3b-981f-43e4-ae00-494b48095649,cspperf_user20746@cspperf.com,2dI0sdqeNa8v3Luw_UChGCsUtnIVgCTLwHbxnqT__knR0das3K33yv4el9KvULSB,j1JgW87W35qWYDFSKct54aRNQM6cPFOLkNy,e2b0f8b3-fcb1-44ee-8783-51b867841aa3,8d015631-821b-42f7-89da-27054766593a,Test@123,PASS
b75f52e0-8b9f-4b61-8e5f-83e5fa6ccdcd,cspperf_user20747@cspperf.com,00a291e5-e699-40a3-94ba-fc80b697f486:2c63c847-1832-4949-8e6f-ea723a8d53cc,cspperf_user20747@cspperf.com,Euno8BeXk0Ct4cf0BE3HFwNLhO6dHkW71KTIyMwjPGm8bNMiH9Yop_dRD7_dPJc8,j1JgW87W35qWYDFSKct54aRNQM6cPFOLkNy,e2b0f8b3-fcb1-44ee-8783-51b867841aa3,8d015631-821b-42f7-89da-27054766593a,Test@123,PASS
b75f52e0-8b9f-4b61-8e5f-83e5fa6ccdcd,cspperf_user20749@cspperf.com,00a291e5-e699-40a3-94ba-fc80b697f486:b5432405-3425-40ee-ac4e-6b250e69be6c,cspperf_user20749@cspperf.com,4gWoGiMB_5JmlEAOvr-GdV5BPg9FAqrodJmEACMRcVTlC1wDG9YXXY_cF_16hbtx,j1JgW87W35qWYDFSKct54aRNQM6cPFOLkNy,e2b0f8b3-fcb1-44ee-8783-51b867841aa3,8d015631-821b-42f7-89da-27054766593a,Test@123,PASS
b75f52e0-8b9f-4b61-8e5f-83e5fa6ccdcd,cspperf_user20751@cspperf.com,00a291e5-e699-40a3-94ba-fc80b697f486:2dd51810-b034-45b5-b562-5083d32d6f21,cspperf_user20751@cspperf.com,dweODxrpngiHzHzrxZk-r3hFbP90wxponwJbJThtCMPoFGVC-hvJNGU8rSzuNpaG,j1JgW87W35qWYDFSKct54aRNQM6cPFOLkNy,e2b0f8b3-fcb1-44ee-8783-51b867841aa3,8d015631-821b-42f7-89da-27054766593a,Test@123,PASS
b75f52e0-8b9f-4b61-8e5f-83e5fa6ccdcd,cspperf_user20753@cspperf.com,00a291e5-e699-40a3-94ba-fc80b697f486:65c662cc-cf0e-4a66-9cec-c159f9389026,cspperf_user20753@cspperf.com,fqrNAiCq94Olhrnvw8B5B2Yrj9Qv5UGQEcE5i9GeD5FpVdk7WobR1XcJpYpRNdBH,j1JgW87W35qWYDFSKct54aRNQM6cPFOLkNy,e2b0f8b3-fcb1-44ee-8783-51b867841aa3,8d015631-821b-42f7-89da-27054766593a,Test@123,PASS
b75f52e0-8b9f-4b61-8e5f-83e5fa6ccdcd,cspperf_user20748@cspperf.com,00a291e5-e699-40a3-94ba-fc80b697f486:6578e812-1ab8-4138-bd7e-55a6dac63f52,cspperf_user20748@cspperf.com,sIvbU72cJv2iBM_0VrcT8nkZ-DZOtks2GI7EDWgk4cnicXNu9N5kNaLYMc3j3Aib,j1JgW87W35qWYDFSKct54aRNQM6cPFOLkNy,e2b0f8b3-fcb1-44ee-8783-51b867841aa3,8d015631-821b-42f7-89da-27054766593a,Test@123,PASS
b75f52e0-8b9f-4b61-8e5f-83e5fa6ccdcd,cspperf_user20752@cspperf.com,00a291e5-e699-40a3-94ba-fc80b697f486:4978956e-643d-42c5-9114-a4ec0b16ac78,cspperf_user20752@cspperf.com,VXZgt4GW4QMgU92bjh1v7HegMOho5RGlYcozejPMNQLhP-MHPUA1ntwryBstcVqO,j1JgW87W35qWYDFSKct54aRNQM6cPFOLkNy,e2b0f8b3-fcb1-44ee-8783-51b867841aa3,8d015631-821b-42f7-89da-27054766593a,Test@123,PASS
619e23fa-f8a8-497f-b978-f36453fec773,cspperf_user20758@cspperf.com,00a291e5-e699-40a3-94ba-fc80b697f486:6f4e8be6-293c-4a01-b6f6-8bbff376adc1,cspperf_user20758@cspperf.com,1zopcyzXMkfXNSAOobUOfLxodJaSqpfYh9tR1V69QpsS-sDzj1FoFxGQt8SWy1cm,atZSgB3l3hp7RtVf3TBEpXHzw4EOeBgHuKq,5b7634ba-5ca3-45bc-b690-23540f96802b,4cd2ddb5-e6af-4076-9c1e-3565fe8ef6c7,Test@123,PASS
619e23fa-f8a8-497f-b978-f36453fec773,cspperf_user20757@cspperf.com,00a291e5-e699-40a3-94ba-fc80b697f486:2e66ba6d-dddb-4799-82e8-e3dcdea44137,cspperf_user20757@cspperf.com,gPRToUCb-Kz-475diGK9MIu6za6lKCIiDY1E8HmegAaoQvvNAUqNRy_Znp5j-GVn,atZSgB3l3hp7RtVf3TBEpXHzw4EOeBgHuKq,5b7634ba-5ca3-45bc-b690-23540f96802b,4cd2ddb5-e6af-4076-9c1e-3565fe8ef6c7,Test@123,PASS
619e23fa-f8a8-497f-b978-f36453fec773,cspperf_user20754@cspperf.com,00a291e5-e699-40a3-94ba-fc80b697f486:647a1e82-e7d1-413b-b1d7-2964d844d953,cspperf_user20754@cspperf.com,jGjnG8ksSiHuhm0voit8k98jaJ6ZUP7qhdwm_5JqYBZ-wbMdrP-WO3dldi2zePaw,atZSgB3l3hp7RtVf3TBEpXHzw4EOeBgHuKq,5b7634ba-5ca3-45bc-b690-23540f96802b,4cd2ddb5-e6af-4076-9c1e-3565fe8ef6c7,Test@123,PASS
619e23fa-f8a8-497f-b978-f36453fec773,cspperf_user20756@cspperf.com,00a291e5-e699-40a3-94ba-fc80b697f486:383ee630-a6a8-44b7-87c0-900797a5ce6e,cspperf_user20756@cspperf.com,ZNTJcyFMAR88eFiceVo_0iZye1HNAUmmOmvtSTm9zuQ57tKk80VhzM3h0A2D1r5s,atZSgB3l3hp7RtVf3TBEpXHzw4EOeBgHuKq,5b7634ba-5ca3-45bc-b690-23540f96802b,4cd2ddb5-e6af-4076-9c1e-3565fe8ef6c7,Test@123,PASS
619e23fa-f8a8-497f-b978-f36453fec773,cspperf_user20755@cspperf.com,00a291e5-e699-40a3-94ba-fc80b697f486:e9909af2-e81b-46cb-8421-df7022158236,cspperf_user20755@cspperf.com,BzKVQFAoVXOiVHGOlHWtmCS90kfOy3bCKpkUmRD4-sx4EoWvfQcEYDTBrDFyXNGg,atZSgB3l3hp7RtVf3TBEpXHzw4EOeBgHuKq,5b7634ba-5ca3-45bc-b690-23540f96802b,4cd2ddb5-e6af-4076-9c1e-3565fe8ef6c7,Test@123,PASS
b75f52e0-8b9f-4b61-8e5f-83e5fa6ccdcd,cspperf_user20750@cspperf.com,00a291e5-e699-40a3-94ba-fc80b697f486:856992d5-9241-4021-a49a-f8115f99f773,cspperf_user20750@cspperf.com,O5KN-oSglovan_lVvQ0ZnAO-iI4vC6drZ_buBAeoSkSUVaTMd-_UB-UVA0GGLe_j,j1JgW87W35qWYDFSKct54aRNQM6cPFOLkNy,e2b0f8b3-fcb1-44ee-8783-51b867841aa3,8d015631-821b-42f7-89da-27054766593a,Test@123,PASS
619e23fa-f8a8-497f-b978-f36453fec773,cspperf_user20760@cspperf.com,00a291e5-e699-40a3-94ba-fc80b697f486:1b05cf43-8a50-4a50-bd3d-1fb261717943,cspperf_user20760@cspperf.com,wbErvdKyJZN2b-w1o8i8M29alHlWW6PHvQYtrKrmOYloHo7IAc3TlKaw90C-dOAC,atZSgB3l3hp7RtVf3TBEpXHzw4EOeBgHuKq,5b7634ba-5ca3-45bc-b690-23540f96802b,4cd2ddb5-e6af-4076-9c1e-3565fe8ef6c7,Test@123,PASS
619e23fa-f8a8-497f-b978-f36453fec773,cspperf_user20759@cspperf.com,00a291e5-e699-40a3-94ba-fc80b697f486:9dcf4dfb-f28f-4850-96b8-a6a47634f2e6,cspperf_user20759@cspperf.com,jZ6w4xV5eSJ6lqx_t2--i1SusAsbimkI39pTyubAlB2DzddsspvoUYgmxXvqmX28,atZSgB3l3hp7RtVf3TBEpXHzw4EOeBgHuKq,5b7634ba-5ca3-45bc-b690-23540f96802b,4cd2ddb5-e6af-4076-9c1e-3565fe8ef6c7,Test@123,PASS
619e23fa-f8a8-497f-b978-f36453fec773,cspperf_user20761@cspperf.com,00a291e5-e699-40a3-94ba-fc80b697f486:6a551090-6d0c-4c4e-8b02-cfce8524cae3,cspperf_user20761@cspperf.com,vA1M_FL1N8rxdOUwAJij2A_D-7Jbsv35iiaA6Cn3N6Jvxals8R-AULxNK9UStnyz,atZSgB3l3hp7RtVf3TBEpXHzw4EOeBgHuKq,5b7634ba-5ca3-45bc-b690-23540f96802b,4cd2ddb5-e6af-4076-9c1e-3565fe8ef6c7,Test@123,PASS
619e23fa-f8a8-497f-b978-f36453fec773,cspperf_user20762@cspperf.com,00a291e5-e699-40a3-94ba-fc80b697f486:89cad6a8-5558-49d3-af0e-4e426c9cd7a0,cspperf_user20762@cspperf.com,wLEPWqZSs32_hTCA6mWTJ9t0OL9KAa-ivgC7bVY3TtUNPSIEItAGHW8kCVGw-CrU,atZSgB3l3hp7RtVf3TBEpXHzw4EOeBgHuKq,5b7634ba-5ca3-45bc-b690-23540f96802b,4cd2ddb5-e6af-4076-9c1e-3565fe8ef6c7,Test@123,PASS
619e23fa-f8a8-497f-b978-f36453fec773,cspperf_user20765@cspperf.com,00a291e5-e699-40a3-94ba-fc80b697f486:014ee140-5aea-4510-8647-349e40fa722a,cspperf_user20765@cspperf.com,ZYAtYm5RhFYnchmYUDlbeEZgSQOYg6Xe27ihS7E_zii0VguvpMMz0KMpmPh19ruM,atZSgB3l3hp7RtVf3TBEpXHzw4EOeBgHuKq,5b7634ba-5ca3-45bc-b690-23540f96802b,4cd2ddb5-e6af-4076-9c1e-3565fe8ef6c7,Test@123,PASS
619e23fa-f8a8-497f-b978-f36453fec773,cspperf_user20763@cspperf.com,00a291e5-e699-40a3-94ba-fc80b697f486:efd57c1c-2868-4797-a4a9-9f5bcd7eea9a,cspperf_user20763@cspperf.com,TZ1HHd48uWQkq0oA5HW6pa5JwWpuUbJyCZ4trUYRaQ08uQ5TK8lc4PRYcazPmpPV,atZSgB3l3hp7RtVf3TBEpXHzw4EOeBgHuKq,5b7634ba-5ca3-45bc-b690-23540f96802b,4cd2ddb5-e6af-4076-9c1e-3565fe8ef6c7,Test@123,PASS
619e23fa-f8a8-497f-b978-f36453fec773,cspperf_user20764@cspperf.com,00a291e5-e699-40a3-94ba-fc80b697f486:b4588dff-b1e9-4604-863b-049f77277b78,cspperf_user20764@cspperf.com,RrIgv-CCrl_NJ8HH09exNPzntX1mj-iqUxuBZ1TRF0D5KaghEKr-8Qtvx5Tkz4a9,atZSgB3l3hp7RtVf3TBEpXHzw4EOeBgHuKq,5b7634ba-5ca3-45bc-b690-23540f96802b,4cd2ddb5-e6af-4076-9c1e-3565fe8ef6c7,Test@123,PASS
619e23fa-f8a8-497f-b978-f36453fec773,cspperf_user20766@cspperf.com,00a291e5-e699-40a3-94ba-fc80b697f486:ee0a908d-9fd3-4506-b525-fb09c9d8ab61,cspperf_user20766@cspperf.com,sBr7VBTyK1BWcYAv371bOjDXa5All_z8cSM5cqt49qUFhYjICMDwJYJyuKjCI77a,atZSgB3l3hp7RtVf3TBEpXHzw4EOeBgHuKq,5b7634ba-5ca3-45bc-b690-23540f96802b,4cd2ddb5-e6af-4076-9c1e-3565fe8ef6c7,Test@123,PASS
619e23fa-f8a8-497f-b978-f36453fec773,cspperf_user20768@cspperf.com,00a291e5-e699-40a3-94ba-fc80b697f486:92c32b3e-ad6e-4cb2-899f-01360f430737,cspperf_user20768@cspperf.com,jmJ6jtziEH6Zj_Ak51GvsFVbpzxApbHQ_Ptm5B-GFSkXHLGThdTUgET0BYWmSkot,atZSgB3l3hp7RtVf3TBEpXHzw4EOeBgHuKq,5b7634ba-5ca3-45bc-b690-23540f96802b,4cd2ddb5-e6af-4076-9c1e-3565fe8ef6c7,Test@123,PASS
619e23fa-f8a8-497f-b978-f36453fec773,cspperf_user20767@cspperf.com,00a291e5-e699-40a3-94ba-fc80b697f486:56acec24-41f5-4f61-aebf-d7539ffb8723,cspperf_user20767@cspperf.com,YG8A4xlhcaEYFkAg9o1K7OMBDJ0D6SO98M3Z3yq1SuBA8Ba06Dk4PwRMxaVBWoBv,atZSgB3l3hp7RtVf3TBEpXHzw4EOeBgHuKq,5b7634ba-5ca3-45bc-b690-23540f96802b,4cd2ddb5-e6af-4076-9c1e-3565fe8ef6c7,Test@123,PASS
619e23fa-f8a8-497f-b978-f36453fec773,cspperf_user20769@cspperf.com,00a291e5-e699-40a3-94ba-fc80b697f486:114d5904-69ad-43b7-b0ec-c3f06d025528,cspperf_user20769@cspperf.com,xeSVA0uRHAFG4UPeTEw5lgPjzQnpqWQL-6oivRlGksjk1wKfNl-3qsRrZlK8FHU0,atZSgB3l3hp7RtVf3TBEpXHzw4EOeBgHuKq,5b7634ba-5ca3-45bc-b690-23540f96802b,4cd2ddb5-e6af-4076-9c1e-3565fe8ef6c7,Test@123,PASS
619e23fa-f8a8-497f-b978-f36453fec773,cspperf_user20770@cspperf.com,00a291e5-e699-40a3-94ba-fc80b697f486:ed35042b-253f-4709-ad4f-d24206713230,cspperf_user20770@cspperf.com,H8Qg9lt6ejt3JyeIJWhfe75oJs581UTyDvRsa5JqsEqSk6p2aEss845LQCpjK95_,atZSgB3l3hp7RtVf3TBEpXHzw4EOeBgHuKq,5b7634ba-5ca3-45bc-b690-23540f96802b,4cd2ddb5-e6af-4076-9c1e-3565fe8ef6c7,Test@123,PASS
619e23fa-f8a8-497f-b978-f36453fec773,cspperf_user20771@cspperf.com,00a291e5-e699-40a3-94ba-fc80b697f486:4f768ddb-2709-4b03-8a7c-ac8f4a0762f2,cspperf_user20771@cspperf.com,NM2Dm6VySqP-izk1K2cXbsHTX3y2X1cuM_Mxl0gbMG8UyRtuWelwi9aJgylL_Num,atZSgB3l3hp7RtVf3TBEpXHzw4EOeBgHuKq,5b7634ba-5ca3-45bc-b690-23540f96802b,4cd2ddb5-e6af-4076-9c1e-3565fe8ef6c7,Test@123,PASS
619e23fa-f8a8-497f-b978-f36453fec773,cspperf_user20772@cspperf.com,00a291e5-e699-40a3-94ba-fc80b697f486:6c437529-096b-4c3c-a5bd-64e1a65210f8,cspperf_user20772@cspperf.com,JaQZMIqr_Kncjxmp_B8lBzEZbqTfpaPnTxXz6zoO9Zi7Y2GHgSOMzTZ5h9mJN1k_,atZSgB3l3hp7RtVf3TBEpXHzw4EOeBgHuKq,5b7634ba-5ca3-45bc-b690-23540f96802b,4cd2ddb5-e6af-4076-9c1e-3565fe8ef6c7,Test@123,PASS
619e23fa-f8a8-497f-b978-f36453fec773,cspperf_user20774@cspperf.com,00a291e5-e699-40a3-94ba-fc80b697f486:304838c6-d151-4ff9-ae29-9f81b1bb2326,cspperf_user20774@cspperf.com,vkiucGrCLcYYqNZbOC4M6C-HrmJU2Rfb8o9ft0pUy3zzADaIO7qKJcFguIYe0TtX,atZSgB3l3hp7RtVf3TBEpXHzw4EOeBgHuKq,5b7634ba-5ca3-45bc-b690-23540f96802b,4cd2ddb5-e6af-4076-9c1e-3565fe8ef6c7,Test@123,PASS
619e23fa-f8a8-497f-b978-f36453fec773,cspperf_user20778@cspperf.com,00a291e5-e699-40a3-94ba-fc80b697f486:178f0cd4-bb3c-4a14-a9d8-a6e6fcd6dd5f,cspperf_user20778@cspperf.com,NEoqdk8QNs---ifwZmClLmtnu0okMTbEm1aN-S3_xizbU1f3smAu5gSIz-3Vqe-2,atZSgB3l3hp7RtVf3TBEpXHzw4EOeBgHuKq,5b7634ba-5ca3-45bc-b690-23540f96802b,4cd2ddb5-e6af-4076-9c1e-3565fe8ef6c7,Test@123,PASS
619e23fa-f8a8-497f-b978-f36453fec773,cspperf_user20773@cspperf.com,00a291e5-e699-40a3-94ba-fc80b697f486:8afc5830-1021-42e9-bdaa-ffae9eb5d5c1,cspperf_user20773@cspperf.com,ecIJ5TY8MqOmzCo-9Iwp5TlcS9phnf7e-N3ySSGlUcCqr34CwNgtCVSVd7aw1ddM,atZSgB3l3hp7RtVf3TBEpXHzw4EOeBgHuKq,5b7634ba-5ca3-45bc-b690-23540f96802b,4cd2ddb5-e6af-4076-9c1e-3565fe8ef6c7,Test@123,PASS
619e23fa-f8a8-497f-b978-f36453fec773,cspperf_user20775@cspperf.com,00a291e5-e699-40a3-94ba-fc80b697f486:fb1dc188-1d78-4d8f-8d03-6dd8336f88f9,cspperf_user20775@cspperf.com,GxHo2KSiLvBBS6h3Ix6h_4qWJiAgsOTPrS3vHVbg0GWDLwd_f90o4WUQj_9DHcl1,atZSgB3l3hp7RtVf3TBEpXHzw4EOeBgHuKq,5b7634ba-5ca3-45bc-b690-23540f96802b,4cd2ddb5-e6af-4076-9c1e-3565fe8ef6c7,Test@123,PASS
619e23fa-f8a8-497f-b978-f36453fec773,cspperf_user20777@cspperf.com,00a291e5-e699-40a3-94ba-fc80b697f486:0de29a74-b0d5-485e-b407-3939635d71c1,cspperf_user20777@cspperf.com,IEa6HvnWhq5BPYZ0PhSc1c9gfQGsBB89s68P2l9mWGdjJOQ5fo15sDFhwlPhRpC3,atZSgB3l3hp7RtVf3TBEpXHzw4EOeBgHuKq,5b7634ba-5ca3-45bc-b690-23540f96802b,4cd2ddb5-e6af-4076-9c1e-3565fe8ef6c7,Test@123,PASS
619e23fa-f8a8-497f-b978-f36453fec773,cspperf_user20781@cspperf.com,00a291e5-e699-40a3-94ba-fc80b697f486:d2446ff5-c096-4934-9404-d5a24c1c4203,cspperf_user20781@cspperf.com,ZvD56zJA_II4tbaZJx3LjvCpG_wScWyAG4HpKhXtgQGJQbrwwvqN5BsmQFvlZUKl,atZSgB3l3hp7RtVf3TBEpXHzw4EOeBgHuKq,5b7634ba-5ca3-45bc-b690-23540f96802b,4cd2ddb5-e6af-4076-9c1e-3565fe8ef6c7,Test@123,PASS
619e23fa-f8a8-497f-b978-f36453fec773,cspperf_user20780@cspperf.com,00a291e5-e699-40a3-94ba-fc80b697f486:e12c6475-bd1f-4dc1-8ccc-5f3863af4023,cspperf_user20780@cspperf.com,txSWc6AGN59CIwzamzJduzGPr1H6wmiYh4nPzd6xm8-p2y8jfDpF7TodSpcHslWR,atZSgB3l3hp7RtVf3TBEpXHzw4EOeBgHuKq,5b7634ba-5ca3-45bc-b690-23540f96802b,4cd2ddb5-e6af-4076-9c1e-3565fe8ef6c7,Test@123,PASS
619e23fa-f8a8-497f-b978-f36453fec773,cspperf_user20776@cspperf.com,00a291e5-e699-40a3-94ba-fc80b697f486:659d4c5a-d4ee-4ed5-87ce-634d15510bc6,cspperf_user20776@cspperf.com,0yTKmcVNw5gNLgVYkvhtND3Tsha2S_BYaZ0zVuqMEe05mEOTUuHU_qnXz8rjmFMA,atZSgB3l3hp7RtVf3TBEpXHzw4EOeBgHuKq,5b7634ba-5ca3-45bc-b690-23540f96802b,4cd2ddb5-e6af-4076-9c1e-3565fe8ef6c7,Test@123,PASS
619e23fa-f8a8-497f-b978-f36453fec773,cspperf_user20784@cspperf.com,00a291e5-e699-40a3-94ba-fc80b697f486:13dedff3-c549-4c3c-b186-aeb6cd46ae1a,cspperf_user20784@cspperf.com,B5t8B0jv4OQ6VzbhUzTZpulGmE0UfrL8s9WIcR1TDKfDM7-H5qc2YCr9mAcfPSDQ,atZSgB3l3hp7RtVf3TBEpXHzw4EOeBgHuKq,5b7634ba-5ca3-45bc-b690-23540f96802b,4cd2ddb5-e6af-4076-9c1e-3565fe8ef6c7,Test@123,PASS
619e23fa-f8a8-497f-b978-f36453fec773,cspperf_user20782@cspperf.com,00a291e5-e699-40a3-94ba-fc80b697f486:71535d4d-960b-4455-bec2-3b3175e924fe,cspperf_user20782@cspperf.com,efOQjDCwY1Ac0Pe34P4db_fVLonoBnv6PPfjBZewTRI7Y5I6zlZaWXkQkEgTjUs9,atZSgB3l3hp7RtVf3TBEpXHzw4EOeBgHuKq,5b7634ba-5ca3-45bc-b690-23540f96802b,4cd2ddb5-e6af-4076-9c1e-3565fe8ef6c7,Test@123,PASS
619e23fa-f8a8-497f-b978-f36453fec773,cspperf_user20779@cspperf.com,00a291e5-e699-40a3-94ba-fc80b697f486:f6ac656b-d880-47f5-b71e-38632722905f,cspperf_user20779@cspperf.com,bfNIof1wDf0Adj56ZmaTveTUDGL3X2fvig2mAizEWk-6-_rORRnscXZiTR0QzO3T,atZSgB3l3hp7RtVf3TBEpXHzw4EOeBgHuKq,5b7634ba-5ca3-45bc-b690-23540f96802b,4cd2ddb5-e6af-4076-9c1e-3565fe8ef6c7,Test@123,PASS
619e23fa-f8a8-497f-b978-f36453fec773,cspperf_user20783@cspperf.com,00a291e5-e699-40a3-94ba-fc80b697f486:9bd4e065-e25c-43da-a825-67fbe2e4eaf8,cspperf_user20783@cspperf.com,plBZLMSOFDcaWkXcFxhf-Ib0otGDujQx5HOy3G6668wjVjz7VmxBVTQZdkdM1HWr,atZSgB3l3hp7RtVf3TBEpXHzw4EOeBgHuKq,5b7634ba-5ca3-45bc-b690-23540f96802b,4cd2ddb5-e6af-4076-9c1e-3565fe8ef6c7,Test@123,PASS
619e23fa-f8a8-497f-b978-f36453fec773,cspperf_user20785@cspperf.com,00a291e5-e699-40a3-94ba-fc80b697f486:5f5d4969-bb26-418d-8da9-07180c007449,cspperf_user20785@cspperf.com,J6oqlCgamunfCN29oVn6mBc8Ffs0WUXB3C4Q82evxOxIYQIGKw_8IO4UZeXGW-bc,atZSgB3l3hp7RtVf3TBEpXHzw4EOeBgHuKq,5b7634ba-5ca3-45bc-b690-23540f96802b,4cd2ddb5-e6af-4076-9c1e-3565fe8ef6c7,Test@123,PASS
619e23fa-f8a8-497f-b978-f36453fec773,cspperf_user20788@cspperf.com,00a291e5-e699-40a3-94ba-fc80b697f486:35987038-d206-4445-8fd2-c814badd6b88,cspperf_user20788@cspperf.com,SsWEt6ckTmeP9xyfmT2Lzc5UMXc-ADBZUEZOEViNVuU5QlvJhBrrbEfT6dkV8LMB,atZSgB3l3hp7RtVf3TBEpXHzw4EOeBgHuKq,5b7634ba-5ca3-45bc-b690-23540f96802b,4cd2ddb5-e6af-4076-9c1e-3565fe8ef6c7,Test@123,PASS
619e23fa-f8a8-497f-b978-f36453fec773,cspperf_user20786@cspperf.com,00a291e5-e699-40a3-94ba-fc80b697f486:f6d0b374-7247-4ae2-9990-2c09c5c4d1cc,cspperf_user20786@cspperf.com,XOFJSh23EZinGCRhygQ-G6FP5U_t_ygXK66P69QS9bzvMfe7orjR2_E1Le5RAqIZ,atZSgB3l3hp7RtVf3TBEpXHzw4EOeBgHuKq,5b7634ba-5ca3-45bc-b690-23540f96802b,4cd2ddb5-e6af-4076-9c1e-3565fe8ef6c7,Test@123,PASS
619e23fa-f8a8-497f-b978-f36453fec773,cspperf_user20787@cspperf.com,00a291e5-e699-40a3-94ba-fc80b697f486:1294fb8d-0358-43a5-be0c-eaadf5cfe22c,cspperf_user20787@cspperf.com,1JWQ8PNLbwvTS-mvWzpaTYyhTI4wfJ2AIjqpO7VUbnvAZpXI5pJYVXxSG_y8wVCG,atZSgB3l3hp7RtVf3TBEpXHzw4EOeBgHuKq,5b7634ba-5ca3-45bc-b690-23540f96802b,4cd2ddb5-e6af-4076-9c1e-3565fe8ef6c7,Test@123,PASS
619e23fa-f8a8-497f-b978-f36453fec773,cspperf_user20790@cspperf.com,00a291e5-e699-40a3-94ba-fc80b697f486:3ab29a26-fbb7-4abc-b44b-65a8dfd335c0,cspperf_user20790@cspperf.com,P1sYP8XNizxs3CS2_3sfpbnNxFmDgB9tjY0gdKUzov190iDIO-cUE76-p3IZXn0L,atZSgB3l3hp7RtVf3TBEpXHzw4EOeBgHuKq,5b7634ba-5ca3-45bc-b690-23540f96802b,4cd2ddb5-e6af-4076-9c1e-3565fe8ef6c7,Test@123,PASS
619e23fa-f8a8-497f-b978-f36453fec773,cspperf_user20789@cspperf.com,00a291e5-e699-40a3-94ba-fc80b697f486:0e51b502-1880-45e9-ba63-abf6299d5b7e,cspperf_user20789@cspperf.com,xhuUFOUwI54dm_Ued6RSD9oP5tFbWP0U15eFAsuJ-A0364WiswUX4zHPNpNZ2Qy3,atZSgB3l3hp7RtVf3TBEpXHzw4EOeBgHuKq,5b7634ba-5ca3-45bc-b690-23540f96802b,4cd2ddb5-e6af-4076-9c1e-3565fe8ef6c7,Test@123,PASS
619e23fa-f8a8-497f-b978-f36453fec773,cspperf_user20791@cspperf.com,00a291e5-e699-40a3-94ba-fc80b697f486:6086b258-8ecb-4d4a-abce-5d2fb73557a6,cspperf_user20791@cspperf.com,U-j_xaJRn0-uOdTlhmPitoVepBYR6hb0yHSQ5CE8zaR2G53ou2iP7Ca8N_77Q0gf,atZSgB3l3hp7RtVf3TBEpXHzw4EOeBgHuKq,5b7634ba-5ca3-45bc-b690-23540f96802b,4cd2ddb5-e6af-4076-9c1e-3565fe8ef6c7,Test@123,PASS
619e23fa-f8a8-497f-b978-f36453fec773,cspperf_user20792@cspperf.com,00a291e5-e699-40a3-94ba-fc80b697f486:d5f8ec39-3974-4879-bb61-f0935ad1814b,cspperf_user20792@cspperf.com,FwLxyplPfmE4hKko55m9nF-l-uNhq_LaawgXxtPyLnfXoFyOlnY1Jbxq3k0h2rIU,atZSgB3l3hp7RtVf3TBEpXHzw4EOeBgHuKq,5b7634ba-5ca3-45bc-b690-23540f96802b,4cd2ddb5-e6af-4076-9c1e-3565fe8ef6c7,Test@123,PASS
619e23fa-f8a8-497f-b978-f36453fec773,cspperf_user20793@cspperf.com,00a291e5-e699-40a3-94ba-fc80b697f486:7d193aa9-25f5-4ebe-99f5-c11438de8e83,cspperf_user20793@cspperf.com,e9lGbrGXrLgHWbrORd_0L4uNxxzJ2b-0cNrJi-6Kv9-0l6UIHE_0wYwP0ChReOxB,atZSgB3l3hp7RtVf3TBEpXHzw4EOeBgHuKq,5b7634ba-5ca3-45bc-b690-23540f96802b,4cd2ddb5-e6af-4076-9c1e-3565fe8ef6c7,Test@123,PASS
619e23fa-f8a8-497f-b978-f36453fec773,cspperf_user20796@cspperf.com,00a291e5-e699-40a3-94ba-fc80b697f486:2ba41877-1282-495e-9d5c-33df9b254a46,cspperf_user20796@cspperf.com,1w9PKB9ttUzqgYYeGc59vS2qyLLajwC88KzhDzNUdMCLmQRFCbuBuzWXHEbS7avI,atZSgB3l3hp7RtVf3TBEpXHzw4EOeBgHuKq,5b7634ba-5ca3-45bc-b690-23540f96802b,4cd2ddb5-e6af-4076-9c1e-3565fe8ef6c7,Test@123,PASS
619e23fa-f8a8-497f-b978-f36453fec773,cspperf_user20801@cspperf.com,00a291e5-e699-40a3-94ba-fc80b697f486:714eb1e5-0916-4477-9bf7-f7de4bdb01d8,cspperf_user20801@cspperf.com,mtZ7L8G9vF5eIWRmrVUA5jSt3zfbFlF9lBSno5b6m7L2_1Be2wa8RGdaCQhjMA1o,atZSgB3l3hp7RtVf3TBEpXHzw4EOeBgHuKq,5b7634ba-5ca3-45bc-b690-23540f96802b,4cd2ddb5-e6af-4076-9c1e-3565fe8ef6c7,Test@123,PASS
619e23fa-f8a8-497f-b978-f36453fec773,cspperf_user20797@cspperf.com,00a291e5-e699-40a3-94ba-fc80b697f486:c92878bd-9e26-45bd-8971-2ca219274fff,cspperf_user20797@cspperf.com,OksbqXzAX5MWOmZNLeMbo6IlO-xK6cvtXA1EBYaFrcdrIUrRT63H37C5HxPdMWGp,atZSgB3l3hp7RtVf3TBEpXHzw4EOeBgHuKq,5b7634ba-5ca3-45bc-b690-23540f96802b,4cd2ddb5-e6af-4076-9c1e-3565fe8ef6c7,Test@123,PASS
619e23fa-f8a8-497f-b978-f36453fec773,cspperf_user20795@cspperf.com,00a291e5-e699-40a3-94ba-fc80b697f486:e88be288-95e4-46d6-a15e-849c73774165,cspperf_user20795@cspperf.com,pKHbV19OITStcQxj_PoSL2leOEkfQIYMxfqEAq77JPtzyXEQ025AoMiWhNua_R_w,atZSgB3l3hp7RtVf3TBEpXHzw4EOeBgHuKq,5b7634ba-5ca3-45bc-b690-23540f96802b,4cd2ddb5-e6af-4076-9c1e-3565fe8ef6c7,Test@123,PASS
619e23fa-f8a8-497f-b978-f36453fec773,cspperf_user20794@cspperf.com,00a291e5-e699-40a3-94ba-fc80b697f486:626ba871-bcbd-48e8-9e15-58b71b4759b7,cspperf_user20794@cspperf.com,f7-W2r8hwafawsGmeST3ymvzxm0NIckkAxQbMHKI8LjzNNT4o9IEI7zkusaYJRjB,atZSgB3l3hp7RtVf3TBEpXHzw4EOeBgHuKq,5b7634ba-5ca3-45bc-b690-23540f96802b,4cd2ddb5-e6af-4076-9c1e-3565fe8ef6c7,Test@123,PASS
619e23fa-f8a8-497f-b978-f36453fec773,cspperf_user20798@cspperf.com,00a291e5-e699-40a3-94ba-fc80b697f486:667b058b-cc84-4e9d-b4cc-029394cb9145,cspperf_user20798@cspperf.com,Hp0WMqTX93nuFwso2oZTaSccymOL3TEMxtKWV0cnanuskDJxcQZc4eJkTRYWBP3t,atZSgB3l3hp7RtVf3TBEpXHzw4EOeBgHuKq,5b7634ba-5ca3-45bc-b690-23540f96802b,4cd2ddb5-e6af-4076-9c1e-3565fe8ef6c7,Test@123,PASS
619e23fa-f8a8-497f-b978-f36453fec773,cspperf_user20799@cspperf.com,00a291e5-e699-40a3-94ba-fc80b697f486:a8a29586-5e7b-46a6-8fbf-14cf832cc8d8,cspperf_user20799@cspperf.com,DeH7FF7SaWJP_ov4Z1wXEjWwojUgnOKHKMJ8kY1lxsdDT8ojcILx7xKOgEFEC3un,atZSgB3l3hp7RtVf3TBEpXHzw4EOeBgHuKq,5b7634ba-5ca3-45bc-b690-23540f96802b,4cd2ddb5-e6af-4076-9c1e-3565fe8ef6c7,Test@123,PASS
619e23fa-f8a8-497f-b978-f36453fec773,cspperf_user20803@cspperf.com,00a291e5-e699-40a3-94ba-fc80b697f486:ccb0558d-dbd6-446e-873c-6dbfd1796b5d,cspperf_user20803@cspperf.com,7RP5tJvdyes17dJYU1hU_xe4e0_xmbeURjIZsMUDE4NMTu92W3LGzqu50VONuvuu,atZSgB3l3hp7RtVf3TBEpXHzw4EOeBgHuKq,5b7634ba-5ca3-45bc-b690-23540f96802b,4cd2ddb5-e6af-4076-9c1e-3565fe8ef6c7,Test@123,PASS
619e23fa-f8a8-497f-b978-f36453fec773,cspperf_user20800@cspperf.com,00a291e5-e699-40a3-94ba-fc80b697f486:2fb18eb3-cba6-4f1d-8883-ec5dc46154c2,cspperf_user20800@cspperf.com,QMru7VYekrqtbVrHBQjeUt1kb0XvLQdwu4IpHdmHZ4bxC8AoxDaocPbKP6f-YTg3,atZSgB3l3hp7RtVf3TBEpXHzw4EOeBgHuKq,5b7634ba-5ca3-45bc-b690-23540f96802b,4cd2ddb5-e6af-4076-9c1e-3565fe8ef6c7,Test@123,PASS
46e8bc83-2405-43fe-b680-1ef94a34b10d,cspperf_user20804@cspperf.com,00a291e5-e699-40a3-94ba-fc80b697f486:b7c69da4-cf71-484f-8394-7aeb865c5211,cspperf_user20804@cspperf.com,sOXNCosRhhMwgK-FCLCOQSaGdeATMJ-TZoB6yJ1e6gN6reYug1QUbeXcJ6X5To-m,6LhNnqzLA8N4XCqrPQKDy4kFG361gupfK7c,bf87f306-ef48-4c41-8f8e-0b9ad880c6df,a212d22c-e418-4a2b-b63d-3acc0b0846b0,Test@123,PASS
46e8bc83-2405-43fe-b680-1ef94a34b10d,cspperf_user20805@cspperf.com,00a291e5-e699-40a3-94ba-fc80b697f486:dd17bf01-5ab0-4d02-828a-fefbe87d958b,cspperf_user20805@cspperf.com,2yW1T8-1_6YJv6-Fl2_aKg0VjxEaUB0VUle5t4tY8Z9oADxGa0y-9RrZihvHOKkp,6LhNnqzLA8N4XCqrPQKDy4kFG361gupfK7c,bf87f306-ef48-4c41-8f8e-0b9ad880c6df,a212d22c-e418-4a2b-b63d-3acc0b0846b0,Test@123,PASS
619e23fa-f8a8-497f-b978-f36453fec773,cspperf_user20802@cspperf.com,00a291e5-e699-40a3-94ba-fc80b697f486:3b1a50d8-7c43-4a30-aa74-ec8de61cc565,cspperf_user20802@cspperf.com,ohojXbordbxfOda9dwWA_V9Y078FDRbOW8siAyhMwMpHgYIyab_Fg9qBKCHTMOdc,atZSgB3l3hp7RtVf3TBEpXHzw4EOeBgHuKq,5b7634ba-5ca3-45bc-b690-23540f96802b,4cd2ddb5-e6af-4076-9c1e-3565fe8ef6c7,Test@123,PASS
46e8bc83-2405-43fe-b680-1ef94a34b10d,cspperf_user20806@cspperf.com,00a291e5-e699-40a3-94ba-fc80b697f486:17552fc6-5656-4a21-8065-dd24e6e1e005,cspperf_user20806@cspperf.com,0NcRThSpRKx4RbKP2NCr9tANHnzAudV2rq3hp_IHAzUfiM-EdBcCtiNPbWzRppSC,6LhNnqzLA8N4XCqrPQKDy4kFG361gupfK7c,bf87f306-ef48-4c41-8f8e-0b9ad880c6df,a212d22c-e418-4a2b-b63d-3acc0b0846b0,Test@123,PASS
46e8bc83-2405-43fe-b680-1ef94a34b10d,cspperf_user20807@cspperf.com,00a291e5-e699-40a3-94ba-fc80b697f486:80efb7f5-0030-4ed9-b968-43d4eb787354,cspperf_user20807@cspperf.com,dGGvkej1qE0Vn7IuTNlk0tYViPeQfsmihb4BK3tkPHnb_bcS468NisQtLL0PtGAQ,6LhNnqzLA8N4XCqrPQKDy4kFG361gupfK7c,bf87f306-ef48-4c41-8f8e-0b9ad880c6df,a212d22c-e418-4a2b-b63d-3acc0b0846b0,Test@123,PASS
46e8bc83-2405-43fe-b680-1ef94a34b10d,cspperf_user20808@cspperf.com,00a291e5-e699-40a3-94ba-fc80b697f486:2eade12c-9d05-4247-b59b-ffcefa8b9f81,cspperf_user20808@cspperf.com,fFJdJVtLcpHTXaMIRyzzjX3mLzHlWE9BO-9e1gCEBDiRmM-xaLWJzXxj-mwSjqJY,6LhNnqzLA8N4XCqrPQKDy4kFG361gupfK7c,bf87f306-ef48-4c41-8f8e-0b9ad880c6df,a212d22c-e418-4a2b-b63d-3acc0b0846b0,Test@123,PASS
46e8bc83-2405-43fe-b680-1ef94a34b10d,cspperf_user20809@cspperf.com,00a291e5-e699-40a3-94ba-fc80b697f486:d563f268-1ba5-48d5-9ffb-7216d7bd76b9,cspperf_user20809@cspperf.com,7rgUeJ657wS3BzZmyw-6fNYDSgq6AJjDtatyR_QRCgC3BNJDVEv9nn9MkqJu7EgM,6LhNnqzLA8N4XCqrPQKDy4kFG361gupfK7c,bf87f306-ef48-4c41-8f8e-0b9ad880c6df,a212d22c-e418-4a2b-b63d-3acc0b0846b0,Test@123,PASS
46e8bc83-2405-43fe-b680-1ef94a34b10d,cspperf_user20812@cspperf.com,00a291e5-e699-40a3-94ba-fc80b697f486:19248ebd-4357-4585-85e9-dab4a713e9c1,cspperf_user20812@cspperf.com,NuS3EYXYzzE2ld50w4NyQJBalJL4lC7KrzG6XMK8Crch-d9I2ar__5QzmrSmuKge,6LhNnqzLA8N4XCqrPQKDy4kFG361gupfK7c,bf87f306-ef48-4c41-8f8e-0b9ad880c6df,a212d22c-e418-4a2b-b63d-3acc0b0846b0,Test@123,PASS
46e8bc83-2405-43fe-b680-1ef94a34b10d,cspperf_user20811@cspperf.com,00a291e5-e699-40a3-94ba-fc80b697f486:f542c5f9-15c7-4aaa-b0ad-d696590852d1,cspperf_user20811@cspperf.com,gTAUFiJmpmuHo7PlDoAEKQ4UmAdFf1Hw3oTKdbk8e8YgdClsbOQXzcTA4po1D8Fj,6LhNnqzLA8N4XCqrPQKDy4kFG361gupfK7c,bf87f306-ef48-4c41-8f8e-0b9ad880c6df,a212d22c-e418-4a2b-b63d-3acc0b0846b0,Test@123,PASS
46e8bc83-2405-43fe-b680-1ef94a34b10d,cspperf_user20814@cspperf.com,00a291e5-e699-40a3-94ba-fc80b697f486:ff7fcec0-6d87-4605-9384-d89681fe5618,cspperf_user20814@cspperf.com,aj6sQkuM8uQ922r0vXg4a2rRIJOPkps91e3_9E-ueE_m_BlugaeyM3JLMuIvQKs5,6LhNnqzLA8N4XCqrPQKDy4kFG361gupfK7c,bf87f306-ef48-4c41-8f8e-0b9ad880c6df,a212d22c-e418-4a2b-b63d-3acc0b0846b0,Test@123,PASS
46e8bc83-2405-43fe-b680-1ef94a34b10d,cspperf_user20815@cspperf.com,00a291e5-e699-40a3-94ba-fc80b697f486:79e25881-1cfd-4b79-9ba1-0e8c582f0d0e,cspperf_user20815@cspperf.com,qKs4VFa2R54kK_8JKG0A_tcMIUng4xYNm5pjiKRMzXNlonnw9s0i0LyLrMmh3fpl,6LhNnqzLA8N4XCqrPQKDy4kFG361gupfK7c,bf87f306-ef48-4c41-8f8e-0b9ad880c6df,a212d22c-e418-4a2b-b63d-3acc0b0846b0,Test@123,PASS
46e8bc83-2405-43fe-b680-1ef94a34b10d,cspperf_user20813@cspperf.com,00a291e5-e699-40a3-94ba-fc80b697f486:24a78b46-22ed-4f59-abac-9a52cfb8ec34,cspperf_user20813@cspperf.com,JuonBZKiJX1mTTirTeW9PruKAiPYOqmYVg2Pd3rST61Fa2ADvwFS2JRNPlFyosmA,6LhNnqzLA8N4XCqrPQKDy4kFG361gupfK7c,bf87f306-ef48-4c41-8f8e-0b9ad880c6df,a212d22c-e418-4a2b-b63d-3acc0b0846b0,Test@123,PASS
46e8bc83-2405-43fe-b680-1ef94a34b10d,cspperf_user20816@cspperf.com,00a291e5-e699-40a3-94ba-fc80b697f486:f660ed3e-7d76-47fb-9354-3567a1c43ef8,cspperf_user20816@cspperf.com,lXKG-S42Z5cL-t3ru-mKiOauGmnviMms51My6yXnRuMUXX4GJs3qiOhobbQcwY_A,6LhNnqzLA8N4XCqrPQKDy4kFG361gupfK7c,bf87f306-ef48-4c41-8f8e-0b9ad880c6df,a212d22c-e418-4a2b-b63d-3acc0b0846b0,Test@123,PASS
46e8bc83-2405-43fe-b680-1ef94a34b10d,cspperf_user20817@cspperf.com,00a291e5-e699-40a3-94ba-fc80b697f486:c5890f45-d2c1-43fe-a7c6-b89ff9636d96,cspperf_user20817@cspperf.com,3V3zTjzK7zPDlndZGPKpneEsCV6bkcuEgMZmPmw9drwrihiHJOgGDkyaPZV2UFIF,6LhNnqzLA8N4XCqrPQKDy4kFG361gupfK7c,bf87f306-ef48-4c41-8f8e-0b9ad880c6df,a212d22c-e418-4a2b-b63d-3acc0b0846b0,Test@123,PASS
46e8bc83-2405-43fe-b680-1ef94a34b10d,cspperf_user20818@cspperf.com,00a291e5-e699-40a3-94ba-fc80b697f486:341cfb04-80d6-45ab-8d3e-42620f4b48ba,cspperf_user20818@cspperf.com,GQbGPzx9moD9iFthzlUfxkSBOAaEx8WfMF2ubj54iChrV9P4v2FUWcnEfrUTcI2Z,6LhNnqzLA8N4XCqrPQKDy4kFG361gupfK7c,bf87f306-ef48-4c41-8f8e-0b9ad880c6df,a212d22c-e418-4a2b-b63d-3acc0b0846b0,Test@123,PASS
46e8bc83-2405-43fe-b680-1ef94a34b10d,cspperf_user20820@cspperf.com,00a291e5-e699-40a3-94ba-fc80b697f486:b056348a-7b24-419e-b35a-e44f47403df9,cspperf_user20820@cspperf.com,hFM-WHoB6M237MbIp3aq9peeSVjMmymQ9r3OVw0mnZmhIIXrkQTuUoCZxtiwUwbK,6LhNnqzLA8N4XCqrPQKDy4kFG361gupfK7c,bf87f306-ef48-4c41-8f8e-0b9ad880c6df,a212d22c-e418-4a2b-b63d-3acc0b0846b0,Test@123,PASS
46e8bc83-2405-43fe-b680-1ef94a34b10d,cspperf_user20819@cspperf.com,00a291e5-e699-40a3-94ba-fc80b697f486:2e4e0878-410c-470c-a631-ac7ce83155d4,cspperf_user20819@cspperf.com,0_G5O134Z-xXLwukua4MbBxRyMoc-ov4hkjI-Wiwmv5Vw-_Xe84ehWLdMKkwLjQp,6LhNnqzLA8N4XCqrPQKDy4kFG361gupfK7c,bf87f306-ef48-4c41-8f8e-0b9ad880c6df,a212d22c-e418-4a2b-b63d-3acc0b0846b0,Test@123,PASS
46e8bc83-2405-43fe-b680-1ef94a34b10d,cspperf_user20810@cspperf.com,00a291e5-e699-40a3-94ba-fc80b697f486:316e2f29-70a2-47b8-ae87-924c101aacc9,cspperf_user20810@cspperf.com,L7H4RWDIEMTm4lvm41YtRydBuXEnzanImJH7H1OYijOyFV1xiDdMal34HEakCpNN,6LhNnqzLA8N4XCqrPQKDy4kFG361gupfK7c,bf87f306-ef48-4c41-8f8e-0b9ad880c6df,a212d22c-e418-4a2b-b63d-3acc0b0846b0,Test@123,PASS
46e8bc83-2405-43fe-b680-1ef94a34b10d,cspperf_user20821@cspperf.com,00a291e5-e699-40a3-94ba-fc80b697f486:ac8204b3-2292-4685-86ba-a41822a935f5,cspperf_user20821@cspperf.com,gf6PKkqUJfqQcqFXHIMAXmB7_F5J8aEzlwOCdBoa9XAR6lCCI5sl9H5Trpk8S877,6LhNnqzLA8N4XCqrPQKDy4kFG361gupfK7c,bf87f306-ef48-4c41-8f8e-0b9ad880c6df,a212d22c-e418-4a2b-b63d-3acc0b0846b0,Test@123,PASS
46e8bc83-2405-43fe-b680-1ef94a34b10d,cspperf_user20822@cspperf.com,00a291e5-e699-40a3-94ba-fc80b697f486:1dd80e22-18a3-47a6-89fa-f65640a692dd,cspperf_user20822@cspperf.com,fKXKDyLWoh7_I8MKxW7-phtv12oGPgVOSNVZqaX4HA7WaleBlsKiULhv8It32CqP,6LhNnqzLA8N4XCqrPQKDy4kFG361gupfK7c,bf87f306-ef48-4c41-8f8e-0b9ad880c6df,a212d22c-e418-4a2b-b63d-3acc0b0846b0,Test@123,PASS
46e8bc83-2405-43fe-b680-1ef94a34b10d,cspperf_user20823@cspperf.com,00a291e5-e699-40a3-94ba-fc80b697f486:99e8eaf7-6e3c-4fec-af7c-ca34cd829122,cspperf_user20823@cspperf.com,rFsqX-pYaDLU9Bhh83L41VQyOLpxKfjC_dHXIvfOHAKpeWQGL70vA6ICzcH7X6Je,6LhNnqzLA8N4XCqrPQKDy4kFG361gupfK7c,bf87f306-ef48-4c41-8f8e-0b9ad880c6df,a212d22c-e418-4a2b-b63d-3acc0b0846b0,Test@123,PASS
46e8bc83-2405-43fe-b680-1ef94a34b10d,cspperf_user20824@cspperf.com,00a291e5-e699-40a3-94ba-fc80b697f486:6b9adda1-3b2c-46e5-92f7-2d6348be2cde,cspperf_user20824@cspperf.com,RLsLoVXoe0PA-ouP-H5RlInm9jx_XiyMiFUsYax6nrZb943NUnEhO2ZWp5ufARj1,6LhNnqzLA8N4XCqrPQKDy4kFG361gupfK7c,bf87f306-ef48-4c41-8f8e-0b9ad880c6df,a212d22c-e418-4a2b-b63d-3acc0b0846b0,Test@123,PASS
46e8bc83-2405-43fe-b680-1ef94a34b10d,cspperf_user20829@cspperf.com,00a291e5-e699-40a3-94ba-fc80b697f486:51af9411-ae79-4f57-9a56-aa08bbe780d3,cspperf_user20829@cspperf.com,kkcTp3wNieYoYqmu292eF_PjGcF0OfxXDmUKiIuaCxOx6wf0WSCa2JA6cM47RHHY,6LhNnqzLA8N4XCqrPQKDy4kFG361gupfK7c,bf87f306-ef48-4c41-8f8e-0b9ad880c6df,a212d22c-e418-4a2b-b63d-3acc0b0846b0,Test@123,PASS
46e8bc83-2405-43fe-b680-1ef94a34b10d,cspperf_user20826@cspperf.com,00a291e5-e699-40a3-94ba-fc80b697f486:bd39297c-e672-407a-9335-d79ece13910c,cspperf_user20826@cspperf.com,bdY2USlYDyRK_KKjG8Mj37q5ndZP6NoHLwWOTTJOkDW_wMks18rPUKZpgTsEJ5dE,6LhNnqzLA8N4XCqrPQKDy4kFG361gupfK7c,bf87f306-ef48-4c41-8f8e-0b9ad880c6df,a212d22c-e418-4a2b-b63d-3acc0b0846b0,Test@123,PASS
46e8bc83-2405-43fe-b680-1ef94a34b10d,cspperf_user20828@cspperf.com,00a291e5-e699-40a3-94ba-fc80b697f486:3dd58826-daa9-479e-8cb1-d7492f7e3b4c,cspperf_user20828@cspperf.com,d6ozUxxStbs7MJAN7VpUtxf2fPCCyeHg8u148A1jsgcSVQIgwbgSZxHywsso5ivX,6LhNnqzLA8N4XCqrPQKDy4kFG361gupfK7c,bf87f306-ef48-4c41-8f8e-0b9ad880c6df,a212d22c-e418-4a2b-b63d-3acc0b0846b0,Test@123,PASS
46e8bc83-2405-43fe-b680-1ef94a34b10d,cspperf_user20830@cspperf.com,00a291e5-e699-40a3-94ba-fc80b697f486:5ecb1f4d-6a11-4741-b4e2-79b111426e00,cspperf_user20830@cspperf.com,wKkjkdSEMGG3-mbG-59jq9arxMFnkOoDcblIUyOKTQOmzNsqWoK7_qtp-_JP5AVh,6LhNnqzLA8N4XCqrPQKDy4kFG361gupfK7c,bf87f306-ef48-4c41-8f8e-0b9ad880c6df,a212d22c-e418-4a2b-b63d-3acc0b0846b0,Test@123,PASS
46e8bc83-2405-43fe-b680-1ef94a34b10d,cspperf_user20825@cspperf.com,00a291e5-e699-40a3-94ba-fc80b697f486:70e73a6a-5f39-4b66-8f04-75da9d812cf7,cspperf_user20825@cspperf.com,qzv1W2rSeXb0qADrt0ABh0Ga3ml9zIHyrl3PTd46AhQaqBqrQN4DI2Yj0qrlKzKQ,6LhNnqzLA8N4XCqrPQKDy4kFG361gupfK7c,bf87f306-ef48-4c41-8f8e-0b9ad880c6df,a212d22c-e418-4a2b-b63d-3acc0b0846b0,Test@123,PASS
46e8bc83-2405-43fe-b680-1ef94a34b10d,cspperf_user20827@cspperf.com,00a291e5-e699-40a3-94ba-fc80b697f486:4daf0504-ab9e-42c6-a06d-ccaec223ff4f,cspperf_user20827@cspperf.com,6W6nB11M8JR_KgU6K-9SLxUcBCoJz1tNChO9aPSpTZQX_p1DnWmsN8hbqk8M_TB0,6LhNnqzLA8N4XCqrPQKDy4kFG361gupfK7c,bf87f306-ef48-4c41-8f8e-0b9ad880c6df,a212d22c-e418-4a2b-b63d-3acc0b0846b0,Test@123,PASS
46e8bc83-2405-43fe-b680-1ef94a34b10d,cspperf_user20832@cspperf.com,00a291e5-e699-40a3-94ba-fc80b697f486:430b6a73-27af-4839-bc6f-c07052605ccf,cspperf_user20832@cspperf.com,yWp3WfuKxmqew-v-5wgV7z9DZ3TU8oKIaUZ24w2l5mwkheZgKn_A83Q8pcyHMVDZ,6LhNnqzLA8N4XCqrPQKDy4kFG361gupfK7c,bf87f306-ef48-4c41-8f8e-0b9ad880c6df,a212d22c-e418-4a2b-b63d-3acc0b0846b0,Test@123,PASS
46e8bc83-2405-43fe-b680-1ef94a34b10d,cspperf_user20831@cspperf.com,00a291e5-e699-40a3-94ba-fc80b697f486:3836e7a5-7566-4b72-95bd-1c78795803ce,cspperf_user20831@cspperf.com,5Lr5fFbnphqzi-TQWhwij9CjGGpYRCx5PesySk99BFEtbtjXCBQsLsYKB51m1VEt,6LhNnqzLA8N4XCqrPQKDy4kFG361gupfK7c,bf87f306-ef48-4c41-8f8e-0b9ad880c6df,a212d22c-e418-4a2b-b63d-3acc0b0846b0,Test@123,PASS
46e8bc83-2405-43fe-b680-1ef94a34b10d,cspperf_user20835@cspperf.com,00a291e5-e699-40a3-94ba-fc80b697f486:854a47fc-cf78-4fdf-9042-8004ed9ef5b9,cspperf_user20835@cspperf.com,P1JAIEsEG4CXL62cTyyUfNfxAqOC0UvMlJJJ9W6UssSIunA_7Y54HDxhSP59xqtp,6LhNnqzLA8N4XCqrPQKDy4kFG361gupfK7c,bf87f306-ef48-4c41-8f8e-0b9ad880c6df,a212d22c-e418-4a2b-b63d-3acc0b0846b0,Test@123,PASS
46e8bc83-2405-43fe-b680-1ef94a34b10d,cspperf_user20833@cspperf.com,00a291e5-e699-40a3-94ba-fc80b697f486:9c953e94-766c-4367-bb59-95b745c6e5b6,cspperf_user20833@cspperf.com,8imDFnQNVWZKH6voEuuKVHvUTUnw_J_Lr55qJRiT3ztH3rhK34cNQvb_DRIvow5t,6LhNnqzLA8N4XCqrPQKDy4kFG361gupfK7c,bf87f306-ef48-4c41-8f8e-0b9ad880c6df,a212d22c-e418-4a2b-b63d-3acc0b0846b0,Test@123,PASS
46e8bc83-2405-43fe-b680-1ef94a34b10d,cspperf_user20836@cspperf.com,00a291e5-e699-40a3-94ba-fc80b697f486:c29ea2c6-b932-4efc-bdaa-002b27b21a95,cspperf_user20836@cspperf.com,TrQhBnOCFwHZWl_aVy-OI2PJxwkDmsZIohHpP2cO-jsyjzkcWMo283mMZZbVEJft,6LhNnqzLA8N4XCqrPQKDy4kFG361gupfK7c,bf87f306-ef48-4c41-8f8e-0b9ad880c6df,a212d22c-e418-4a2b-b63d-3acc0b0846b0,Test@123,PASS
46e8bc83-2405-43fe-b680-1ef94a34b10d,cspperf_user20837@cspperf.com,00a291e5-e699-40a3-94ba-fc80b697f486:abb48171-c43d-41c4-b515-f27c1d1bc961,cspperf_user20837@cspperf.com,RqHNOMLoP3OQiGYn4LvhCkhj-2Jy0s2ysMUCESeMqaxZIqkLSQjBXrhrjccFkKj7,6LhNnqzLA8N4XCqrPQKDy4kFG361gupfK7c,bf87f306-ef48-4c41-8f8e-0b9ad880c6df,a212d22c-e418-4a2b-b63d-3acc0b0846b0,Test@123,PASS
46e8bc83-2405-43fe-b680-1ef94a34b10d,cspperf_user20843@cspperf.com,00a291e5-e699-40a3-94ba-fc80b697f486:203ec6ea-b513-4b37-9c14-1ef27543555f,cspperf_user20843@cspperf.com,zV8IYV1lP2xjXVjZ-dhlQyCEvk07dmyqdW78y8Gya04fJzVHo3GlyOdfp2Y8GdTi,6LhNnqzLA8N4XCqrPQKDy4kFG361gupfK7c,bf87f306-ef48-4c41-8f8e-0b9ad880c6df,a212d22c-e418-4a2b-b63d-3acc0b0846b0,Test@123,PASS
46e8bc83-2405-43fe-b680-1ef94a34b10d,cspperf_user20834@cspperf.com,00a291e5-e699-40a3-94ba-fc80b697f486:de7cc304-ac19-41b2-83f2-c27277c5a869,cspperf_user20834@cspperf.com,oN-PDNS7avZyR7URbKsosDxnczaBIz_tMZf1uc-IY1Vlb5Pw_48WAn43u-5NTwCt,6LhNnqzLA8N4XCqrPQKDy4kFG361gupfK7c,bf87f306-ef48-4c41-8f8e-0b9ad880c6df,a212d22c-e418-4a2b-b63d-3acc0b0846b0,Test@123,PASS
46e8bc83-2405-43fe-b680-1ef94a34b10d,cspperf_user20844@cspperf.com,00a291e5-e699-40a3-94ba-fc80b697f486:5137d9a7-e140-47b7-ae0e-03b6940f893e,cspperf_user20844@cspperf.com,UNa0WdyU9O0bBk8Rm9bTEgQeuqg53Xsbe1rlNxb9x5R6l9WzscUbNWIvJ1Um-EwQ,6LhNnqzLA8N4XCqrPQKDy4kFG361gupfK7c,bf87f306-ef48-4c41-8f8e-0b9ad880c6df,a212d22c-e418-4a2b-b63d-3acc0b0846b0,Test@123,PASS
46e8bc83-2405-43fe-b680-1ef94a34b10d,cspperf_user20839@cspperf.com,00a291e5-e699-40a3-94ba-fc80b697f486:80f5b63d-7aef-485b-9601-049f18eec1a8,cspperf_user20839@cspperf.com,fR60TdVQzE_7Bzf4CWZfrLeBFtlkLy24ujgXLf4xPFzyeWWBKZdEktkndkotiUGO,6LhNnqzLA8N4XCqrPQKDy4kFG361gupfK7c,bf87f306-ef48-4c41-8f8e-0b9ad880c6df,a212d22c-e418-4a2b-b63d-3acc0b0846b0,Test@123,PASS
46e8bc83-2405-43fe-b680-1ef94a34b10d,cspperf_user20840@cspperf.com,00a291e5-e699-40a3-94ba-fc80b697f486:c287c0ba-4ba7-43bb-8a4e-706922903d0b,cspperf_user20840@cspperf.com,oHX1fveEQ0IX0fCZKIffFfj1qAGo9UxD0ZV2ga8URflQGv4DUKlcjEqSoHdUtLeP,6LhNnqzLA8N4XCqrPQKDy4kFG361gupfK7c,bf87f306-ef48-4c41-8f8e-0b9ad880c6df,a212d22c-e418-4a2b-b63d-3acc0b0846b0,Test@123,PASS
46e8bc83-2405-43fe-b680-1ef94a34b10d,cspperf_user20838@cspperf.com,00a291e5-e699-40a3-94ba-fc80b697f486:49adf448-894b-4394-8473-689b4794ed5a,cspperf_user20838@cspperf.com,OTNMtcQLQR_yLgoJSbrMYxQcovQ0HV0BdyW-h9jNQx4ncCTIlP64YIpKxEm_3d_v,6LhNnqzLA8N4XCqrPQKDy4kFG361gupfK7c,bf87f306-ef48-4c41-8f8e-0b9ad880c6df,a212d22c-e418-4a2b-b63d-3acc0b0846b0,Test@123,PASS
46e8bc83-2405-43fe-b680-1ef94a34b10d,cspperf_user20847@cspperf.com,00a291e5-e699-40a3-94ba-fc80b697f486:13b106fa-8e42-4a6a-a38c-d0c1d33f9928,cspperf_user20847@cspperf.com,aaZFRcpL2-_AAtn-VIuSnaZ6RrQhkRxtGJbNihyhT2y4mvRp9Sx4UobXyTlW9hhD,6LhNnqzLA8N4XCqrPQKDy4kFG361gupfK7c,bf87f306-ef48-4c41-8f8e-0b9ad880c6df,a212d22c-e418-4a2b-b63d-3acc0b0846b0,Test@123,PASS
46e8bc83-2405-43fe-b680-1ef94a34b10d,cspperf_user20846@cspperf.com,00a291e5-e699-40a3-94ba-fc80b697f486:284fc71c-26a8-4901-9790-14fbd4fed756,cspperf_user20846@cspperf.com,SG96eEXVwKZbYBAexVgBBY3dm0wyTnI-zUfEd_dYtK7ti2CywjO5obIZTRmTv8F2,6LhNnqzLA8N4XCqrPQKDy4kFG361gupfK7c,bf87f306-ef48-4c41-8f8e-0b9ad880c6df,a212d22c-e418-4a2b-b63d-3acc0b0846b0,Test@123,PASS
46e8bc83-2405-43fe-b680-1ef94a34b10d,cspperf_user20842@cspperf.com,00a291e5-e699-40a3-94ba-fc80b697f486:d420038f-339a-4cc4-9025-60eb6c2ec730,cspperf_user20842@cspperf.com,Ce4W_vKw91Sf2puUgFrsiFPnyLicbyLJg1n2z9KyqNQ06ksYUwj6ZMzUzmX9bPjb,6LhNnqzLA8N4XCqrPQKDy4kFG361gupfK7c,bf87f306-ef48-4c41-8f8e-0b9ad880c6df,a212d22c-e418-4a2b-b63d-3acc0b0846b0,Test@123,PASS
46e8bc83-2405-43fe-b680-1ef94a34b10d,cspperf_user20845@cspperf.com,00a291e5-e699-40a3-94ba-fc80b697f486:32d12738-8595-4610-8bc6-4b8fc5371245,cspperf_user20845@cspperf.com,1DmiPIL2DHxESHQeKDoj03_VMlOIGJT3dTyOzey24MjjCm4JIMEVpH8sEJEVGaRF,6LhNnqzLA8N4XCqrPQKDy4kFG361gupfK7c,bf87f306-ef48-4c41-8f8e-0b9ad880c6df,a212d22c-e418-4a2b-b63d-3acc0b0846b0,Test@123,PASS
46e8bc83-2405-43fe-b680-1ef94a34b10d,cspperf_user20849@cspperf.com,00a291e5-e699-40a3-94ba-fc80b697f486:0f609b55-75a9-431b-a352-47c5a5c8d069,cspperf_user20849@cspperf.com,u0X1yd2rrsafBbJHFb0MzBZm4MtH16Ciqiz76Mqr-8ec9e7BuU_FGNcrOImYEQOk,6LhNnqzLA8N4XCqrPQKDy4kFG361gupfK7c,bf87f306-ef48-4c41-8f8e-0b9ad880c6df,a212d22c-e418-4a2b-b63d-3acc0b0846b0,Test@123,PASS
46e8bc83-2405-43fe-b680-1ef94a34b10d,cspperf_user20841@cspperf.com,00a291e5-e699-40a3-94ba-fc80b697f486:0e2ef1af-3409-425a-be07-5cbb02775a6e,cspperf_user20841@cspperf.com,LHqZkYOfBA9jU77faFVwNKN7h1p4lr5FnYlOAz7Lr0kzO_PlhF9hohvqZpCV9BwU,6LhNnqzLA8N4XCqrPQKDy4kFG361gupfK7c,bf87f306-ef48-4c41-8f8e-0b9ad880c6df,a212d22c-e418-4a2b-b63d-3acc0b0846b0,Test@123,PASS
46e8bc83-2405-43fe-b680-1ef94a34b10d,cspperf_user20848@cspperf.com,00a291e5-e699-40a3-94ba-fc80b697f486:b364db59-2cbe-486b-995a-a288fbdb3a86,cspperf_user20848@cspperf.com,hPGw4OVQ_lFsn08-aBW3CtdW2PtwqmhG6d1YM6GXZtwmH4P8wYM7uy5Mmy3O6nu6,6LhNnqzLA8N4XCqrPQKDy4kFG361gupfK7c,bf87f306-ef48-4c41-8f8e-0b9ad880c6df,a212d22c-e418-4a2b-b63d-3acc0b0846b0,Test@123,PASS
46e8bc83-2405-43fe-b680-1ef94a34b10d,cspperf_user20852@cspperf.com,00a291e5-e699-40a3-94ba-fc80b697f486:7d336ba8-6752-44b1-9ac7-5078cefcc19c,cspperf_user20852@cspperf.com,NGsnhyM82TY5CEYNd0udpFiQPFYLN3vMNTFqWU6hvAxVhduEymx6zJiIBVdf_AHs,6LhNnqzLA8N4XCqrPQKDy4kFG361gupfK7c,bf87f306-ef48-4c41-8f8e-0b9ad880c6df,a212d22c-e418-4a2b-b63d-3acc0b0846b0,Test@123,PASS
46e8bc83-2405-43fe-b680-1ef94a34b10d,cspperf_user20850@cspperf.com,00a291e5-e699-40a3-94ba-fc80b697f486:587687e3-7abf-45ae-9dc1-14b47deda5a4,cspperf_user20850@cspperf.com,ADSYBnHC-l9fHdDzw6cm3LQ-NCGfepOECgaLXFndMQHFN8wA83F7EyLZTyPRQX8A,6LhNnqzLA8N4XCqrPQKDy4kFG361gupfK7c,bf87f306-ef48-4c41-8f8e-0b9ad880c6df,a212d22c-e418-4a2b-b63d-3acc0b0846b0,Test@123,PASS
781acb05-138d-4b8b-b0e9-07d26c3f024d,cspperf_user20854@cspperf.com,00a291e5-e699-40a3-94ba-fc80b697f486:3203446a-e5eb-4f26-83a2-2f10dfac0700,cspperf_user20854@cspperf.com,PWP_gTXsqpKvfb1kGK6e4N5yaYepwoDjhuMVMG5_SB3z4zKPP58YvET9JveQR75k,rKvy7X6x04vqXo0ITCTskRpLMRNQzFrsZ85,e3063a25-c407-4648-a72e-bee284c1c48e,47363cb4-a9cb-4102-ba21-2b31ca00e087,Test@123,PASS
46e8bc83-2405-43fe-b680-1ef94a34b10d,cspperf_user20851@cspperf.com,00a291e5-e699-40a3-94ba-fc80b697f486:bb1a07e2-80ca-490b-8ec9-78852de5c90c,cspperf_user20851@cspperf.com,1TGJBjf7ZGpD03_jsVvaN7E7sy4-9fzHpUySgG1EuTAnMBglmNi0V1zDHZRL4R5T,6LhNnqzLA8N4XCqrPQKDy4kFG361gupfK7c,bf87f306-ef48-4c41-8f8e-0b9ad880c6df,a212d22c-e418-4a2b-b63d-3acc0b0846b0,Test@123,PASS
781acb05-138d-4b8b-b0e9-07d26c3f024d,cspperf_user20856@cspperf.com,00a291e5-e699-40a3-94ba-fc80b697f486:236e8310-daef-4775-8fa7-b9a0391bfe8c,cspperf_user20856@cspperf.com,JPO4wTrycOIp6GwP2iiGdh4WWBfVV7b6nGs6UkamXL-lomhHf8P03VUX-I8_FZri,rKvy7X6x04vqXo0ITCTskRpLMRNQzFrsZ85,e3063a25-c407-4648-a72e-bee284c1c48e,47363cb4-a9cb-4102-ba21-2b31ca00e087,Test@123,PASS
781acb05-138d-4b8b-b0e9-07d26c3f024d,cspperf_user20855@cspperf.com,00a291e5-e699-40a3-94ba-fc80b697f486:bc2790da-c5ca-433b-bfbb-6a3395147c69,cspperf_user20855@cspperf.com,WiSJhZf-jFgU-cfxS4icNAdgRlwYv-YNSjXMO07O18i5Z9ax2oDhGXqYNyRI-Z7X,rKvy7X6x04vqXo0ITCTskRpLMRNQzFrsZ85,e3063a25-c407-4648-a72e-bee284c1c48e,47363cb4-a9cb-4102-ba21-2b31ca00e087,Test@123,PASS
781acb05-138d-4b8b-b0e9-07d26c3f024d,cspperf_user20860@cspperf.com,00a291e5-e699-40a3-94ba-fc80b697f486:7c3b8717-0515-47b2-9146-5a21ccc96641,cspperf_user20860@cspperf.com,jv4eqSNH4ONQAzlmbzfXOxSbo-laZ1vJkfv0s2gbhg6MyONC75kO7s0t1b-9CJCq,rKvy7X6x04vqXo0ITCTskRpLMRNQzFrsZ85,e3063a25-c407-4648-a72e-bee284c1c48e,47363cb4-a9cb-4102-ba21-2b31ca00e087,Test@123,PASS
781acb05-138d-4b8b-b0e9-07d26c3f024d,cspperf_user20857@cspperf.com,00a291e5-e699-40a3-94ba-fc80b697f486:5c39778d-86ca-44c6-bf83-fa6f04cc539f,cspperf_user20857@cspperf.com,zZHPT-PY04uZUnyMm5Ny--05RLNRxxbeSFtlcZ_UYoN-X1EGjHDnbLZSAqUOC7I4,rKvy7X6x04vqXo0ITCTskRpLMRNQzFrsZ85,e3063a25-c407-4648-a72e-bee284c1c48e,47363cb4-a9cb-4102-ba21-2b31ca00e087,Test@123,PASS
781acb05-138d-4b8b-b0e9-07d26c3f024d,cspperf_user20862@cspperf.com,00a291e5-e699-40a3-94ba-fc80b697f486:f5181124-ed63-49d6-92c9-ec2118663076,cspperf_user20862@cspperf.com,YlzYlxVJPT0135jhtl6ONyJJn7jvatLTXU03_CrClhYNBQzNrtRy_RDZn0JonByK,rKvy7X6x04vqXo0ITCTskRpLMRNQzFrsZ85,e3063a25-c407-4648-a72e-bee284c1c48e,47363cb4-a9cb-4102-ba21-2b31ca00e087,Test@123,PASS
781acb05-138d-4b8b-b0e9-07d26c3f024d,cspperf_user20861@cspperf.com,00a291e5-e699-40a3-94ba-fc80b697f486:4e6a3489-1b83-477c-8618-8f456e1a4454,cspperf_user20861@cspperf.com,ZovTMgibHH2etjY-Kes_JSSALc4qnFM17iKVkP_1HNsjR-Kw_IlvbGrKaBj0aIJi,rKvy7X6x04vqXo0ITCTskRpLMRNQzFrsZ85,e3063a25-c407-4648-a72e-bee284c1c48e,47363cb4-a9cb-4102-ba21-2b31ca00e087,Test@123,PASS
781acb05-138d-4b8b-b0e9-07d26c3f024d,cspperf_user20858@cspperf.com,00a291e5-e699-40a3-94ba-fc80b697f486:93700544-06ba-4748-a914-88fbe98d4944,cspperf_user20858@cspperf.com,_uuxpHPM-uFE3MPypoJUr3H7pLVCwhvnJuznk3jt5V3LkYZ7sqa02mkK2plDWH5w,rKvy7X6x04vqXo0ITCTskRpLMRNQzFrsZ85,e3063a25-c407-4648-a72e-bee284c1c48e,47363cb4-a9cb-4102-ba21-2b31ca00e087,Test@123,PASS
781acb05-138d-4b8b-b0e9-07d26c3f024d,cspperf_user20859@cspperf.com,00a291e5-e699-40a3-94ba-fc80b697f486:0f3aea85-3739-4509-b118-43f8c9f271eb,cspperf_user20859@cspperf.com,53Q2XkWSX6t0C7Vv7oM1CMWvHlN1xa9PtHnv8VRLqsqM-LKOe6ZhTEMSSRC6H4P0,rKvy7X6x04vqXo0ITCTskRpLMRNQzFrsZ85,e3063a25-c407-4648-a72e-bee284c1c48e,47363cb4-a9cb-4102-ba21-2b31ca00e087,Test@123,PASS
781acb05-138d-4b8b-b0e9-07d26c3f024d,cspperf_user20863@cspperf.com,00a291e5-e699-40a3-94ba-fc80b697f486:0b9a8a50-a78c-402a-9a8b-915bf1e324ae,cspperf_user20863@cspperf.com,OxrmTngQo1zyzQx6G3BWKCyjrGnZj5o6cL6-rMSFceJxx4pjwvTUgcCNfk3u0YyK,rKvy7X6x04vqXo0ITCTskRpLMRNQzFrsZ85,e3063a25-c407-4648-a72e-bee284c1c48e,47363cb4-a9cb-4102-ba21-2b31ca00e087,Test@123,PASS
781acb05-138d-4b8b-b0e9-07d26c3f024d,cspperf_user20864@cspperf.com,00a291e5-e699-40a3-94ba-fc80b697f486:70264b4d-c3e0-4e94-9c32-52ade60586f2,cspperf_user20864@cspperf.com,QPna_u9fqvrH27Fy2LCYsFVt81K88ROO5igjDiTPb9CdcypjWtwygtVe68sJbaRV,rKvy7X6x04vqXo0ITCTskRpLMRNQzFrsZ85,e3063a25-c407-4648-a72e-bee284c1c48e,47363cb4-a9cb-4102-ba21-2b31ca00e087,Test@123,PASS
781acb05-138d-4b8b-b0e9-07d26c3f024d,cspperf_user20866@cspperf.com,00a291e5-e699-40a3-94ba-fc80b697f486:a559fce7-de2f-4611-a013-018b73a8b9c4,cspperf_user20866@cspperf.com,JqfWG609EWDiXqNsrtB0O4BmFCcHpTlcdMWekjbqrsdmLdeNmUuVmQge5E2fUmbS,rKvy7X6x04vqXo0ITCTskRpLMRNQzFrsZ85,e3063a25-c407-4648-a72e-bee284c1c48e,47363cb4-a9cb-4102-ba21-2b31ca00e087,Test@123,PASS
781acb05-138d-4b8b-b0e9-07d26c3f024d,cspperf_user20865@cspperf.com,00a291e5-e699-40a3-94ba-fc80b697f486:453f1fed-f7bc-4877-a39f-7af2e398892a,cspperf_user20865@cspperf.com,EkoFi6ZAHl2iLnqHQZj7v0NHjDlM8C0WNJHnmmKdv4TcnH3JTSJlV0wXuidu0J-9,rKvy7X6x04vqXo0ITCTskRpLMRNQzFrsZ85,e3063a25-c407-4648-a72e-bee284c1c48e,47363cb4-a9cb-4102-ba21-2b31ca00e087,Test@123,PASS
781acb05-138d-4b8b-b0e9-07d26c3f024d,cspperf_user20867@cspperf.com,00a291e5-e699-40a3-94ba-fc80b697f486:21ecbf65-949b-4d2c-b2ff-f995e19c27f0,cspperf_user20867@cspperf.com,fBwNBBbtgbenS-20sv_SKhNOKa8xeg0qbCCsX5sPiozIseK0iGkZzTTlajCmrfiR,rKvy7X6x04vqXo0ITCTskRpLMRNQzFrsZ85,e3063a25-c407-4648-a72e-bee284c1c48e,47363cb4-a9cb-4102-ba21-2b31ca00e087,Test@123,PASS
781acb05-138d-4b8b-b0e9-07d26c3f024d,cspperf_user20871@cspperf.com,00a291e5-e699-40a3-94ba-fc80b697f486:b2504b01-71cd-425a-ac50-d78ca8835e6f,cspperf_user20871@cspperf.com,wuz6OLDzrM3EPxUhXybHLKgeuRfhYSojw0tTAZFa2pM4ygPOGISMH0O0dX347vrW,rKvy7X6x04vqXo0ITCTskRpLMRNQzFrsZ85,e3063a25-c407-4648-a72e-bee284c1c48e,47363cb4-a9cb-4102-ba21-2b31ca00e087,Test@123,PASS
781acb05-138d-4b8b-b0e9-07d26c3f024d,cspperf_user20872@cspperf.com,00a291e5-e699-40a3-94ba-fc80b697f486:8c1417ea-3c59-40ef-a3ce-83007c50f776,cspperf_user20872@cspperf.com,JggJAV3hu6I5yD6PixgkwOr1UqszMb4GbVVCavef4zZmz7Or5-9IU7-AbgHak5_v,rKvy7X6x04vqXo0ITCTskRpLMRNQzFrsZ85,e3063a25-c407-4648-a72e-bee284c1c48e,47363cb4-a9cb-4102-ba21-2b31ca00e087,Test@123,PASS
781acb05-138d-4b8b-b0e9-07d26c3f024d,cspperf_user20868@cspperf.com,00a291e5-e699-40a3-94ba-fc80b697f486:9df87477-b4d8-4b8b-9e8b-aa5b5056ce75,cspperf_user20868@cspperf.com,VhTiK2kSCJv83xhsP-rEx_CA2gW-fYFn4_uJFvFH1abkUb99nlApObAyTMr843Py,rKvy7X6x04vqXo0ITCTskRpLMRNQzFrsZ85,e3063a25-c407-4648-a72e-bee284c1c48e,47363cb4-a9cb-4102-ba21-2b31ca00e087,Test@123,PASS
781acb05-138d-4b8b-b0e9-07d26c3f024d,cspperf_user20869@cspperf.com,00a291e5-e699-40a3-94ba-fc80b697f486:efa0976d-8014-4e43-8510-9b4f481d51a2,cspperf_user20869@cspperf.com,GgUPJbgqshtW8GTY5AHqK6VCOlTZ-Kez_FCMHpD5CXVgF0z0TB5Ts0JXwm2M6CZy,rKvy7X6x04vqXo0ITCTskRpLMRNQzFrsZ85,e3063a25-c407-4648-a72e-bee284c1c48e,47363cb4-a9cb-4102-ba21-2b31ca00e087,Test@123,PASS
781acb05-138d-4b8b-b0e9-07d26c3f024d,cspperf_user20876@cspperf.com,00a291e5-e699-40a3-94ba-fc80b697f486:91650b13-d26d-4930-84e8-5150f858a462,cspperf_user20876@cspperf.com,PjkcjeJzGwM0PBnRaALlJhSsMsLIR8ybPDgfAsUrIROoC9RXO2PuBoaRCkDtg5EX,rKvy7X6x04vqXo0ITCTskRpLMRNQzFrsZ85,e3063a25-c407-4648-a72e-bee284c1c48e,47363cb4-a9cb-4102-ba21-2b31ca00e087,Test@123,PASS
781acb05-138d-4b8b-b0e9-07d26c3f024d,cspperf_user20870@cspperf.com,00a291e5-e699-40a3-94ba-fc80b697f486:f859f639-0a52-4a70-aaf3-44ad69f9b7e6,cspperf_user20870@cspperf.com,m4EZ7pyU0slk1CKfRqPtFMvmVTUBhvxQ4pVqB3BNaagHoEvG4H1xF3phxWcRJL4t,rKvy7X6x04vqXo0ITCTskRpLMRNQzFrsZ85,e3063a25-c407-4648-a72e-bee284c1c48e,47363cb4-a9cb-4102-ba21-2b31ca00e087,Test@123,PASS
781acb05-138d-4b8b-b0e9-07d26c3f024d,cspperf_user20878@cspperf.com,00a291e5-e699-40a3-94ba-fc80b697f486:3b68206d-3757-48b2-b6c7-181d9ca9016a,cspperf_user20878@cspperf.com,Z9NdimhFrUM76GvpDtzfgeMdq-OohPIJfC2LMrYdyJlc5z5C22WRyUXoGwPG9mot,rKvy7X6x04vqXo0ITCTskRpLMRNQzFrsZ85,e3063a25-c407-4648-a72e-bee284c1c48e,47363cb4-a9cb-4102-ba21-2b31ca00e087,Test@123,PASS
781acb05-138d-4b8b-b0e9-07d26c3f024d,cspperf_user20873@cspperf.com,00a291e5-e699-40a3-94ba-fc80b697f486:bc3a2ab6-d5d3-41cf-8469-604fbd4eec66,cspperf_user20873@cspperf.com,xz8SJfEF3PkXxJIdaUed16qkXNCsG43YUoAv7OFhvkSa0dnfgvYc2BmrQ8y_UzA7,rKvy7X6x04vqXo0ITCTskRpLMRNQzFrsZ85,e3063a25-c407-4648-a72e-bee284c1c48e,47363cb4-a9cb-4102-ba21-2b31ca00e087,Test@123,PASS
781acb05-138d-4b8b-b0e9-07d26c3f024d,cspperf_user20877@cspperf.com,00a291e5-e699-40a3-94ba-fc80b697f486:f3ae7cf3-924e-458e-aafb-406aba8c8450,cspperf_user20877@cspperf.com,3HN6ZpObmnboEuE8AlIV2wnwx0GskfR7gWlKZSwuWS_MMvFobaefbeuNexb9Q4ML,rKvy7X6x04vqXo0ITCTskRpLMRNQzFrsZ85,e3063a25-c407-4648-a72e-bee284c1c48e,47363cb4-a9cb-4102-ba21-2b31ca00e087,Test@123,PASS
781acb05-138d-4b8b-b0e9-07d26c3f024d,cspperf_user20874@cspperf.com,00a291e5-e699-40a3-94ba-fc80b697f486:c82a5d74-24b4-461d-97ca-b6a48653920c,cspperf_user20874@cspperf.com,yZjK24EwOvOukZaF0fGyUabyqHo9BxxIXfz2y6-0s7V2qL2lK1W9Ug1G2A7-E8MQ,rKvy7X6x04vqXo0ITCTskRpLMRNQzFrsZ85,e3063a25-c407-4648-a72e-bee284c1c48e,47363cb4-a9cb-4102-ba21-2b31ca00e087,Test@123,PASS
781acb05-138d-4b8b-b0e9-07d26c3f024d,cspperf_user20875@cspperf.com,00a291e5-e699-40a3-94ba-fc80b697f486:6f02a2c6-5895-4afe-883c-2e3df47b42ba,cspperf_user20875@cspperf.com,zn_GnnCjU_LQm4xbCUEPPVXNFYybMUPead3FicSs_Yxk_NKa2-8uNJS2eUTxGMqZ,rKvy7X6x04vqXo0ITCTskRpLMRNQzFrsZ85,e3063a25-c407-4648-a72e-bee284c1c48e,47363cb4-a9cb-4102-ba21-2b31ca00e087,Test@123,PASS
781acb05-138d-4b8b-b0e9-07d26c3f024d,cspperf_user20879@cspperf.com,00a291e5-e699-40a3-94ba-fc80b697f486:dbf664f6-9f6b-4eb9-a279-a5830cac3f51,cspperf_user20879@cspperf.com,kflKVIKmY667B-1ra1LLuIxTdcWjmDmDJTf760yEtaMZFFag6cb_bPJAB1on6kzy,rKvy7X6x04vqXo0ITCTskRpLMRNQzFrsZ85,e3063a25-c407-4648-a72e-bee284c1c48e,47363cb4-a9cb-4102-ba21-2b31ca00e087,Test@123,PASS
781acb05-138d-4b8b-b0e9-07d26c3f024d,cspperf_user20882@cspperf.com,00a291e5-e699-40a3-94ba-fc80b697f486:2062ecd1-5ab2-49f9-9910-a0df18076d2c,cspperf_user20882@cspperf.com,M6vdPgnhW9appirTJVSx4MjTO3hpQJQE1GYQEwxpM53R9kLQDUDDB2pBvnyZUq63,rKvy7X6x04vqXo0ITCTskRpLMRNQzFrsZ85,e3063a25-c407-4648-a72e-bee284c1c48e,47363cb4-a9cb-4102-ba21-2b31ca00e087,Test@123,PASS
781acb05-138d-4b8b-b0e9-07d26c3f024d,cspperf_user20880@cspperf.com,00a291e5-e699-40a3-94ba-fc80b697f486:54b7bb7e-0655-4237-bd89-4554fc0559c5,cspperf_user20880@cspperf.com,iOFuST27kalHGqMfrkea0MYTneqqj7I2PzYfoQHLgeInfeTremp_cLA30Wxni0c3,rKvy7X6x04vqXo0ITCTskRpLMRNQzFrsZ85,e3063a25-c407-4648-a72e-bee284c1c48e,47363cb4-a9cb-4102-ba21-2b31ca00e087,Test@123,PASS
781acb05-138d-4b8b-b0e9-07d26c3f024d,cspperf_user20892@cspperf.com,00a291e5-e699-40a3-94ba-fc80b697f486:6deea749-13d8-4ab7-b28b-349b03cb56fa,cspperf_user20892@cspperf.com,WoY-Z8V-yuE4c5mkKKnT63LlbWwEVY_8J3cF6RFUMfQEKtwy17YHwlNyD5kAQncz,rKvy7X6x04vqXo0ITCTskRpLMRNQzFrsZ85,e3063a25-c407-4648-a72e-bee284c1c48e,47363cb4-a9cb-4102-ba21-2b31ca00e087,Test@123,PASS
781acb05-138d-4b8b-b0e9-07d26c3f024d,cspperf_user20893@cspperf.com,00a291e5-e699-40a3-94ba-fc80b697f486:4f81414d-af19-4a8d-aa49-e64afc2e4d17,cspperf_user20893@cspperf.com,nMAeVL9l2EipnCrbE-ZWDiXKPHIIZDPX_2M35BON7hmsnEozVM3YQPtjMrWIVDEk,rKvy7X6x04vqXo0ITCTskRpLMRNQzFrsZ85,e3063a25-c407-4648-a72e-bee284c1c48e,47363cb4-a9cb-4102-ba21-2b31ca00e087,Test@123,PASS
781acb05-138d-4b8b-b0e9-07d26c3f024d,cspperf_user20891@cspperf.com,00a291e5-e699-40a3-94ba-fc80b697f486:45f4943f-73dd-4999-a9fb-28eeee7cb641,cspperf_user20891@cspperf.com,S1rNaKoZ9S7QfYjQy3Y5oYbeoSCihxBc4_huutyHwXhsqMg0meAvgrnW1Eqgk0W1,rKvy7X6x04vqXo0ITCTskRpLMRNQzFrsZ85,e3063a25-c407-4648-a72e-bee284c1c48e,47363cb4-a9cb-4102-ba21-2b31ca00e087,Test@123,PASS
781acb05-138d-4b8b-b0e9-07d26c3f024d,cspperf_user20886@cspperf.com,00a291e5-e699-40a3-94ba-fc80b697f486:0413c0fb-ca3e-4c12-9759-825b9fa585ef,cspperf_user20886@cspperf.com,bRvLuffoozDyMJt3cimHljeISs3SF8cka1uiypyBL4jHkeme_Eim1csyfC9YdehB,rKvy7X6x04vqXo0ITCTskRpLMRNQzFrsZ85,e3063a25-c407-4648-a72e-bee284c1c48e,47363cb4-a9cb-4102-ba21-2b31ca00e087,Test@123,PASS
781acb05-138d-4b8b-b0e9-07d26c3f024d,cspperf_user20889@cspperf.com,00a291e5-e699-40a3-94ba-fc80b697f486:734e4fb2-b8d0-477d-bb5d-f42df89a70be,cspperf_user20889@cspperf.com,LWefT0-S3zhqZUkD8DEZc4nfFUaR_Sy3AT0kMFZd5O1aXWhrTDEhtqure-_UJKd1,rKvy7X6x04vqXo0ITCTskRpLMRNQzFrsZ85,e3063a25-c407-4648-a72e-bee284c1c48e,47363cb4-a9cb-4102-ba21-2b31ca00e087,Test@123,PASS
781acb05-138d-4b8b-b0e9-07d26c3f024d,cspperf_user20888@cspperf.com,00a291e5-e699-40a3-94ba-fc80b697f486:b2095d42-3d62-43a6-9572-962b1d3eb76d,cspperf_user20888@cspperf.com,FgaXpgb6Pb85azJvTk9514bqMY124AeVhFZz6gj7bSa9namY0BBAu_3l45D9UwVp,rKvy7X6x04vqXo0ITCTskRpLMRNQzFrsZ85,e3063a25-c407-4648-a72e-bee284c1c48e,47363cb4-a9cb-4102-ba21-2b31ca00e087,Test@123,PASS
781acb05-138d-4b8b-b0e9-07d26c3f024d,cspperf_user20884@cspperf.com,00a291e5-e699-40a3-94ba-fc80b697f486:a9430350-fda8-4738-afb3-e22e1abeba4d,cspperf_user20884@cspperf.com,c6agfBwVGx5vTOjXIam0tskr4sCVCQz0H8hMyvsT_EAQoaguJdLZYHRrr_dyx1H-,rKvy7X6x04vqXo0ITCTskRpLMRNQzFrsZ85,e3063a25-c407-4648-a72e-bee284c1c48e,47363cb4-a9cb-4102-ba21-2b31ca00e087,Test@123,PASS
781acb05-138d-4b8b-b0e9-07d26c3f024d,cspperf_user20890@cspperf.com,00a291e5-e699-40a3-94ba-fc80b697f486:e436c12a-5872-4653-857e-72d3c781a480,cspperf_user20890@cspperf.com,VYX5MFpeYoC1ZmVW7wNg9uKvyfFkJfAt2w139AIZJ7Rg4fWhbS171iTvHJkOe88M,rKvy7X6x04vqXo0ITCTskRpLMRNQzFrsZ85,e3063a25-c407-4648-a72e-bee284c1c48e,47363cb4-a9cb-4102-ba21-2b31ca00e087,Test@123,PASS
781acb05-138d-4b8b-b0e9-07d26c3f024d,cspperf_user20887@cspperf.com,00a291e5-e699-40a3-94ba-fc80b697f486:3a207c87-b5c8-48ba-8338-e4558a788a2a,cspperf_user20887@cspperf.com,09rjXALlD2LeUfHs10InZSpD3KZaM8shfrx3uReHPVZETgHSJyzMHBFgnU7dBaIw,rKvy7X6x04vqXo0ITCTskRpLMRNQzFrsZ85,e3063a25-c407-4648-a72e-bee284c1c48e,47363cb4-a9cb-4102-ba21-2b31ca00e087,Test@123,PASS
781acb05-138d-4b8b-b0e9-07d26c3f024d,cspperf_user20883@cspperf.com,00a291e5-e699-40a3-94ba-fc80b697f486:61b9723c-020f-4170-b7c7-afa82ca980b7,cspperf_user20883@cspperf.com,1pX_UCSqQlg9ctUQyPkvNBPi4o-qVXPSAJtoHB56bFIs2ddgbmBHvztScOqyX0zv,rKvy7X6x04vqXo0ITCTskRpLMRNQzFrsZ85,e3063a25-c407-4648-a72e-bee284c1c48e,47363cb4-a9cb-4102-ba21-2b31ca00e087,Test@123,PASS
781acb05-138d-4b8b-b0e9-07d26c3f024d,cspperf_user20881@cspperf.com,00a291e5-e699-40a3-94ba-fc80b697f486:c7872e65-0d8c-40d7-97b3-c69b96a50adc,cspperf_user20881@cspperf.com,iBra_09WYTcdYJv35ez0M5HDSMUbsudJfV5vZC8stehPEme_l-idOd4XYpiP-Qcq,rKvy7X6x04vqXo0ITCTskRpLMRNQzFrsZ85,e3063a25-c407-4648-a72e-bee284c1c48e,47363cb4-a9cb-4102-ba21-2b31ca00e087,Test@123,PASS
781acb05-138d-4b8b-b0e9-07d26c3f024d,cspperf_user20885@cspperf.com,00a291e5-e699-40a3-94ba-fc80b697f486:03153d1a-b403-4fba-aeb0-2228f9f55499,cspperf_user20885@cspperf.com,9WMjT3YzWEXiB0DTosgqm5cMCzGKFoHQOAr3ropUrUIQQ9oj3ZwS5IwbRYde4ZKU,rKvy7X6x04vqXo0ITCTskRpLMRNQzFrsZ85,e3063a25-c407-4648-a72e-bee284c1c48e,47363cb4-a9cb-4102-ba21-2b31ca00e087,Test@123,PASS
781acb05-138d-4b8b-b0e9-07d26c3f024d,cspperf_user20896@cspperf.com,00a291e5-e699-40a3-94ba-fc80b697f486:fdab259b-f54b-488d-aa54-50d808f8ac14,cspperf_user20896@cspperf.com,DDhBrTkkv_Tn4G4HmIHzPpQQavv8H8fUgKxi3QuaTBoIuAvWaTVzvrDuIye4I2O4,rKvy7X6x04vqXo0ITCTskRpLMRNQzFrsZ85,e3063a25-c407-4648-a72e-bee284c1c48e,47363cb4-a9cb-4102-ba21-2b31ca00e087,Test@123,PASS
781acb05-138d-4b8b-b0e9-07d26c3f024d,cspperf_user20894@cspperf.com,00a291e5-e699-40a3-94ba-fc80b697f486:fe28faac-ba52-479b-93fb-22d0ec339017,cspperf_user20894@cspperf.com,U34U5HvzWXyeDb4BQd4S8gKXFncnb26m25TgmzoXYFsz2rX0A5XnWh8j89CGAkH7,rKvy7X6x04vqXo0ITCTskRpLMRNQzFrsZ85,e3063a25-c407-4648-a72e-bee284c1c48e,47363cb4-a9cb-4102-ba21-2b31ca00e087,Test@123,PASS
781acb05-138d-4b8b-b0e9-07d26c3f024d,cspperf_user20895@cspperf.com,00a291e5-e699-40a3-94ba-fc80b697f486:18a979bc-5b3c-48c1-8942-cfdf16063f5e,cspperf_user20895@cspperf.com,9ZNdi7gmpehgfvQQAhLTNtoXDAT75lFe-uHd6qDV14xuiT9DBbVwIiKlVN2Ev-nY,rKvy7X6x04vqXo0ITCTskRpLMRNQzFrsZ85,e3063a25-c407-4648-a72e-bee284c1c48e,47363cb4-a9cb-4102-ba21-2b31ca00e087,Test@123,PASS
781acb05-138d-4b8b-b0e9-07d26c3f024d,cspperf_user20898@cspperf.com,00a291e5-e699-40a3-94ba-fc80b697f486:9586c155-b496-4991-8862-6ce1fe280cb4,cspperf_user20898@cspperf.com,CYvJsw62V_FXsLM02t8--zKHDxhhW5_6WvVGr7nWMrpAsLx5tTcPlEhYRxi9Nx6i,rKvy7X6x04vqXo0ITCTskRpLMRNQzFrsZ85,e3063a25-c407-4648-a72e-bee284c1c48e,47363cb4-a9cb-4102-ba21-2b31ca00e087,Test@123,PASS
781acb05-138d-4b8b-b0e9-07d26c3f024d,cspperf_user20899@cspperf.com,00a291e5-e699-40a3-94ba-fc80b697f486:6e2238ce-95ce-4a04-aaca-770fc50ad2bd,cspperf_user20899@cspperf.com,SUmQomzsQp5kc06lWfcf2-Sc6y9i_S4w-Zut5_ATDHHeagHrPogIPhU4oiq11TGB,rKvy7X6x04vqXo0ITCTskRpLMRNQzFrsZ85,e3063a25-c407-4648-a72e-bee284c1c48e,47363cb4-a9cb-4102-ba21-2b31ca00e087,Test@123,PASS
781acb05-138d-4b8b-b0e9-07d26c3f024d,cspperf_user20902@cspperf.com,00a291e5-e699-40a3-94ba-fc80b697f486:6d44a57c-3ca0-4f8a-b86b-b094fb377f4f,cspperf_user20902@cspperf.com,=-DbhHloT7ayVf9FTIuuN4pwFkjgUtU05TKxXMq32lhmaUCpujjFnlBIKSmwF_SaZ,rKvy7X6x04vqXo0ITCTskRpLMRNQzFrsZ85,e3063a25-c407-4648-a72e-bee284c1c48e,47363cb4-a9cb-4102-ba21-2b31ca00e087,Test@123,PASS
781acb05-138d-4b8b-b0e9-07d26c3f024d,cspperf_user20901@cspperf.com,00a291e5-e699-40a3-94ba-fc80b697f486:9a5814bf-dd61-4d5c-ae49-ead35c655c77,cspperf_user20901@cspperf.com,ps5kq8ipUYEzPIq55vA6xrSTMrvw00cZohPUsuZyfBCwOss45YSg6pvlZ4wEKjUf,rKvy7X6x04vqXo0ITCTskRpLMRNQzFrsZ85,e3063a25-c407-4648-a72e-bee284c1c48e,47363cb4-a9cb-4102-ba21-2b31ca00e087,Test@123,PASS
781acb05-138d-4b8b-b0e9-07d26c3f024d,cspperf_user20897@cspperf.com,00a291e5-e699-40a3-94ba-fc80b697f486:2334033a-a854-48b0-a83b-bc3620c34d76,cspperf_user20897@cspperf.com,qUXIikunF-YeHrYwjTwgVvfJSYZwIqrfD2VqY4RwQo2QkOdH9x0FE2NvWqLVHrpg,rKvy7X6x04vqXo0ITCTskRpLMRNQzFrsZ85,e3063a25-c407-4648-a72e-bee284c1c48e,47363cb4-a9cb-4102-ba21-2b31ca00e087,Test@123,PASS
781acb05-138d-4b8b-b0e9-07d26c3f024d,cspperf_user20903@cspperf.com,00a291e5-e699-40a3-94ba-fc80b697f486:0373c558-23ee-44ac-8e23-030fdec2f8ba,cspperf_user20903@cspperf.com,uZmucOpkdDPaVaFQd5ilQJsPEt5WlteVwgK0Aw806H5Pwb7RH1bq5Lf2AS_bppO7,rKvy7X6x04vqXo0ITCTskRpLMRNQzFrsZ85,e3063a25-c407-4648-a72e-bee284c1c48e,47363cb4-a9cb-4102-ba21-2b31ca00e087,Test@123,PASS
781acb05-138d-4b8b-b0e9-07d26c3f024d,cspperf_user20900@cspperf.com,00a291e5-e699-40a3-94ba-fc80b697f486:d9cddf41-2ece-4cce-8e9a-cadccb1b0acc,cspperf_user20900@cspperf.com,74WiKZ3wTCxaYss_uHgz-2Z0t_-rThUGgriXbFeRqWA8UvVofGbnnTQHO-MQN957,rKvy7X6x04vqXo0ITCTskRpLMRNQzFrsZ85,e3063a25-c407-4648-a72e-bee284c1c48e,47363cb4-a9cb-4102-ba21-2b31ca00e087,Test@123,PASS